source1_entity_id	missed_target_id
S1-889960851	S2-31217983
S1-889960851	S3-136499130
S1-889960851	S2-635076755
S1-6361374	S2-561348698
S1-6361374	S3-109086022
S1-6361374	S2-138518370
S1-552263704	S3-153333087
S1-819892436	S2-351121665
S1-819892436	S3-493276083
S1-537553651	S2-798786208
S1-537553651	S2-440805854
S1-537553651	S3-71345236
S1-537553651	S3-637929082
S1-933499913	S3-181977369
S1-933499913	S2-674994814
S1-671167145	S3-770475389
S1-671167145	S3-427074681
S1-671167145	S3-993604729
S1-378889766	S3-268368788
S1-770602468	S3-476992129
S1-233038073	S3-487515327
S1-233038073	S3-822690607
S1-74278435	S2-252230497
S1-74278435	S2-754732527
S1-74278435	S2-964443246
S1-208206501	S3-342086813
S1-455389236	S3-134993505
S1-455389236	S3-153730549
S1-555797419	S3-687203925
S1-555797419	S3-494527435
S1-555797419	S3-21442138
S1-555797419	S3-800120182
S1-509018569	S3-191575162
S1-509018569	S3-780964993
S1-376097534	S2-31858546
S1-718254510	S3-780390363
S1-718254510	S3-43163626
S1-718254510	S2-376749009
S1-718254510	S3-37646438
S1-718254510	S3-768229122
S1-68349134	S2-498501096
S1-583030379	S3-919622959
S1-583030379	S2-932738611
S1-583030379	S2-303404278
S1-684568131	S2-453213173
S1-526977952	S3-687417443
S1-472948337	S2-479638444
S1-472948337	S2-737450239
S1-739796657	S2-838700112
S1-109730357	S2-179016204
S1-361492398	S3-459202104
S1-417642464	S2-362117989
S1-568887110	S3-439716260
S1-484356107	S3-342868537
S1-635568562	S3-55664816
S1-635568562	S3-21619471
S1-799050999	S3-341482219
S1-92148109	S3-638971611
S1-92148109	S2-5864526
S1-92148109	S3-261059740
S1-123235107	S2-867539030
S1-827774819	S2-517643835
S1-827774819	S2-451514118
S1-544187171	S2-369037140
S1-544187171	S3-282728385
S1-359849957	S3-880093289
S1-882533906	S3-219070464
S1-882533906	S3-65213824
S1-882533906	S3-654420237
S1-970346127	S3-275896362
S1-970346127	S3-647235787
S1-970346127	S3-600984915
S1-494355514	S3-52541636
S1-426518335	S2-82482874
S1-114010624	S2-340546799
S1-114010624	S2-271993604
S1-806753084	S2-473159756
S1-904103518	S2-239609108
S1-544872345	S3-458099845
S1-544872345	S3-405843020
S1-544872345	S2-266507915
S1-544872345	S2-842878076
S1-801295829	S2-833385
S1-801295829	S3-967937286
S1-801295829	S2-227810127
S1-801295829	S2-79380129
S1-115560570	S2-350595878
S1-365683513	S3-376272073
S1-73079656	S3-80873408
S1-733514279	S2-725120574
S1-733514279	S3-470743580
S1-579351857	S2-908582580
S1-604400258	S2-433857545
S1-604400258	S2-418811147
S1-353690645	S3-317319813
S1-250160495	S3-701616893
S1-747404502	S2-104060189
S1-208583439	S3-115344270
S1-208583439	S3-280999488
S1-208583439	S2-614419379
S1-557890716	S3-233845084
S1-797842955	S2-688058180
S1-797842955	S3-947392880
S1-797842955	S2-739067285
S1-797842955	S3-176477081
S1-797842955	S2-587500429
S1-741794047	S3-173753683
S1-974059271	S2-50297996
S1-974059271	S3-316068571
S1-974059271	S2-185980061
S1-974059271	S2-705265228
S1-132549391	S2-326274860
S1-132549391	S3-252580016
S1-132549391	S3-868424612
S1-132549391	S3-502068137
S1-742123360	S2-291373206
S1-742123360	S3-926277196
S1-708848568	S2-714140996
S1-139101804	S2-363584709
S1-706691846	S3-31368137
S1-781178106	S3-250078786
S1-696955193	S2-508491699
S1-654769440	S3-811745418
S1-909106840	S3-687993846
S1-466707752	S3-662948908
S1-466707752	S3-336090414
S1-466707752	S3-905907182
S1-466707752	S3-339321227
S1-466707752	S3-739745278
S1-466707752	S2-368437694
S1-466707752	S2-442849311
S1-51142844	S3-663313891
S1-137827062	S2-993413268
S1-137827062	S2-659956430
S1-137827062	S3-198574949
S1-205737787	S3-47808753
S1-594751939	S2-872313596
S1-594751939	S3-479621777
S1-594751939	S3-565550201
S1-430721258	S3-557554787
S1-430721258	S3-449863978
S1-797869549	S3-251627767
S1-774496687	S3-719963648
S1-774496687	S3-631928643
S1-626984520	S2-368260979
S1-626984520	S3-123253208
S1-549279981	S3-389468056
S1-870549169	S2-40488414
S1-98044750	S2-687665558
S1-98044750	S3-668790666
S1-211421276	S3-512487868
S1-211421276	S3-844211339
S1-957797239	S3-130656252
S1-422196906	S3-469520360
S1-110356635	S2-995855729
S1-600713890	S2-171047234
S1-915743615	S2-671974803
S1-638541415	S2-795590316
S1-638541415	S3-571958778
S1-638541415	S3-775110382
S1-457792505	S3-917030754
S1-803372502	S2-87121576
S1-367730910	S3-152489774
S1-367730910	S2-361511645
S1-411311669	S2-34666150
S1-876102895	S2-358560681
S1-876102895	S3-949391374
S1-964335325	S2-861770488
S1-964335325	S3-783771034
S1-191918588	S3-394033060
S1-69853656	S3-196061194
S1-381673221	S2-630554130
S1-381673221	S3-436943818
S1-381673221	S3-810868128
S1-160423552	S3-954941055
S1-576704867	S3-732703562
S1-61453114	S3-119851758
S1-61453114	S3-944488529
S1-955268903	S3-615255591
S1-468563978	S2-530141498
S1-655447528	S2-592544961
S1-655447528	S3-548411740
S1-655447528	S2-368356699
S1-10562999	S3-420549830
S1-269277108	S3-241339791
S1-27873232	S3-235492673
S1-396099074	S3-901969969
S1-396099074	S2-812975424
S1-396099074	S3-135267786
S1-396099074	S3-626518322
S1-592964615	S2-706732506
S1-592964615	S2-758994776
S1-592964615	S3-597359790
S1-592964615	S3-123949513
S1-482166911	S3-360892696
S1-891217005	S3-470953657
S1-891217005	S2-39768550
S1-891217005	S2-132391753
S1-891217005	S2-738878667
S1-891217005	S3-125132345
S1-172878456	S3-699443698
S1-820445179	S3-720248676
S1-820445179	S2-456383589
S1-820445179	S2-944959847
S1-854362884	S2-236224947
S1-593885023	S3-364059051
S1-593885023	S3-52693827
S1-969888445	S2-745710946
S1-969888445	S2-568328962
S1-969888445	S3-890025637
S1-586861535	S2-480886100
S1-666696884	S2-381551110
S1-754472084	S2-578610113
S1-220998408	S2-929491518
S1-220998408	S2-591977495
S1-385306232	S2-533972180
S1-385306232	S3-198663921
S1-385306232	S3-989503294
S1-466538277	S3-338120220
S1-466538277	S3-927383571
S1-466538277	S2-648394823
S1-864280286	S3-908350802
S1-864280286	S2-371073212
S1-371528295	S2-689031692
S1-515660388	S2-704368005
S1-223621002	S2-457460018
S1-223621002	S2-261760803
S1-223621002	S2-685368794
S1-771890378	S3-763324054
S1-771890378	S3-738420004
S1-771890378	S2-187494363
S1-771890378	S2-32289352
S1-334574057	S2-179427279
S1-334574057	S3-333925479
S1-334574057	S2-934524788
S1-638284953	S2-998752921
S1-420953500	S3-778214151
S1-562830137	S3-569942405
S1-562830137	S2-883248332
S1-562830137	S2-20688064
S1-952462631	S3-148570160
S1-31525301	S3-893991963
S1-95051037	S3-403909884
S1-95051037	S3-404444141
S1-95051037	S3-827563060
S1-354124691	S3-199835666
S1-270078799	S3-361743546
S1-947578551	S3-281819100
S1-343780236	S3-86614373
S1-343780236	S3-234705130
S1-343780236	S2-418495897
S1-343780236	S2-432050649
S1-826946819	S2-629368912
S1-635366554	S3-513735697
S1-635366554	S3-418470671
S1-757221088	S3-918360201
S1-109528713	S2-543499386
S1-225484786	S3-712830173
S1-225484786	S3-810031305
S1-643771150	S3-77054276
S1-703332459	S3-127913437
S1-703332459	S3-728117377
S1-844695327	S3-284268647
S1-844695327	S2-61369189
S1-844695327	S2-101279729
S1-844695327	S2-130584338
S1-265482925	S3-864406265
S1-747858861	S2-566754139
S1-747858861	S2-504952513
S1-747858861	S3-48004486
S1-747858861	S3-860606824
S1-846545300	S2-64361621
S1-846545300	S3-33490322
S1-294674945	S2-483256207
S1-294674945	S2-116515218
S1-778331493	S2-541748436
S1-112082169	S2-646298821
S1-313068801	S2-373718642
S1-897823094	S3-97803705
S1-897823094	S3-688052823
S1-897823094	S2-648220022
S1-670442495	S2-927013690
S1-727914221	S2-63109081
S1-761490019	S3-881330982
S1-761490019	S3-802254457
S1-761490019	S3-66144060
S1-761490019	S3-216570290
S1-161174809	S3-338288212
S1-161174809	S2-691114795
S1-161174809	S2-31823746
S1-161174809	S2-142351662
S1-51162704	S3-398476773
S1-120806809	S3-635526055
S1-192390561	S2-42268740
S1-192390561	S3-208613205
S1-192390561	S2-299921512
S1-192390561	S3-36050097
S1-113912162	S2-483128236
S1-113912162	S2-969764308
S1-113912162	S3-612923185
S1-113912162	S3-684488173
S1-319316180	S2-177592207
S1-823982297	S2-61610601
S1-715625404	S3-163684336
S1-787123243	S2-348473525
S1-745163475	S2-825093860
S1-745163475	S2-611016489
S1-524834519	S2-417549211
S1-335224702	S3-21286578
S1-760894544	S2-601701417
S1-760894544	S3-337280323
S1-147954557	S2-183096708
S1-147954557	S3-256515715
S1-147954557	S3-609821236
S1-317003120	S2-3886075
S1-317003120	S3-823556457
S1-375167133	S2-422907445
S1-956654950	S2-870785757
S1-956654950	S2-686612812
S1-956654950	S3-360449435
S1-926359415	S3-559800869
S1-754979103	S3-75771741
S1-726541537	S3-849180174
S1-134245633	S3-759850254
S1-134245633	S3-323107480
S1-134245633	S2-708012774
S1-366250070	S2-668835247
S1-504679939	S3-456160107
S1-504679939	S2-83449815
S1-504679939	S2-22971551
S1-321651269	S2-6566851
S1-411772413	S2-61258829
S1-550258105	S3-262989956
S1-550258105	S3-298174669
S1-550258105	S2-950618465
S1-966322299	S2-37329371
S1-205484367	S3-403019249
S1-205484367	S3-393488944
S1-205484367	S3-449820122
S1-774263165	S3-620270115
S1-774263165	S2-380654533
S1-774263165	S3-215382738
S1-774263165	S3-650339626
S1-415483272	S3-845187884
S1-415483272	S2-983973511
S1-415483272	S2-936191748
S1-415483272	S2-123707697
S1-982076527	S3-524006153
S1-593083389	S2-208869657
S1-32393568	S2-691460562
S1-32393568	S2-886683318
S1-487797292	S2-417815714
S1-959053505	S2-14571692
S1-959053505	S2-850802314
S1-275433517	S2-244135353
S1-829445751	S2-589242947
S1-603624163	S2-142492955
S1-688667182	S3-145494034
S1-42507694	S3-812786182
S1-42507694	S3-366272836
S1-42507694	S2-483903639
S1-42507694	S2-457732241
S1-614941580	S3-989400646
S1-614941580	S3-466523969
S1-614941580	S3-770071042
S1-276957743	S3-91748643
S1-418087772	S2-979145870
S1-448202474	S2-895620753
S1-448202474	S2-846584451
S1-584909592	S2-133854086
S1-723848819	S3-781029845
S1-732113938	S2-149135156
S1-732113938	S3-898753225
S1-772862318	S2-360065712
S1-301926213	S2-42089977
S1-540915004	S2-711763299
S1-476139769	S3-62145840
S1-476139769	S3-574377324
S1-312126816	S2-59545773
S1-312126816	S2-94794561
S1-312126816	S3-847002613
S1-859802088	S2-847703876
S1-859802088	S2-296717264
S1-859802088	S2-194597312
S1-859802088	S2-183064356
S1-91240758	S2-598196214
S1-91240758	S3-586046466
S1-91240758	S2-331234058
S1-91240758	S3-619599434
S1-211938096	S2-695063332
S1-211938096	S3-769887714
S1-94112667	S2-414188173
S1-94112667	S2-740994501
S1-389286219	S2-60276029
S1-389286219	S2-846180083
S1-389286219	S2-823893391
S1-389286219	S2-801810987
S1-688196944	S2-930255722
S1-688196944	S2-50669970
S1-688196944	S2-942437306
S1-688196944	S2-411682876
S1-688196944	S3-859404451
S1-688196944	S3-881028508
S1-861131921	S3-487523321
S1-807499574	S2-78808655
S1-335008121	S2-846454246
S1-43129801	S3-542394473
S1-43129801	S2-423052009
S1-43129801	S3-182145694
S1-431484917	S2-622364440
S1-469657341	S2-796211512
S1-731576171	S2-836436897
S1-503583458	S3-475468793
S1-358869588	S3-311164963
S1-137543595	S2-852549848
S1-137543595	S3-601694425
S1-137543595	S3-955584371
S1-236526247	S3-530801281
S1-105158658	S2-526382371
S1-928887597	S2-32922312
S1-454328963	S3-470962544
S1-454328963	S3-173638441
S1-454328963	S2-920753232
S1-61652129	S2-317626295
S1-61652129	S3-798676484
S1-109135358	S3-212582175
S1-963227312	S2-995105336
S1-963227312	S3-847825305
S1-560277903	S3-548670813
S1-560277903	S2-151506702
S1-560277903	S3-527662069
S1-549479158	S2-280290420
S1-549479158	S2-73552141
S1-549479158	S2-866945697
S1-976334171	S2-225266961
S1-305130246	S2-751892852
S1-283277670	S3-40864881
S1-283277670	S2-430406970
S1-283277670	S3-527758991
S1-283277670	S3-406747965
S1-283277670	S2-201458509
S1-283277670	S2-972895499
S1-656204470	S3-659338276
S1-390561516	S3-427060069
S1-390561516	S2-852088940
S1-390561516	S2-933863436
S1-390561516	S3-476409487
S1-874299249	S3-560762094
S1-874299249	S2-463584708
S1-874299249	S2-454376172
S1-874299249	S2-562149108
S1-407822136	S2-986464066
S1-897528819	S2-304316772
S1-897528819	S3-886666737
S1-897528819	S3-744691615
S1-897528819	S3-229672085
S1-52832417	S3-801942824
S1-524968386	S2-230403275
S1-524968386	S3-270645942
S1-936319400	S3-639186353
S1-936319400	S3-860735855
S1-797170265	S3-72619999
S1-797170265	S2-825041394
S1-412569855	S3-348795093
S1-412569855	S3-876400736
S1-708322455	S3-641633854
S1-708322455	S2-172757966
S1-708322455	S3-105538491
S1-368755503	S3-41036434
S1-149539054	S3-386770674
S1-970509803	S2-76153532
S1-970509803	S2-375951723
S1-970509803	S3-643182605
S1-328469081	S2-462486901
S1-141047316	S3-472649577
S1-141047316	S3-548057157
S1-141047316	S3-863924986
S1-141047316	S2-831009214
S1-141047316	S3-516279926
S1-141047316	S2-105664972
S1-580057157	S3-787450159
S1-580057157	S2-490795268
S1-580057157	S2-395566044
S1-584966374	S3-993533953
S1-791518093	S3-357407041
S1-791518093	S2-615910914
S1-791518093	S2-376806728
S1-217859842	S3-911689934
S1-217859842	S3-604609963
S1-217859842	S3-678957914
S1-907661982	S3-174611539
S1-423596859	S3-439952295
S1-423596859	S2-945254397
S1-423596859	S3-255353460
S1-218960066	S3-580381031
S1-233647310	S2-372915158
S1-975338968	S3-866251391
S1-225242270	S2-116159611
S1-225242270	S3-204294077
S1-225242270	S3-687773783
S1-995503781	S2-202132021
S1-203962549	S2-310235720
S1-447272683	S2-826584038
S1-938427913	S3-598575855
S1-938510897	S3-453127417
S1-938510897	S2-635957489
S1-549839380	S3-70408880
S1-227937550	S3-424496169
S1-227937550	S2-711435999
S1-713833186	S2-553980869
S1-713833186	S2-890344984
S1-713833186	S3-868573598
S1-713833186	S3-776988445
S1-713833186	S2-158607212
S1-713833186	S3-229796577
S1-713833186	S3-951533362
S1-436330593	S2-55557612
S1-395760347	S2-665162521
S1-647697970	S2-118473283
S1-300476152	S2-869485126
S1-300476152	S3-443920763
S1-621211755	S2-798879495
S1-621211755	S2-761274006
S1-386007904	S2-455415711
S1-282590425	S3-688873225
S1-282590425	S2-45208913
S1-800310626	S3-332763526
S1-800310626	S2-856982768
S1-415109369	S3-803657576
S1-266599342	S3-700909534
S1-266599342	S3-435491615
S1-266599342	S3-346064393
S1-266599342	S3-912421568
S1-497066812	S3-457149818
S1-582211575	S3-84035567
S1-624809420	S3-370885817
S1-469357754	S3-203949265
S1-469357754	S3-554809532
S1-722852135	S2-6850159
S1-109499578	S3-36267934
S1-109499578	S3-512960817
S1-109499578	S2-184320389
S1-109499578	S3-853688216
S1-587794530	S2-916361602
S1-986941006	S2-407867049
S1-986941006	S3-715830707
S1-986941006	S2-552124544
S1-272314918	S2-417835193
S1-312490966	S2-43767428
S1-428724919	S3-643537542
S1-428724919	S3-655021156
S1-15285542	S3-606745717
S1-15285542	S3-64621693
S1-15285542	S3-82274276
S1-534819669	S2-754237423
S1-534819669	S2-890219860
S1-945725261	S3-344542585
S1-590486740	S2-641895680
S1-590486740	S2-874077714
S1-590486740	S2-390310556
S1-590486740	S2-108840968
S1-430970876	S2-969795864
S1-370895167	S3-661647535
S1-202246905	S3-635601280
S1-442997226	S3-187865395
S1-346550547	S2-98138027
S1-651674468	S3-313274286
S1-327451146	S2-997486739
S1-693727002	S3-730665939
S1-693727002	S2-933196158
S1-268097493	S3-921107267
S1-595699986	S3-440232865
S1-831341492	S2-458188938
S1-831341492	S3-228158462
S1-81036953	S3-682948474
S1-67038099	S2-320593467
S1-982816463	S2-316123776
S1-675340779	S2-106520820
S1-675340779	S2-609125120
S1-674268950	S3-429058321
S1-570298720	S2-796710024
S1-570298720	S3-979940516
S1-570298720	S2-592970688
S1-95503522	S3-54118837
S1-963171630	S3-600424669
S1-963171630	S3-985471336
S1-721195856	S3-34036268
S1-3150261	S2-14222191
S1-555081893	S2-962667707
S1-555081893	S3-103165893
S1-127952019	S3-177522372
S1-928373353	S2-864230623
S1-928373353	S2-205932254
S1-890385676	S2-678998335
S1-890385676	S2-291065324
S1-890385676	S3-144701730
S1-795860022	S3-130956298
S1-795860022	S3-736239861
S1-795860022	S2-167737773
S1-682940203	S2-136740336
S1-682940203	S2-832878258
S1-682940203	S2-282252464
S1-397624669	S3-841063006
S1-977391531	S2-970419640
S1-713967550	S3-361607493
S1-713967550	S2-516306372
S1-617568816	S2-985598503
S1-790849573	S2-716640244
S1-449531807	S3-323136752
S1-368450441	S3-825228193
S1-791729584	S2-781307799
S1-647615788	S2-264127166
S1-816224919	S3-782296905
S1-731756128	S3-606552878
S1-473026567	S2-260731563
S1-217360243	S3-617559127
S1-217360243	S3-894060060
S1-611583737	S2-79986974
S1-611583737	S3-852572533
S1-716921907	S3-225591278
S1-699510675	S3-622426945
S1-520018823	S3-588727905
S1-520018823	S2-433444044
S1-766417148	S3-614575774
S1-711275017	S2-407621859
S1-711275017	S3-897948133
S1-246501947	S2-749618432
S1-520814850	S2-744214664
S1-354680290	S2-240851836
S1-610667126	S2-625752128
S1-610667126	S2-30659701
S1-610667126	S3-567256839
S1-563792395	S2-418904478
S1-760249977	S2-508344015
S1-760249977	S3-310046552
S1-372734837	S2-753559696
S1-372734837	S2-840757416
S1-372734837	S3-8639934
S1-372734837	S2-79893328
S1-947599942	S3-31502081
S1-947599942	S2-80713073
S1-947599942	S2-574250576
S1-457911597	S3-239173617
S1-860778681	S2-499263497
S1-860778681	S2-66204831
S1-54016018	S2-692108529
S1-575188899	S2-725768958
S1-575188899	S3-422625678
S1-575188899	S3-91273072
S1-131494084	S3-261404851
S1-131494084	S3-370067108
S1-131494084	S3-942514066
S1-707968813	S3-43130037
S1-707968813	S2-974448412
S1-707968813	S2-382672549
S1-72259272	S2-257593635
S1-599677545	S2-256639513
S1-902979435	S3-620796234
S1-30884171	S2-749627050
S1-771528178	S3-376702676
S1-771528178	S3-791198275
S1-771528178	S2-948917775
S1-681838976	S3-870651670
S1-681838976	S2-498180273
S1-473637852	S2-707355210
S1-264119283	S2-556900986
S1-264119283	S3-744916145
S1-264119283	S2-486848280
S1-264119283	S2-558517605
S1-509707254	S2-919734437
S1-482438317	S2-780466936
S1-608486543	S3-227165195
S1-608486543	S3-967919774
S1-279560976	S3-362107147
S1-279560976	S3-762100800
S1-143202004	S3-476821842
S1-100604683	S2-23245997
S1-100604683	S3-63460732
S1-100604683	S3-194870856
S1-225102592	S3-21520254
S1-225102592	S2-399247821
S1-225102592	S2-233227472
S1-60083595	S3-286344290
S1-970232217	S2-436297657
S1-454741890	S2-193554038
S1-454741890	S2-956146264
S1-429385850	S3-986388390
S1-354535987	S3-987358505
S1-354535987	S3-229742634
S1-354535987	S2-632623569
S1-354535987	S2-383054221
S1-328631883	S3-813370834
S1-328631883	S3-270250742
S1-315682359	S2-260280311
S1-93237255	S3-962792856
S1-516041889	S3-513312831
S1-516041889	S3-740713929
S1-516041889	S2-604381126
S1-277055955	S2-5318283
S1-277055955	S3-405762843
S1-153350113	S3-552992772
S1-999967740	S2-557061071
S1-999967740	S3-341771284
S1-22383520	S2-675290876
S1-940721100	S3-645727244
S1-940721100	S3-412629676
S1-978774813	S2-401744164
S1-978774813	S3-365270940
S1-978774813	S3-710518359
S1-669455172	S2-433187748
S1-669455172	S3-973819296
S1-773738691	S3-12325181
S1-773738691	S3-468789236
S1-773738691	S3-273732201
S1-773738691	S3-586705370
S1-604983193	S3-143327796
S1-604983193	S3-229563469
S1-100806985	S2-917519523
S1-614263494	S3-238564620
S1-614263494	S2-407915887
S1-614263494	S3-896060526
S1-614263494	S2-395035225
S1-932652432	S2-380311760
S1-932652432	S2-91618604
S1-22479775	S3-963644879
S1-22479775	S2-843695128
S1-22479775	S3-417419016
S1-826834814	S3-19912731
S1-826834814	S3-235839392
S1-826834814	S2-929741675
S1-163872940	S2-571554490
S1-163872940	S3-27555703
S1-163872940	S2-63010426
S1-814991920	S2-872086226
S1-814991920	S2-114357970
S1-54091174	S2-958521234
S1-699141715	S3-265811113
S1-699141715	S2-66371808
S1-699141715	S2-469022346
S1-959480749	S2-508528354
S1-929713091	S3-20387172
S1-468101282	S3-891297235
S1-728939630	S3-278922913
S1-608344647	S2-600607275
S1-608344647	S3-543730067
S1-608344647	S3-357599977
S1-608344647	S2-22792092
S1-530953429	S3-46167709
S1-530953429	S3-577480677
S1-275495579	S2-3388050
S1-999240541	S2-388432085
S1-999240541	S3-731327876
S1-999240541	S2-151344539
S1-280572136	S3-965610408
S1-280572136	S2-749987304
S1-541493656	S2-467168776
S1-541493656	S3-174134357
S1-541493656	S2-855117102
S1-725013701	S2-288086111
S1-725013701	S2-579541443
S1-439363487	S2-569819846
S1-439363487	S3-379134088
S1-439363487	S3-839688214
S1-598696635	S2-449345990
S1-598696635	S2-268178464
S1-598696635	S2-286196844
S1-163599569	S2-454703913
S1-780637994	S3-101650392
S1-780637994	S3-34148396
S1-16996025	S3-826014870
S1-16996025	S2-333782278
S1-566848867	S3-712080853
S1-72569045	S3-760614767
S1-687027162	S2-278983020
S1-588638629	S3-971417796
S1-588638629	S2-695919238
S1-588638629	S2-689300612
S1-588638629	S3-604450486
S1-484953975	S3-732492362
S1-351843987	S3-442621115
S1-351843987	S2-681950597
S1-351843987	S3-809670417
S1-744331567	S2-660359431
S1-44442034	S3-7711722
S1-44442034	S2-630192821
S1-44442034	S2-967207511
S1-556774692	S2-508090732
S1-241278019	S2-610703281
S1-241278019	S3-859539845
S1-773027222	S3-655968372
S1-289855713	S3-430054140
S1-152714268	S2-917237883
S1-152714268	S2-775078486
S1-700470533	S2-633313113
S1-988104248	S2-998309894
S1-378363043	S3-537689527
S1-167067297	S2-701423788
S1-167067297	S3-190485085
S1-173502275	S3-428806089
S1-224652422	S3-333110016
S1-263762815	S3-504104399
S1-477050480	S3-354956299
S1-477050480	S3-649601017
S1-477050480	S2-855458372
S1-205023699	S3-829534445
S1-205023699	S3-286039549
S1-793802281	S2-359339136
S1-132382895	S3-148903124
S1-452288974	S3-446763901
S1-907436241	S2-858954132
S1-110157923	S3-345589464
S1-110157923	S3-858075635
S1-302765056	S3-667853762
S1-493785108	S3-399011107
S1-808898006	S3-928473716
S1-468029276	S3-498610110
S1-400347769	S2-81854188
S1-400347769	S2-195279907
S1-400347769	S2-581275071
S1-400347769	S3-327740479
S1-561751573	S3-500820615
S1-883092094	S2-589066831
S1-232053829	S2-513903373
S1-232053829	S2-740866767
S1-779887619	S2-471050478
S1-779887619	S2-9112203
S1-779887619	S2-272832002
S1-713536128	S2-712813765
S1-397557001	S2-494281753
S1-397557001	S2-528192513
S1-397557001	S3-736851729
S1-168196840	S3-506107723
S1-168196840	S2-835467338
S1-168196840	S2-572880691
S1-438557784	S2-3454669
S1-438557784	S2-978924858
S1-221296813	S3-45424524
S1-323890044	S3-609252765
S1-489287978	S3-956192059
S1-389654911	S2-515670541
S1-998010678	S2-163941008
S1-998010678	S3-411255716
S1-998010678	S2-857840103
S1-998010678	S3-266620557
S1-261740143	S2-55329399
S1-261740143	S3-362545433
S1-5362694	S3-350396566
S1-5362694	S3-37497294
S1-5362694	S3-14728367
S1-270107165	S2-601840274
S1-270107165	S3-84440751
S1-546456667	S3-127735336
S1-915903011	S3-454665839
S1-915903011	S3-455149167
S1-91604006	S2-748988082
S1-91604006	S3-234905197
S1-91604006	S2-36130376
S1-91604006	S3-373981292
S1-351567210	S2-966350482
S1-351567210	S3-451343548
S1-351567210	S2-580044507
S1-351567210	S3-490830717
S1-94728066	S3-651658109
S1-556341133	S3-643723826
S1-70091550	S2-841135579
S1-70091550	S3-732529882
S1-70091550	S2-991915180
S1-70091550	S2-72904617
S1-844458475	S2-583105284
S1-424502438	S3-932095886
S1-424502438	S3-278929952
S1-909463971	S2-930059774
S1-909463971	S2-321355068
S1-543768051	S3-194682689
S1-543768051	S3-727200782
S1-907597971	S2-312542747
S1-608518212	S2-558798580
S1-717319985	S3-598353395
S1-717319985	S3-757183288
S1-610240074	S2-692623378
S1-703145532	S2-365784246
S1-519855326	S3-367661418
S1-871318164	S3-913166447
S1-143237163	S2-532222610
S1-143237163	S3-875006102
S1-143237163	S2-39950120
S1-576110307	S2-28361259
S1-931991461	S2-652972413
S1-931991461	S2-545608491
S1-931991461	S3-841387467
S1-543230972	S2-205721806
S1-665703979	S3-946661873
S1-179320017	S3-834019209
S1-192680570	S3-343623577
S1-597653213	S2-374030991
S1-597653213	S3-628483450
S1-597653213	S3-203191869
S1-597653213	S3-392815692
S1-597653213	S2-199953422
S1-872132079	S2-775340455
S1-872132079	S2-672196191
S1-872132079	S3-962599956
S1-872132079	S3-467574466
S1-977062468	S2-245350503
S1-977062468	S3-693833939
S1-977062468	S2-583167137
S1-977062468	S3-978320051
S1-852994803	S2-713664796
S1-208202870	S2-640576829
S1-208202870	S2-924662324
S1-208202870	S2-272551194
S1-66179395	S3-715010741
S1-549677502	S3-429587876
S1-233824777	S3-292973434
S1-937802436	S2-379772821
S1-984339491	S2-185957878
S1-438221029	S3-208336852
S1-483518880	S2-306748110
S1-483518880	S2-186549799
S1-483518880	S2-763069244
S1-187721802	S2-900126506
S1-515148035	S3-106367353
S1-515148035	S2-490502881
S1-118613048	S3-927389095
S1-856367978	S3-794757179
S1-856367978	S2-195973688
S1-856367978	S3-669282639
S1-856367978	S2-244685677
S1-856367978	S2-813757747
S1-441953732	S3-285364650
S1-441953732	S2-648519348
S1-936189769	S2-639341345
S1-936189769	S3-469700484
S1-936189769	S3-561658678
S1-616479489	S2-948632790
S1-692596021	S2-253181997
S1-890203053	S2-684316212
S1-224781476	S3-381332304
S1-516036789	S2-403101975
S1-516036789	S2-183251307
S1-323787615	S3-851555950
S1-323787615	S2-690118487
S1-93137170	S2-754452282
S1-900986155	S3-972636560
S1-813473660	S3-19802090
S1-175871750	S3-901889836
S1-626641900	S3-979198782
S1-421544864	S3-20009637
S1-421544864	S3-1985179
S1-849639604	S3-564682954
S1-954289001	S2-713714375
S1-19991355	S3-90470800
S1-128218271	S3-308218083
S1-360093212	S3-51360544
S1-360093212	S3-281094175
S1-16339215	S2-223293209
S1-232846788	S3-4411210
S1-830244584	S2-634058002
S1-830244584	S3-233037951
S1-830244584	S3-203903527
S1-246004702	S2-96450013
S1-435135446	S3-521472928
S1-435135446	S3-297756651
S1-435135446	S3-724322860
S1-435135446	S2-387740694
S1-435135446	S3-107022606
S1-175284271	S2-958920648
S1-175284271	S2-141676316
S1-911792149	S3-848490212
S1-911792149	S3-518517087
S1-622931517	S2-789944617
S1-622931517	S2-844449240
S1-622931517	S3-313348376
S1-351881133	S2-149807614
S1-81529952	S3-802574170
S1-81529952	S3-588709114
S1-81529952	S3-871371295
S1-81529952	S2-332807205
S1-81529952	S2-327706241
S1-81529952	S2-951395165
S1-25155389	S3-572193413
S1-291401693	S3-623006443
S1-291401693	S2-40715591
S1-291401693	S3-388615927
S1-291401693	S3-508612275
S1-291401693	S3-605417101
S1-198166489	S2-462639404
S1-198166489	S2-280893954
S1-198166489	S2-535691313
S1-198166489	S3-803313449
S1-551321922	S3-269431196
S1-355554430	S2-823022706
S1-355554430	S2-611064648
S1-355554430	S2-491265524
S1-355554430	S3-110127822
S1-355554430	S2-532548330
S1-355554430	S2-947758414
S1-355554430	S3-384920914
S1-937886845	S3-641606348
S1-651078291	S3-561789062
S1-651078291	S3-841123656
S1-470915229	S3-183260528
S1-664248389	S2-752572357
S1-664248389	S2-740315879
S1-664248389	S2-355727820
S1-205266046	S3-132123412
S1-580570046	S2-627377787
S1-692775331	S2-209030696
S1-993299764	S3-438397621
S1-993299764	S3-344067122
S1-993299764	S3-635818394
S1-924108114	S2-830989485
S1-302176047	S2-92526847
S1-460936252	S3-111531171
S1-460936252	S3-329282095
S1-460936252	S2-453462111
S1-436877799	S2-449887012
S1-436877799	S2-777534266
S1-436877799	S2-690545642
S1-893370734	S3-331012777
S1-574646875	S2-779458027
S1-574646875	S2-933510454
S1-574646875	S2-297755440
S1-914437517	S3-417528191
S1-914437517	S2-788060338
S1-332252496	S3-430934151
S1-332252496	S2-236014112
S1-982209388	S3-681556772
S1-241561701	S2-764265407
S1-241561701	S3-961775810
S1-241561701	S2-175972347
S1-117493231	S2-520439571
S1-555973111	S3-556380280
S1-209647858	S3-20506016
S1-209647858	S3-548790740
S1-650212276	S3-82363009
S1-460595219	S2-528338910
S1-460595219	S3-719752692
S1-129859002	S2-896423988
S1-695309643	S3-948223680
S1-298983053	S3-749289106
S1-298983053	S2-953705656
S1-298983053	S2-515168244
S1-87065358	S3-136347886
S1-74938141	S3-449240780
S1-536469765	S3-823686230
S1-536469765	S3-229017156
S1-536469765	S2-555302038
S1-25993908	S2-248444430
S1-730074963	S3-728702025
S1-730074963	S2-486190195
S1-730074963	S3-387413741
S1-903572755	S2-4503930
S1-339853418	S3-327083664
S1-429239351	S2-461401692
S1-429239351	S3-630411111
S1-429239351	S2-464705669
S1-429239351	S2-110044312
S1-429239351	S3-660006091
S1-453069873	S2-340768568
S1-176122010	S3-39620043
S1-605499350	S3-139529909
S1-825754308	S3-14845724
S1-605502328	S2-889519837
S1-84414417	S2-805246575
S1-751172802	S3-873736172
S1-109749118	S2-408060450
S1-109749118	S3-922898308
S1-858916793	S2-568300145
S1-858916793	S3-57086637
S1-858916793	S2-654016774
S1-542651626	S2-563997771
S1-542651626	S3-945010908
S1-536711359	S2-726322929
S1-536711359	S3-949935722
S1-870458026	S2-822354134
S1-250245862	S2-198183335
S1-250245862	S3-578359010
S1-624171431	S3-74913940
S1-861658628	S3-421303909
S1-392992218	S3-118438929
S1-392992218	S3-582491971
S1-392992218	S3-411357594
S1-392992218	S2-770201903
S1-932669488	S3-164007843
S1-539958963	S2-622789343
S1-118834010	S2-864540193
S1-543740264	S2-326829370
S1-543740264	S3-753566854
S1-543740264	S2-634967966
S1-543740264	S3-756671729
S1-543740264	S3-876524468
S1-286122058	S3-376751926
S1-286122058	S3-623635129
S1-286122058	S3-711872244
S1-300748128	S3-466026802
S1-514569748	S2-734509757
S1-194184905	S3-781356221
S1-194184905	S3-686481786
S1-110754399	S3-352820376
S1-760270701	S3-166933612
S1-43167333	S3-801401877
S1-77674303	S3-158747151
S1-670703108	S2-178374458
S1-670703108	S2-607659862
S1-670703108	S2-665421587
S1-670703108	S3-877172639
S1-510995810	S2-801260770
S1-316554647	S3-993551618
S1-332159740	S3-7161850
S1-684163114	S2-731805909
S1-168829025	S3-183582541
S1-168829025	S2-572959529
S1-486266602	S3-55946154
S1-486266602	S2-431738561
S1-486266602	S2-607753797
S1-530115755	S3-857990574
S1-426233953	S2-82859918
S1-550816836	S3-689906370
S1-695908235	S2-656917025
S1-695908235	S2-903636461
S1-695908235	S3-332613457
S1-814557379	S3-653380762
S1-814557379	S2-942944401
S1-604294269	S3-582778678
S1-637321362	S3-366794855
S1-637321362	S3-743736140
S1-637321362	S2-138919526
S1-637321362	S3-182951014
S1-575217799	S3-994651737
S1-526165451	S3-998889226
S1-776726570	S2-999577262
S1-776726570	S2-538536079
S1-223081015	S2-815992171
S1-223081015	S2-91870271
S1-840233502	S3-389986463
S1-623070020	S3-271840038
S1-498286365	S2-61686688
S1-498286365	S3-14280947
S1-498286365	S3-488615827
S1-498286365	S2-190384204
S1-498286365	S3-500649827
S1-498286365	S2-843695662
S1-728700503	S3-353617439
S1-728700503	S3-647799093
S1-533344402	S3-929426664
S1-533344402	S2-524788593
S1-612994443	S2-565390790
S1-132750276	S2-671463353
S1-132750276	S3-59574394
S1-132750276	S3-442827458
S1-132750276	S2-201333095
S1-645001209	S2-935369620
S1-866587933	S3-608209592
S1-644474079	S2-728973320
S1-946247647	S2-992285729
S1-375796215	S3-746000187
S1-49858070	S2-81495831
S1-49858070	S3-484589565
S1-49858070	S2-17223217
S1-644306228	S2-408307919
S1-631187659	S2-766626420
S1-537768576	S3-110778425
S1-206805004	S2-892745714
S1-206805004	S3-565007591
S1-696643	S2-188055165
S1-696643	S3-179724745
S1-136065309	S2-777872977
S1-638753203	S2-552085016
S1-596685605	S2-684273559
S1-596685605	S3-156391825
S1-710309962	S2-994643542
S1-710309962	S3-645429358
S1-710309962	S3-713246871
S1-277431334	S3-862315812
S1-277431334	S3-406668008
S1-277431334	S3-633744209
S1-706642873	S2-788421966
S1-721844791	S3-98522606
S1-728274545	S3-344594924
S1-752784438	S2-692332330
S1-775943724	S2-446679831
S1-775943724	S3-259078054
S1-26466953	S3-427660618
S1-26466953	S3-805135336
S1-372593941	S3-199512354
S1-372593941	S2-108726415
S1-372593941	S3-895849592
S1-372593941	S2-100300853
S1-109792065	S3-136094341
S1-109792065	S2-820453605
S1-720835046	S3-633909753
S1-720835046	S3-831331658
S1-632253104	S3-25426881
S1-441335979	S2-719810197
S1-441335979	S2-420353315
S1-236437337	S3-710071089
S1-236437337	S2-77752909
S1-236437337	S2-912717016
S1-410333006	S2-848659105
S1-29645019	S3-450823626
S1-290822507	S2-704686104
S1-304138460	S2-234302012
S1-304138460	S2-942723743
S1-304138460	S3-893754106
S1-237855804	S3-931158974
S1-334699400	S3-270087989
S1-334699400	S2-818440231
S1-334699400	S2-340415340
S1-334699400	S3-657584033
S1-439967205	S3-641783880
S1-614998598	S3-55777383
S1-555730185	S2-647220454
S1-347097291	S3-97450997
S1-347097291	S2-117934122
S1-347097291	S2-624944714
S1-347097291	S2-537234468
S1-70027308	S3-956880316
S1-70027308	S2-261317353
S1-983460788	S2-463559994
S1-762828567	S3-257439996
S1-720790382	S2-183092653
S1-720790382	S2-941005286
S1-720790382	S2-773792721
S1-10113501	S2-630841787
S1-671588978	S3-693711422
S1-853565039	S3-164090409
S1-634005176	S2-969215903
S1-634005176	S2-434675261
S1-68403986	S2-574065333
S1-903554835	S3-652322724
S1-903554835	S2-599599955
S1-76085522	S3-728790600
S1-61473025	S2-6061645
S1-235371993	S3-169738281
S1-732638741	S2-604337931
S1-554995170	S2-953267213
S1-405908136	S2-330656772
S1-405908136	S2-765710330
S1-405908136	S3-5690009
S1-405908136	S3-380717207
S1-405908136	S3-885034424
S1-940104460	S3-8209357
S1-940104460	S3-861805079
S1-940104460	S3-610460480
S1-940104460	S3-148052111
S1-198504546	S2-974086171
S1-44156643	S3-607397961
S1-44156643	S2-588345437
S1-109848872	S2-829964502
S1-550679592	S3-709286175
S1-2552609	S2-356639084
S1-218995550	S2-860120483
S1-684925145	S2-866415213
S1-846042334	S3-20324252
S1-846042334	S2-368187046
S1-283366582	S2-335459513
S1-283366582	S3-691033163
S1-770167289	S3-592832776
S1-379204483	S3-215429449
S1-783562503	S2-303071502
S1-783562503	S2-842345645
S1-906826977	S3-578981507
S1-552518114	S3-843967007
S1-118836008	S3-878018723
S1-438092074	S2-959469483
S1-841445537	S2-821217710
S1-308709456	S3-612159966
S1-308709456	S3-354461446
S1-308709456	S3-928088678
S1-542314170	S2-432263681
S1-845622752	S2-41575311
S1-56767017	S3-543459788
S1-56767017	S2-131306199
S1-56767017	S2-854219874
S1-754916357	S3-571827781
S1-754916357	S2-243743392
S1-754916357	S2-199562545
S1-754916357	S2-835462627
S1-754916357	S3-888202864
S1-89386866	S3-300906867
S1-89386866	S2-366954208
S1-241936312	S2-661760576
S1-78379480	S3-915018812
S1-78379480	S2-800169508
S1-809891462	S2-579950721
S1-809891462	S3-232275515
S1-144370049	S2-329804061
S1-890713846	S3-372520244
S1-16853985	S2-184685806
S1-719767860	S2-896669007
S1-370347108	S3-177205198
S1-410608981	S3-904310482
S1-410608981	S2-86478235
S1-862222542	S3-868534382
S1-740758564	S3-5774006
S1-20137382	S2-471096892
S1-734178344	S2-798917453
S1-734178344	S2-661927546
S1-669132133	S3-169733267
S1-669132133	S2-486379956
S1-669132133	S3-418934949
S1-804965634	S2-173611449
S1-804965634	S3-206017035
S1-804965634	S3-437121205
S1-195848364	S3-28041157
S1-195848364	S2-218664727
S1-332215583	S2-495276790
S1-332215583	S3-932758181
S1-332215583	S3-706261493
S1-332215583	S3-41839086
S1-332215583	S3-146739467
S1-332215583	S3-975475622
S1-758706927	S3-591691846
S1-758706927	S2-215877110
S1-758706927	S2-29594223
S1-835319341	S3-751859116
S1-835319341	S2-911459479
S1-835319341	S2-192847587
S1-809808009	S3-476526965
S1-247105519	S3-896003824
S1-247105519	S2-697971511
S1-247105519	S3-183732805
S1-247105519	S2-228568294
S1-247105519	S3-375744177
S1-414245720	S3-225091963
S1-913670014	S3-957911383
S1-188458028	S2-169113273
S1-307582256	S2-336730566
S1-307582256	S3-14317479
S1-307582256	S2-563132172
S1-148792495	S3-213905348
S1-840064559	S3-755977494
S1-175618897	S3-243638057
S1-323217858	S3-237485672
S1-275340307	S2-206048438
S1-834903080	S3-289241474
S1-834903080	S3-386870190
S1-834903080	S3-89769081
S1-834225194	S2-863854324
S1-834225194	S3-736066586
S1-834225194	S3-282146189
S1-578861848	S3-990814967
S1-554698644	S2-87779694
S1-689882983	S2-693625541
S1-625605205	S3-26908694
S1-923931705	S2-807788551
S1-923931705	S3-261323166
S1-923931705	S2-647317604
S1-923931705	S2-777749680
S1-739271344	S2-850818312
S1-551016820	S3-702283418
S1-604510317	S3-256633504
S1-410880173	S3-983393215
S1-829925637	S3-510252321
S1-291895055	S2-449449153
S1-754100456	S2-962473318
S1-754100456	S3-283482375
S1-754100456	S3-352771108
S1-804557216	S3-786599288
S1-250467165	S3-537077069
S1-250467165	S2-16814329
S1-250467165	S3-61272670
S1-824626241	S2-910602777
S1-230719446	S3-517515814
S1-230719446	S3-106867967
S1-896354053	S2-394571777
S1-334472476	S2-784608060
S1-334472476	S3-100958296
S1-334472476	S3-712080983
S1-337362277	S3-426875561
S1-820684111	S3-718421806
S1-5749694	S2-955697350
S1-38460891	S3-335969945
S1-38460891	S3-883244642
S1-38460891	S3-41988021
S1-38460891	S3-466064961
S1-38460891	S3-659004610
S1-38460891	S2-453772026
S1-729255174	S3-149336987
S1-729255174	S3-537063278
S1-730523406	S2-227561597
S1-730523406	S3-582276491
S1-730523406	S3-640949178
S1-112345306	S2-418020015
S1-112345306	S2-832303642
S1-440988188	S3-586291990
S1-802927040	S3-641239976
S1-802927040	S2-400825600
S1-802927040	S2-463368485
S1-802927040	S3-39247943
S1-366117611	S3-378130177
S1-775743886	S3-209910860
S1-775743886	S2-996453273
S1-775743886	S3-172702031
S1-390653570	S2-92627756
S1-390653570	S3-892329611
S1-762315462	S2-468660450
S1-665299471	S2-302185814
S1-665299471	S2-200497597
S1-583196625	S3-910707361
S1-583196625	S2-496893807
S1-583196625	S2-293326593
S1-633105695	S3-787025725
S1-376569800	S2-367411419
S1-235268543	S2-650061545
S1-998322488	S3-475981524
S1-998322488	S2-380470211
S1-488630262	S3-928595566
S1-488630262	S2-412988894
S1-488630262	S2-40376194
S1-502221846	S3-158809814
S1-502221846	S3-344400441
S1-821612858	S3-884745551
S1-821612858	S2-195045145
S1-88965909	S3-315568782
S1-827625607	S2-750085800
S1-827625607	S3-964250446
S1-288473169	S3-299105520
S1-288473169	S3-516840709
S1-276591592	S3-672571723
S1-276591592	S3-64689988
S1-674037893	S3-676255088
S1-693333042	S2-832078690
S1-467818411	S3-59141830
S1-837925835	S3-169884795
S1-854476707	S3-414677437
S1-272545975	S2-454900046
S1-657545726	S3-908534933
S1-741027806	S2-840828006
S1-741027806	S3-146978134
S1-960732345	S3-658363722
S1-960732345	S2-932295713
S1-568495148	S2-140443472
S1-166359679	S3-850928984
S1-124148496	S3-944002150
S1-124148496	S2-781479417
S1-124148496	S3-762205251
S1-489018124	S2-608829585
S1-489018124	S3-855017783
S1-747015817	S3-455182265
S1-564386470	S2-1238136
S1-357475624	S2-684979173
S1-357475624	S3-786496022
S1-44007408	S2-955830801
S1-251256218	S2-662170746
S1-532722335	S3-104688128
S1-532722335	S3-430379279
S1-532722335	S2-71539604
S1-532722335	S3-680185482
S1-532722335	S2-366626633
S1-532722335	S3-206647428
S1-532722335	S2-350548760
S1-532722335	S3-732617544
S1-532722335	S3-948625370
S1-213974296	S3-485298027
S1-17577979	S3-109230176
S1-405210281	S2-573559433
S1-405210281	S2-149331707
S1-405210281	S3-700565759
S1-56988390	S3-906155539
S1-56988390	S3-808370082
S1-616718884	S3-897632758
S1-656592883	S3-231448748
S1-855874690	S3-113847488
S1-659321344	S3-594232272
S1-744464452	S3-399476283
S1-390689201	S3-469315673
S1-390689201	S3-724993533
S1-390689201	S2-208863015
S1-753642553	S3-420490544
S1-485167592	S3-92219981
S1-13526123	S3-733154912
S1-13526123	S3-446135636
S1-13526123	S3-6206545
S1-813349573	S2-68900614
S1-817224838	S2-630057730
S1-817224838	S2-89109125
S1-136562031	S2-819453683
S1-378697535	S2-670018099
S1-378697535	S2-959448087
S1-182599190	S3-936429861
S1-952826322	S3-280930731
S1-952826322	S2-862571992
S1-952826322	S3-250972633
S1-952826322	S3-274536337
S1-763510535	S3-806016816
S1-763510535	S2-776277504
S1-962922390	S3-349225329
S1-962922390	S3-686600103
S1-776065047	S2-647418514
S1-776065047	S2-192804561
S1-436918364	S3-314247307
S1-436918364	S3-938098519
S1-18224056	S3-548198372
S1-496706087	S3-67042851
S1-27494608	S3-491880422
S1-27494608	S3-869402188
S1-244115753	S2-32942743
S1-244115753	S3-384534205
S1-244115753	S3-303707097
S1-787748298	S3-222929249
S1-787748298	S2-179009261
S1-787748298	S3-834054840
S1-453123689	S2-453936441
S1-676411032	S3-708602847
S1-853444639	S3-499011630
S1-492153538	S2-121244393
S1-934246985	S2-795533567
S1-423629875	S2-935847368
S1-423629875	S3-852739426
S1-423629875	S3-770148278
S1-768628235	S3-435332624
S1-768628235	S3-403951159
S1-599578501	S3-827904560
S1-321802101	S2-146017925
S1-834175739	S2-815615493
S1-834175739	S3-621133595
S1-325375772	S3-912392646
S1-978776517	S2-269638265
S1-427265088	S2-104508971
S1-427265088	S3-664043779
S1-508505542	S3-424464479
S1-508505542	S2-747967808
S1-508505542	S3-943200374
S1-508505542	S2-619018864
S1-508505542	S2-748472707
S1-688978759	S2-892655196
S1-688978759	S3-121112504
S1-667995742	S2-520901828
S1-667995742	S3-894072359
S1-521093437	S2-153281875
S1-521093437	S3-212098314
S1-201680756	S3-545047717
S1-201680756	S3-860750339
S1-111582570	S2-702155215
S1-410480818	S3-973051577
S1-410480818	S3-776615115
S1-410480818	S3-130360229
S1-230928701	S2-986898311
S1-230928701	S3-315836293
S1-230928701	S3-907823848
S1-434043254	S2-915495287
S1-900940351	S2-89236045
S1-900940351	S2-39785403
S1-900940351	S3-822314203
S1-900940351	S3-97924685
S1-345037251	S2-700740377
S1-345037251	S3-511612109
S1-345037251	S2-794174242
S1-345037251	S3-40293502
S1-370917869	S3-352398839
S1-370917869	S2-263920319
S1-928741540	S2-455641582
S1-127494060	S3-593886389
S1-707789066	S2-766494919
S1-76082078	S3-148750514
S1-835749611	S2-908440268
S1-163610215	S2-849321360
S1-581574549	S3-350047495
S1-581574549	S2-545653362
S1-581574549	S2-750713886
S1-581574549	S3-805581645
S1-455648940	S2-941317333
S1-813538782	S2-842349241
S1-813538782	S2-858207141
S1-793237571	S2-119095728
S1-79229431	S3-947689391
S1-79229431	S3-705035041
S1-422127750	S2-628664558
S1-479980998	S3-702408623
S1-479980998	S2-816407375
S1-479980998	S3-854357609
S1-410293609	S2-421703727
S1-410293609	S2-112921551
S1-13335096	S3-897608320
S1-470471655	S2-79299354
S1-629031522	S3-474930993
S1-438925654	S3-948353486
S1-316110986	S3-531894761
S1-316110986	S3-261100763
S1-754552667	S3-336140337
S1-84493589	S2-527406842
S1-84493589	S2-315784479
S1-770720633	S3-14892158
S1-456733442	S2-769410002
S1-456733442	S3-205743583
S1-456733442	S2-953917170
S1-456733442	S2-312825655
S1-815240957	S3-287419736
S1-687070694	S3-377352416
S1-174479309	S3-293770643
S1-390022865	S3-169436124
S1-390022865	S2-529276122
S1-390022865	S2-17360663
S1-941867100	S3-975030233
S1-490552531	S2-13978566
S1-490552531	S3-152153830
S1-942283958	S2-992602361
S1-942283958	S2-643619398
S1-685447913	S2-971506764
S1-147191994	S2-835340320
S1-147191994	S2-175354858
S1-937701714	S2-867670915
S1-529418021	S3-615121930
S1-529418021	S2-804565993
S1-363071838	S2-438657106
S1-585148788	S2-217370755
S1-585148788	S3-315967811
S1-585148788	S3-83380460
S1-379826137	S2-691604181
S1-379826137	S3-899328359
S1-379826137	S2-692548728
S1-379826137	S2-260293763
S1-159906055	S2-930037490
S1-919811366	S2-421718346
S1-919811366	S2-290852059
S1-919811366	S3-694787079
S1-996995388	S3-174655377
S1-879591965	S2-45944409
S1-416553798	S3-850681811
S1-4351068	S3-373555994
S1-4351068	S3-553912823
S1-4351068	S2-751480436
S1-4351068	S3-209991941
S1-446642208	S2-964760536
S1-154514391	S2-193385612
S1-258222945	S3-871050151
S1-464135662	S3-705930166
S1-464135662	S3-331882276
S1-464135662	S3-804715529
S1-348703193	S3-83301982
S1-348703193	S2-397702244
S1-488438548	S3-459486290
S1-488438548	S3-916093193
S1-488438548	S3-990322684
S1-488438548	S3-616495654
S1-502637757	S3-430295001
S1-700743590	S3-175033035
S1-374201762	S3-125279703
S1-90062501	S3-347649329
S1-90062501	S2-143193580
S1-37598268	S2-371509991
S1-37598268	S2-260791732
S1-37598268	S2-373973397
S1-37598268	S3-730576548
S1-830299391	S3-232661253
S1-830299391	S3-244257406
S1-830299391	S3-10518213
S1-830299391	S2-909235704
S1-629485639	S2-790240047
S1-894711465	S3-763346050
S1-413437406	S2-374610246
S1-413437406	S2-549339995
S1-186300615	S2-973257454
S1-685407836	S3-968301545
S1-594916207	S3-848920436
S1-694720728	S2-934441728
S1-163832253	S2-397350064
S1-153046040	S3-318006678
S1-567883540	S3-338221322
S1-567883540	S2-119249535
S1-147135739	S2-405485161
S1-393700056	S2-600920996
S1-393700056	S3-231745078
S1-393700056	S3-549733051
S1-923120167	S2-883401666
S1-923120167	S3-409836489
S1-408014404	S2-551536032
S1-368205520	S3-280883949
S1-5841844	S2-102358693
S1-398171608	S2-240196915
S1-398171608	S3-337952584
S1-157046838	S3-615716016
S1-89715352	S2-6220394
S1-248516514	S3-214643455
S1-915105775	S2-974779200
S1-915105775	S3-572769350
S1-273235358	S2-975954589
S1-273235358	S2-507769716
S1-273235358	S3-73097558
S1-273235358	S2-573232704
S1-654522768	S2-51806209
S1-654522768	S3-458157169
S1-831322656	S2-985756264
S1-831322656	S3-243527662
S1-831322656	S3-728314827
S1-292327268	S3-636962702
S1-292327268	S3-4607332
S1-291195317	S2-544142322
S1-291195317	S2-349785446
S1-291195317	S2-522240380
S1-812467514	S3-917396498
S1-812467514	S2-583120874
S1-634297556	S2-434370249
S1-542754914	S2-328923101
S1-542754914	S2-542143270
S1-504115685	S2-428223650
S1-871032914	S3-842685826
S1-44818313	S2-147654480
S1-351306152	S3-381420777
S1-653982495	S2-65567511
S1-670864507	S3-534159332
S1-670864507	S3-670456540
S1-670864507	S2-428650006
S1-670864507	S3-860243757
S1-148189056	S2-517372589
S1-29000747	S3-247010066
S1-29000747	S2-935772284
S1-130089100	S2-990172044
S1-130089100	S2-579954447
S1-130377591	S3-223728534
S1-130377591	S2-365783163
S1-177213913	S3-755850662
S1-177213913	S2-47141421
S1-177213913	S3-472010682
S1-177213913	S2-567950264
S1-783815081	S3-259487953
S1-134694419	S3-599258982
S1-811652165	S2-47707479
S1-811652165	S2-973368267
S1-811652165	S3-847973436
S1-811652165	S2-563401269
S1-538886179	S3-583846069
S1-538886179	S3-375231215
S1-490740469	S3-440079891
S1-490740469	S3-19739135
S1-1922626	S3-860120631
S1-924251522	S3-17053196
S1-162919060	S2-10318735
S1-292214269	S3-809424671
S1-922796839	S3-887774401
S1-998428906	S2-578653883
S1-125224396	S2-557788932
S1-629425205	S3-129736610
S1-629425205	S3-667555005
S1-123177365	S2-321867932
S1-804372394	S3-950594889
S1-804372394	S3-122774052
S1-588155439	S2-153811826
S1-671022528	S3-303089091
S1-306536853	S3-50743274
S1-306536853	S3-124088233
S1-590628232	S3-51985613
S1-560273955	S3-709423992
S1-474787511	S2-496951004
S1-303074100	S3-81171355
S1-277559140	S3-330125235
S1-277559140	S2-451687742
S1-367670795	S2-130030839
S1-274113116	S3-60113103
S1-274113116	S2-733828792
S1-347158394	S2-922263655
S1-437603430	S3-899461302
S1-437603430	S3-242836613
S1-437603430	S3-669163868
S1-916474601	S3-717727134
S1-916474601	S2-690375187
S1-725269588	S2-922510949
S1-648387789	S3-805958842
S1-965751262	S2-244123964
S1-280045412	S3-256196926
S1-616636478	S3-830292820
S1-616636478	S3-165688536
S1-955477318	S3-705768737
S1-508532016	S3-35493424
S1-508532016	S2-324506199
S1-508532016	S3-604324795
S1-771669301	S3-655591363
S1-771669301	S3-631478513
S1-771669301	S2-728414578
S1-771669301	S2-451677887
S1-293535885	S3-627020484
S1-293535885	S2-585561641
S1-887787947	S2-329661305
S1-887787947	S3-673191336
S1-887787947	S3-219960461
S1-82475962	S2-316313882
S1-300843378	S2-219292435
S1-569062447	S3-403899982
S1-820685376	S2-496230068
S1-820685376	S3-74662686
S1-820685376	S3-49758953
S1-816938077	S2-830170793
S1-12619366	S2-21794965
S1-12619366	S3-751035499
S1-537630058	S3-662584731
S1-900344130	S3-170049017
S1-900344130	S3-474477956
S1-757090615	S3-509975948
S1-743235738	S2-712821871
S1-743235738	S3-517038269
S1-758989986	S3-764140349
S1-205978727	S2-470442812
S1-205978727	S3-302256194
S1-803713026	S2-445845334
S1-803713026	S3-617705443
S1-991228080	S2-465933761
S1-991228080	S3-134361069
S1-260003364	S2-491413470
S1-527944949	S3-359582508
S1-527944949	S2-101196723
S1-527944949	S2-936099665
S1-987698006	S3-258751148
S1-536393978	S2-201761545
S1-117042305	S3-363721256
S1-117042305	S2-438349033
S1-117042305	S3-659888612
S1-117042305	S3-76071303
S1-126730675	S3-816916132
S1-869214495	S2-717516475
S1-869214495	S2-587685306
S1-529131992	S3-360685283
S1-159566004	S2-306174222
S1-865088618	S2-690232907
S1-865088618	S3-302286971
S1-638966160	S2-108634556
S1-638966160	S3-417651851
S1-74575309	S3-254430223
S1-74575309	S3-183710842
S1-74575309	S3-983088266
S1-889357144	S2-666112471
S1-855968918	S3-518212822
S1-736152178	S2-428442702
S1-670990498	S3-45151632
S1-918700316	S3-807406680
S1-530407954	S3-32983904
S1-196054265	S3-35720000
S1-485949503	S2-524943499
S1-73572079	S2-854200483
S1-36944838	S2-818275273
S1-948954010	S2-445906751
S1-866160777	S2-269761793
S1-851870246	S3-460129093
S1-851870246	S3-406747550
S1-929866279	S2-817037227
S1-631549179	S3-692983864
S1-474800849	S2-308078728
S1-912902181	S2-452044480
S1-912902181	S3-108269745
S1-463545451	S3-387336016
S1-325905660	S2-535983417
S1-325905660	S3-275132541
S1-325905660	S2-39850321
S1-325905660	S3-747871176
S1-534008375	S3-899210933
S1-534008375	S2-385929643
S1-413580706	S2-250552517
S1-413580706	S2-379679497
S1-41506385	S3-160567263
S1-387595236	S3-313588172
S1-568832919	S2-219354833
S1-15560617	S2-608727493
S1-15560617	S2-941456682
S1-15560617	S3-275438254
S1-15560617	S3-582479203
S1-15560617	S2-551731690
S1-949277748	S2-978818045
S1-319936511	S3-753864079
S1-319936511	S3-399845031
S1-319936511	S2-311862148
S1-948977676	S2-698851304
S1-948977676	S2-853657853
S1-699403582	S2-49549564
S1-699403582	S3-759779759
S1-699403582	S2-550789916
S1-756910533	S3-538830047
S1-873396903	S3-717521933
S1-873396903	S3-677457155
S1-873396903	S2-999909389
S1-873396903	S2-398245863
S1-433839757	S3-112882483
S1-375308663	S2-175484743
S1-375308663	S3-755522121
S1-375308663	S2-851313907
S1-930298837	S2-835126285
S1-998185816	S3-216026435
S1-525173167	S3-767077769
S1-687989792	S2-875578054
S1-687989792	S3-668261335
S1-687989792	S3-366821
S1-687989792	S3-584439022
S1-56543308	S3-313700799
S1-56543308	S2-292305708
S1-56543308	S2-504060019
S1-56543308	S3-199649643
S1-56543308	S2-848006583
S1-560926836	S3-86816653
S1-864778948	S2-965465385
S1-601790753	S3-860972149
S1-601790753	S3-126023844
S1-805743731	S3-780505650
S1-805743731	S3-447066350
S1-805743731	S2-585089916
S1-805743731	S3-303942279
S1-294066829	S2-318330500
S1-811128144	S3-496339985
S1-811128144	S2-126951502
S1-811128144	S3-25221326
S1-446032031	S2-115575199
S1-446032031	S3-205546177
S1-940277410	S2-90644675
S1-70216721	S2-357656046
S1-70216721	S2-11478064
S1-70216721	S2-325391177
S1-70216721	S3-11600195
S1-348866921	S2-819930522
S1-109891374	S2-229355199
S1-109891374	S2-581537341
S1-109891374	S3-67653507
S1-445570943	S3-170234228
S1-480856415	S2-494829732
S1-480856415	S3-706798764
S1-567706768	S3-935956952
S1-17753909	S3-905340326
S1-401726024	S3-910682741
S1-739568364	S2-763810882
S1-868984301	S2-708166059
S1-805090003	S3-846170152
S1-805090003	S2-579299906
S1-805090003	S2-742649414
S1-992981649	S3-238696146
S1-345273807	S2-467950851
S1-207514893	S2-828426494
S1-207514893	S3-73109563
S1-207514893	S2-96334072
S1-207514893	S2-25526982
S1-752695098	S3-970203124
S1-752695098	S2-951272523
S1-239125228	S3-538944168
S1-239125228	S3-189987156
S1-835785127	S3-542045584
S1-885505948	S3-391832276
S1-115220582	S2-723262888
S1-460482817	S3-705340589
S1-460482817	S3-780876733
S1-460482817	S3-722098235
S1-308540242	S2-396955304
S1-266402045	S2-32838273
S1-391041816	S2-382563024
S1-391041816	S2-908381358
S1-951501863	S3-361934415
S1-951501863	S3-135847009
S1-178907682	S3-951898712
S1-178907682	S3-4954794
S1-178907682	S3-330159475
S1-178907682	S3-908761304
S1-174119255	S3-476782261
S1-863571687	S3-253039841
S1-863571687	S2-712281936
S1-462689257	S3-746713828
S1-462689257	S2-830214515
S1-462689257	S3-826004593
S1-405897599	S3-291438998
S1-405897599	S2-713649010
S1-619976953	S3-510010635
S1-619976953	S2-227880043
S1-942311034	S3-698458618
S1-852617167	S2-600213069
S1-852617167	S3-157582006
S1-852617167	S2-437113286
S1-763106364	S3-748205953
S1-485493328	S3-403968127
S1-485493328	S3-573937474
S1-485493328	S2-899222049
S1-485493328	S2-278387856
S1-250276502	S3-450962983
S1-893793374	S2-447756965
S1-980057298	S2-207811960
S1-980057298	S2-394986375
S1-980057298	S3-629469506
S1-354717174	S3-43260531
S1-60808380	S3-781237648
S1-60808380	S3-762780154
S1-662589967	S2-557584657
S1-662589967	S3-626004437
S1-566174478	S2-105554404
S1-404164610	S2-850227428
S1-404164610	S2-654710425
S1-307689879	S3-310140231
S1-307689879	S3-322324210
S1-520974463	S2-32034851
S1-201562238	S3-521407136
S1-201562238	S3-845113596
S1-201562238	S3-411016255
S1-555681762	S3-972970997
S1-555681762	S3-113478639
S1-988048277	S3-540624212
S1-895286227	S3-327786207
S1-671376933	S2-708850041
S1-671376933	S3-825254682
S1-671376933	S2-578102833
S1-671376933	S3-456987240
S1-910798634	S3-187604
S1-499619741	S2-901560249
S1-304868678	S3-796926313
S1-940394027	S3-289000574
S1-940394027	S2-951546799
S1-112187048	S2-547798623
S1-112187048	S2-369718639
S1-371711013	S3-781863909
S1-802644296	S3-268133232
S1-752879935	S3-325012391
S1-752879935	S3-998514055
S1-25397482	S2-304276473
S1-25397482	S2-252191155
S1-25397482	S3-660477498
S1-25397482	S2-165241409
S1-921295443	S3-649084782
S1-173191997	S3-344220247
S1-173191997	S3-474953318
S1-173191997	S2-233355027
S1-332612026	S3-484130804
S1-197627687	S2-15340864
S1-736932262	S3-44337699
S1-736932262	S3-831711417
S1-736932262	S3-43405276
S1-185727571	S2-962208662
S1-139483405	S3-297621000
S1-221499396	S3-480662480
S1-11353944	S3-450957407
S1-479647461	S3-168701191
S1-479647461	S3-941811051
S1-260734470	S2-918760174
S1-45329764	S2-419368145
S1-419193741	S3-716168778
S1-419193741	S3-841198838
S1-419193741	S3-387212290
S1-690841681	S2-824026588
S1-690841681	S3-760574124
S1-291831237	S3-212926118
S1-114211942	S2-693276209
S1-543744199	S3-958188074
S1-543744199	S2-783287170
S1-13237923	S2-614738275
S1-13237923	S2-391071615
S1-416055262	S2-526519939
S1-416055262	S3-121591359
S1-224936206	S2-631285218
S1-224936206	S2-218581761
S1-224936206	S3-523465395
S1-322487060	S2-553721756
S1-77769411	S3-952556023
S1-599455513	S3-142723597
S1-291072701	S3-199148287
S1-422076736	S3-535533875
S1-2477620	S3-227346102
S1-150555197	S2-168620807
S1-150555197	S3-74865518
S1-685815877	S3-873721469
S1-685815877	S2-395919450
S1-685815877	S2-872834629
S1-685815877	S2-83166387
S1-152949892	S3-68478514
S1-708779193	S3-409338813
S1-928544258	S3-100617532
S1-485152395	S2-685192241
S1-485152395	S3-677936642
S1-485152395	S3-770605353
S1-652169750	S2-597748206
S1-109206021	S2-1686554
S1-109206021	S3-577223024
S1-776322371	S2-962701776
S1-776322371	S3-185373793
S1-776322371	S2-540947809
S1-776322371	S3-265849066
S1-776322371	S2-846951043
S1-298914608	S3-683524771
S1-273418224	S2-315055187
S1-165689319	S2-33747563
S1-748664522	S3-115956781
S1-664642091	S2-191787466
S1-664642091	S2-181410853
S1-664642091	S3-318455220
S1-673898991	S3-457850062
S1-281710353	S2-555142493
S1-281710353	S3-212302162
S1-494514417	S3-997201310
S1-240918037	S3-679404611
S1-708372067	S3-990492314
S1-402973513	S3-784749999
S1-402973513	S2-432510874
S1-402973513	S2-125131776
S1-402973513	S3-223988474
S1-874247029	S2-35933237
S1-874247029	S2-182231249
S1-874247029	S3-140819401
S1-874247029	S2-910378246
S1-229240857	S3-448115142
S1-229240857	S2-419446881
S1-229240857	S3-27687312
S1-229240857	S3-472473609
S1-229240857	S3-171409976
S1-229240857	S2-492332580
S1-322671959	S3-718891488
S1-322671959	S3-106105648
S1-303691781	S3-455570404
S1-303691781	S3-949809634
S1-567882487	S3-748418946
S1-567882487	S3-161145062
S1-977520974	S2-206997809
S1-431038070	S3-870403747
S1-628226092	S3-592971069
S1-73822497	S3-839093691
S1-73822497	S3-841936304
S1-329224854	S2-304854142
S1-422386163	S2-438044546
S1-118628130	S2-983488296
S1-128827301	S3-485446031
S1-452033382	S3-775851789
S1-452033382	S3-857809550
S1-452033382	S3-269533650
S1-452033382	S2-327753728
S1-452033382	S3-368816952
S1-452033382	S3-99183131
S1-368863692	S3-596646338
S1-863256521	S2-547073469
S1-308619120	S3-827691069
S1-308619120	S3-653317803
S1-923240747	S3-599710172
S1-923240747	S3-330479928
S1-206730094	S3-452911698
S1-24453301	S3-749758417
S1-176210	S2-912691831
S1-176210	S3-911287241
S1-285846158	S2-945505968
S1-285846158	S3-485250010
S1-285846158	S2-140482795
S1-933387266	S3-325885482
S1-105388655	S2-945524869
S1-105388655	S3-388076991
S1-105388655	S2-492717639
S1-892122426	S3-2805002
S1-892122426	S3-800547719
S1-945923461	S2-438114256
S1-64890522	S2-412612382
S1-562254651	S2-452946447
S1-562254651	S2-552748513
S1-562254651	S3-115787984
S1-794726235	S2-796348367
S1-794726235	S2-607803449
S1-794726235	S3-748316019
S1-794726235	S2-903667020
S1-794726235	S2-198654946
S1-794726235	S2-976334417
S1-794726235	S3-509453269
S1-205454093	S2-260510871
S1-205454093	S3-524822451
S1-79903226	S2-714278736
S1-79903226	S2-291586325
S1-73041969	S2-513066349
S1-73041969	S3-309486346
S1-962186722	S3-902305850
S1-804868929	S2-935668384
S1-804868929	S3-577259461
S1-804868929	S3-370069691
S1-804868929	S2-335356086
S1-814935387	S3-64292165
S1-685640651	S3-116434465
S1-592129287	S2-921802511
S1-239585973	S2-735680330
S1-239585973	S2-670053883
S1-769951244	S2-434149141
S1-523620384	S2-933978967
S1-765719117	S2-413030230
S1-765719117	S3-401064737
S1-987898179	S2-57452873
S1-987898179	S3-824829928
S1-987898179	S3-634857245
S1-987898179	S2-114402431
S1-725181298	S3-470714177
S1-480557455	S2-342222705
S1-480557455	S3-832446778
S1-190858908	S3-428697221
S1-190858908	S2-591536424
S1-835873824	S2-170642271
S1-508501476	S3-5824973
S1-910201902	S2-576169957
S1-436502268	S2-216185015
S1-436502268	S2-930490717
S1-436502268	S2-765637397
S1-405896328	S3-248131693
S1-724911696	S3-702162130
S1-724911696	S2-510774806
S1-724911696	S3-512942406
S1-724911696	S2-584587253
S1-149405540	S2-374014647
S1-643696830	S3-384204178
S1-900098753	S2-528884325
S1-900098753	S3-356743799
S1-34233845	S2-586017384
S1-555109040	S3-857409579
S1-555109040	S3-172389938
S1-555109040	S2-560096092
S1-863308142	S3-981753756
S1-863308142	S3-38722933
S1-392152884	S2-248960881
S1-392152884	S3-948265246
S1-392152884	S2-122062803
S1-392152884	S2-392836397
S1-30702100	S3-223492943
S1-180386407	S2-278896773
S1-313284692	S3-81368407
S1-119398327	S2-804819393
S1-691778227	S2-604265087
S1-691778227	S3-358520958
S1-691778227	S2-996745300
S1-691778227	S3-786280611
S1-287434608	S3-606303061
S1-999817362	S2-213189946
S1-568112829	S2-314659489
S1-781183366	S3-183587866
S1-884890823	S2-8833917
S1-69721245	S3-471450868
S1-69721245	S3-430930493
S1-365527204	S2-664815255
S1-863115217	S2-645733584
S1-863115217	S2-146060669
S1-863115217	S3-922185956
S1-992796836	S2-953673933
S1-992796836	S2-634042007
S1-992796836	S2-767591752
S1-165161737	S3-593534939
S1-194211251	S2-430213912
S1-194211251	S3-759762110
S1-941982422	S3-631020402
S1-941982422	S3-674605969
S1-538938774	S2-156195669
S1-797431307	S2-335690619
S1-646690032	S3-641231175
S1-646690032	S2-425662197
S1-958976477	S3-984735351
S1-958976477	S3-464807798
S1-958976477	S3-197071298
S1-958976477	S2-506554589
S1-684413096	S2-538846660
S1-684413096	S2-228443815
S1-684413096	S3-567068364
S1-736443100	S3-145833356
S1-736443100	S3-225869912
S1-736443100	S2-690962603
S1-736443100	S2-477729433
S1-736443100	S2-413613532
S1-515122586	S3-985599439
S1-515122586	S2-515733825
S1-538163546	S2-581356061
S1-86357373	S2-577502753
S1-86357373	S3-722086742
S1-86357373	S2-864305996
S1-913698717	S2-242767643
S1-913698717	S3-835397677
S1-913698717	S2-262406961
S1-913698717	S3-647676797
S1-913698717	S3-16101802
S1-913698717	S2-959529107
S1-26520924	S3-916450762
S1-26520924	S3-967764365
S1-64208086	S3-761357619
S1-214493159	S2-51034383
S1-262081638	S2-725504972
S1-262081638	S3-323602010
S1-176759807	S2-718537411
S1-176759807	S3-700941797
S1-176759807	S2-292195472
S1-176759807	S3-786543708
S1-244561947	S3-113986792
S1-244561947	S2-670816742
S1-244561947	S3-821517694
S1-244561947	S3-476620582
S1-271533783	S2-251961304
S1-271533783	S3-857382065
S1-271533783	S2-154987704
S1-271533783	S2-690562190
S1-771832583	S3-949173885
S1-771832583	S2-357117193
S1-619972581	S2-766651703
S1-331160605	S2-212416898
S1-981544481	S3-259700643
S1-981544481	S3-890640055
S1-839059922	S3-563050183
S1-949556111	S3-54576912
S1-766954916	S2-136517224
S1-419300693	S2-428223271
S1-419300693	S2-528052272
S1-419300693	S3-990654912
S1-573794023	S3-524782419
S1-224609458	S2-804466282
S1-801399231	S2-64733910
S1-201956712	S3-491142500
S1-201956712	S2-514910737
S1-113075102	S2-771115871
S1-113075102	S3-481521231
S1-278502265	S2-312731365
S1-475738941	S3-243484181
S1-475738941	S2-9471546
S1-795614652	S2-607299282
S1-408481550	S2-578801346
S1-945969609	S3-95926958
S1-691718324	S2-506258272
S1-884047166	S3-324293291
S1-884047166	S3-399879421
S1-884047166	S2-279369309
S1-884047166	S3-505749358
S1-884047166	S3-456683006
S1-879072088	S2-905195142
S1-879072088	S2-644567570
S1-115448435	S3-567311281
S1-115448435	S3-536367973
S1-53291309	S3-592169746
S1-834850286	S2-81954772
S1-834850286	S3-111146474
S1-932717467	S3-932952092
S1-654459650	S3-257855014
S1-654459650	S2-378504222
S1-374684817	S2-835474527
S1-6931963	S3-621520748
S1-438545685	S3-612986072
S1-438545685	S2-17340970
S1-92132738	S3-736410050
S1-542508837	S3-889204915
S1-571878720	S3-448887295
S1-571878720	S3-532403949
S1-571878720	S2-917612455
S1-728546823	S3-223962267
S1-728546823	S3-594894464
S1-728546823	S2-268366099
S1-79252587	S2-124899745
S1-79252587	S2-621651334
S1-79252587	S3-629328388
S1-311384049	S3-202678581
S1-311384049	S2-513671423
S1-311384049	S3-905263930
S1-311384049	S3-638696304
S1-311384049	S3-407232322
S1-146316306	S2-792604311
S1-616067251	S2-244033574
S1-616067251	S3-577920527
S1-616067251	S2-291319161
S1-785229368	S3-996159265
S1-785229368	S3-890646841
S1-785229368	S2-985037057
S1-785229368	S3-729577327
S1-785229368	S3-578315998
S1-785229368	S2-421420882
S1-910272680	S2-26410999
S1-910272680	S3-591276511
S1-782661913	S2-363425859
S1-782661913	S3-900875528
S1-782661913	S3-980662722
S1-782661913	S3-355906137
S1-707497230	S2-867437733
S1-596230366	S2-279168496
S1-308385950	S2-517489640
S1-308385950	S2-773344386
S1-308385950	S3-304868148
S1-308385950	S3-467321967
S1-157363705	S3-963101720
S1-157363705	S3-382540789
S1-157363705	S3-430533021
S1-366644944	S2-294073962
S1-366644944	S2-359462196
S1-366644944	S3-788727453
S1-366644944	S3-28587544
S1-627339511	S3-983892134
S1-627339511	S2-631853632
S1-627339511	S3-66256918
S1-7991601	S2-9896746
S1-681441889	S2-717439968
S1-681441889	S3-266995474
S1-811087730	S3-336257057
S1-824589594	S3-881908109
S1-598367000	S3-659184512
S1-81879213	S2-361900699
S1-81879213	S2-212196281
S1-81879213	S3-878930252
S1-353693616	S2-462563707
S1-833973093	S3-609406830
S1-540471445	S2-663926665
S1-488891453	S3-378428998
S1-488891453	S3-252099557
S1-488891453	S2-646054601
S1-889352134	S2-755414833
S1-889352134	S3-865472567
S1-889352134	S3-915407729
S1-889352134	S3-419809804
S1-889352134	S2-523667178
S1-267382562	S2-854860724
S1-865827647	S2-100974599
S1-865827647	S2-978788872
S1-865827647	S3-22132217
S1-865827647	S3-107853334
S1-865827647	S2-634693980
S1-865827647	S2-554979183
S1-686647798	S3-764802523
S1-107288856	S2-437757907
S1-107288856	S3-400124373
S1-107288856	S2-922029602
S1-683059004	S3-616791439
S1-101024217	S3-907471839
S1-101024217	S3-93627430
S1-422195154	S3-817287481
S1-422195154	S3-633751932
S1-96489600	S3-340220460
S1-825759808	S3-499999210
S1-75407222	S3-954539394
S1-50809577	S3-935626378
S1-50809577	S2-381504749
S1-595526074	S2-189487168
S1-621967857	S2-588620413
S1-132326884	S3-437327264
S1-981349197	S2-619837479
S1-981349197	S3-480873965
S1-981349197	S3-679651459
S1-981349197	S3-672792652
S1-733220747	S3-551760098
S1-733220747	S3-677709757
S1-733220747	S3-774391557
S1-828440822	S3-682852445
S1-338822986	S2-885930574
S1-439358407	S3-732484102
S1-592642690	S2-171139713
S1-592642690	S2-808894183
S1-592642690	S3-414122288
S1-592642690	S2-806285749
S1-592642690	S2-737008385
S1-521123190	S3-553312030
S1-735476620	S2-518256068
S1-32364051	S3-32906491
S1-32364051	S3-959276704
S1-32364051	S3-943626614
S1-32364051	S3-53388928
S1-32364051	S2-798231681
S1-32364051	S3-907715218
S1-349609340	S2-608937032
S1-349609340	S2-556282218
S1-349609340	S2-306485441
S1-349609340	S3-429723462
S1-770544071	S3-812411555
S1-770544071	S3-917183559
S1-770544071	S2-960490539
S1-14359427	S2-183848349
S1-14359427	S3-428937287
S1-14359427	S2-514175629
S1-531451972	S2-844539945
S1-531451972	S3-655314319
S1-932863192	S3-312130758
S1-336790068	S2-377658180
S1-82940799	S3-420725120
S1-82940799	S3-827288075
S1-82940799	S3-537898579
S1-94910295	S3-122670435
S1-94910295	S2-184474404
S1-800853164	S2-807110614
S1-800853164	S3-463995986
S1-596280337	S3-731259523
S1-596280337	S3-266870748
S1-509957986	S2-427154402
S1-908640383	S2-430578153
S1-138622980	S2-31976888
S1-138622980	S3-961252109
S1-703469159	S2-225236008
S1-635388023	S2-564685131
S1-635388023	S2-143560065
S1-635388023	S2-783587513
S1-316498144	S2-609080923
S1-316498144	S3-280169813
S1-192168461	S2-693079954
S1-192168461	S3-302861237
S1-192168461	S2-176849048
S1-178470714	S2-716338123
S1-178470714	S3-277737560
S1-178470714	S2-345721758
S1-432577375	S2-215577522
S1-432577375	S3-578084642
S1-432577375	S2-884527674
S1-432577375	S3-192179673
S1-818829106	S2-80495892
S1-714497805	S2-293391411
S1-265366093	S3-649890578
S1-430462184	S3-416812299
S1-299664205	S2-232631141
S1-299664205	S2-644135177
S1-299664205	S3-110019979
S1-299664205	S2-856127831
S1-960371545	S3-948268901
S1-471982301	S2-504774716
S1-471982301	S3-83485516
S1-767632754	S2-492013724
S1-15044257	S2-71625090
S1-591262100	S3-449227914
S1-591262100	S3-695809740
S1-478381305	S3-9111118
S1-478381305	S2-847828979
S1-478381305	S2-286063327
S1-478381305	S2-320948223
S1-478381305	S2-854791182
S1-478381305	S2-368308799
S1-273275689	S3-861240495
S1-273275689	S3-15947494
S1-899435141	S3-12010445
S1-899435141	S3-449559949
S1-33520950	S3-625749333
S1-33520950	S2-816810752
S1-33520950	S3-795822086
S1-477515115	S2-391467862
S1-110340182	S2-198219965
S1-600918902	S3-698349491
S1-600918902	S2-916705237
S1-600918902	S2-473096624
S1-313967429	S2-310650233
S1-22871932	S2-289496626
S1-681509902	S3-743280561
S1-681509902	S2-497764364
S1-681509902	S2-787129979
S1-924459372	S2-614695781
S1-924459372	S2-323891515
S1-461262429	S3-554587589
S1-736230008	S3-813555332
S1-581718181	S2-350906320
S1-370914411	S2-248727794
S1-370914411	S3-384986111
S1-532880195	S2-697676241
S1-826301373	S2-438198147
S1-415189354	S3-331417659
S1-415189354	S2-484673966
S1-415189354	S3-937246400
S1-415189354	S3-735432785
S1-415189354	S3-650749028
S1-462237869	S2-622879881
S1-462237869	S3-423316683
S1-462237869	S2-319888364
S1-121959439	S2-404919485
S1-121959439	S3-338071644
S1-781644570	S3-136934692
S1-794332511	S3-99070733
S1-794332511	S2-886939220
S1-190940009	S3-171120994
S1-190940009	S2-805236133
S1-375798132	S3-741645840
S1-618013853	S3-310239464
S1-618013853	S3-441601043
S1-287623317	S3-764699752
S1-984847460	S2-669538597
S1-984847460	S3-389009852
S1-984847460	S2-827256039
S1-984847460	S3-793359489
S1-145009430	S2-626153850
S1-692563308	S2-490231714
S1-692563308	S3-777921317
S1-692563308	S2-458535591
S1-692563308	S3-718555361
S1-115849327	S2-42398054
S1-115849327	S3-252501906
S1-115849327	S2-442579224
S1-289129046	S2-589400437
S1-289129046	S3-341741032
S1-47859289	S2-275136162
S1-245178321	S2-799559763
S1-245178321	S2-58502921
S1-348101968	S2-993156625
S1-348101968	S3-89448861
S1-348101968	S3-625950230
S1-115048925	S3-611916251
S1-54940345	S2-999692143
S1-54940345	S3-678847729
S1-359691631	S3-866544174
S1-359691631	S2-182564878
S1-32386136	S2-654351242
S1-841253868	S3-51716882
S1-929268369	S3-557248388
S1-695339852	S3-202533199
S1-177150441	S3-581587223
S1-177150441	S3-639789381
S1-180491074	S2-533360173
S1-880738200	S3-802333429
S1-880738200	S2-704066848
S1-880738200	S3-824641721
S1-744416839	S3-858983911
S1-744416839	S3-424856788
S1-744416839	S3-858377178
S1-594535077	S2-598102882
S1-594535077	S2-204576955
S1-263838697	S3-156764696
S1-28950476	S3-693402828
S1-522157789	S3-126344748
S1-657280177	S3-785509261
S1-657280177	S3-692286958
S1-805929662	S3-277834744
S1-279813873	S2-89701706
S1-925411504	S2-538240798
S1-202269281	S2-153951185
S1-722229209	S3-245915118
S1-132434735	S2-937253540
S1-219501978	S3-368786732
S1-352675749	S2-596800727
S1-352675749	S3-202524546
S1-532982923	S3-407002405
S1-532982923	S3-835721316
S1-760372154	S2-761325459
S1-405030143	S3-703580288
S1-446952047	S3-805815296
S1-446952047	S3-233962699
S1-446952047	S2-44094181
S1-175814917	S2-930173614
S1-175814917	S3-603266636
S1-548078601	S2-77961274
S1-86689015	S3-120325384
S1-842778632	S2-164302930
S1-842778632	S2-935170366
S1-842778632	S3-680857368
S1-707788945	S3-553234360
S1-707788945	S2-819936578
S1-614304829	S3-530558472
S1-97557117	S2-828965611
S1-97557117	S2-449962825
S1-97557117	S3-946424071
S1-97557117	S3-872524509
S1-307701574	S3-404388822
S1-345124160	S3-643599255
S1-345124160	S3-926671869
S1-345124160	S3-752481592
S1-345124160	S2-681229867
S1-345124160	S2-113827119
S1-345124160	S3-209025995
S1-345124160	S2-845062090
S1-188346165	S3-898884130
S1-361163977	S3-969352217
S1-361163977	S3-756845378
S1-969644810	S3-61145994
S1-969644810	S2-908195618
S1-955002951	S2-912513832
S1-955002951	S3-13430230
S1-217068993	S2-479021278
S1-217068993	S2-58179577
S1-471099148	S3-832718420
S1-471099148	S2-603644075
S1-471099148	S3-576678697
S1-304580070	S2-610963043
S1-304580070	S2-458102079
S1-824354074	S2-536745553
S1-16024549	S2-619681540
S1-16024549	S3-81290886
S1-373479106	S3-244725045
S1-535685904	S3-988342131
S1-535685904	S3-642005090
S1-380929998	S3-385637730
S1-998958364	S3-266558931
S1-998958364	S2-225874889
S1-998958364	S3-68607558
S1-998958364	S2-14901882
S1-639130431	S3-153401324
S1-639130431	S3-651143586
S1-639130431	S3-452444607
S1-639130431	S3-270242266
S1-639130431	S2-752875356
S1-639130431	S3-182988409
S1-433294598	S3-915567915
S1-628590422	S3-97554976
S1-628590422	S2-779020940
S1-628590422	S3-183173193
S1-628590422	S3-889920247
S1-691578933	S3-700610503
S1-691578933	S3-312465832
S1-199966433	S2-296706743
S1-598551035	S2-190014172
S1-598551035	S3-713824597
S1-472495860	S3-878055752
S1-472495860	S3-251825397
S1-472495860	S3-549448903
S1-452533132	S3-41142323
S1-355711284	S3-365798213
S1-229233029	S3-232736657
S1-986291805	S2-503246769
S1-986291805	S3-373909463
S1-876797983	S2-298688398
S1-876797983	S2-182627212
S1-876797983	S3-47603703
S1-539196543	S2-916944187
S1-539196543	S2-741795631
S1-777751908	S3-754236364
S1-640104145	S2-96338468
S1-272231713	S3-427063018
S1-272231713	S2-191826899
S1-132042388	S2-938266465
S1-879082608	S2-295095088
S1-286195121	S3-746667221
S1-286195121	S3-119393502
S1-372994247	S2-290762346
S1-10527448	S3-162838283
S1-10527448	S2-82709658
S1-294090810	S3-485232635
S1-124758722	S2-456440138
S1-113682816	S2-922261092
S1-958328226	S2-555829446
S1-476537898	S3-558946570
S1-94455537	S3-782102175
S1-94455537	S2-517362052
S1-94455537	S2-663929363
S1-367475626	S3-506732938
S1-924264876	S2-257031514
S1-924264876	S3-8096593
S1-924264876	S2-117773527
S1-924264876	S2-29809820
S1-807678199	S3-925964364
S1-340132183	S2-760351201
S1-340132183	S2-813753130
S1-340132183	S3-228907803
S1-567226633	S2-481138393
S1-567226633	S3-587895034
S1-567226633	S3-464535345
S1-567226633	S3-378715581
S1-567226633	S2-104320565
S1-181692203	S2-412954546
S1-963483744	S2-679186749
S1-963483744	S2-650260374
S1-735827563	S2-939027205
S1-735827563	S2-304716369
S1-705813036	S3-947194217
S1-705813036	S3-730879967
S1-705813036	S3-224553619
S1-797417116	S3-674098481
S1-998896988	S3-943524531
S1-245117506	S3-213348347
S1-423013011	S3-897357197
S1-117718243	S2-747328542
S1-787069967	S2-931737137
S1-787069967	S3-502840082
S1-887775826	S2-137023288
S1-796173207	S2-727321977
S1-959267096	S3-991855062
S1-449945040	S2-563196197
S1-449945040	S3-716468327
S1-176339251	S3-311403400
S1-176339251	S3-985602083
S1-709315387	S3-679654192
S1-966596514	S3-805422328
S1-210286427	S2-739389312
S1-729414494	S3-866050087
S1-729414494	S2-727830863
S1-729414494	S3-484961501
S1-729414494	S3-93209522
S1-215785636	S2-316967233
S1-23365831	S2-103311145
S1-23365831	S2-117207555
S1-563661845	S2-601358134
S1-563661845	S2-66437187
S1-774083726	S3-169412512
S1-774083726	S2-452368006
S1-774083726	S3-177991842
S1-378544682	S3-741183664
S1-378544682	S2-115611680
S1-378544682	S2-832443315
S1-173243454	S2-456857537
S1-804201470	S3-729045999
S1-804201470	S3-741114452
S1-67814567	S3-685285945
S1-67814567	S2-887893051
S1-67814567	S2-72519455
S1-67814567	S3-897217893
S1-67814567	S3-12313457
S1-67814567	S3-764647273
S1-255699961	S2-850714842
S1-255699961	S2-400886795
S1-826180115	S2-813217517
S1-826180115	S2-315062935
S1-533449219	S2-812502763
S1-572807322	S2-617273537
S1-572807322	S3-390755148
S1-446575894	S2-761470595
S1-584143059	S3-154174363
S1-252724762	S2-743800106
S1-193981863	S3-766431514
S1-193981863	S2-789498389
S1-193981863	S3-504627518
S1-715758857	S3-301296626
S1-964839800	S2-314543855
S1-964839800	S2-778098266
S1-964839800	S2-939068109
S1-876560756	S2-480240627
S1-305546187	S3-772128600
S1-305546187	S2-279946794
S1-305546187	S3-51356173
S1-305546187	S2-97467929
S1-305546187	S3-607669019
S1-305546187	S3-572353935
S1-976965355	S3-158921856
S1-597375365	S2-995042792
S1-597375365	S3-391782723
S1-725914498	S3-799148960
S1-999149978	S3-325607312
S1-999149978	S3-571582988
S1-184819668	S3-175849236
S1-775719961	S2-404877857
S1-775719961	S2-158601989
S1-775719961	S2-204169808
S1-201789080	S3-651570302
S1-681807707	S3-896742734
S1-681807707	S3-888239692
S1-632119632	S3-701728686
S1-632119632	S2-45236812
S1-632119632	S2-338314321
S1-632119632	S2-505661238
S1-505649839	S2-540716180
S1-505649839	S2-988020446
S1-505649839	S3-169759303
S1-505649839	S3-698290834
S1-629270532	S2-505012052
S1-106853915	S3-558198847
S1-106853915	S2-513856133
S1-425773899	S2-169576633
S1-16600592	S3-456218120
S1-464207252	S2-375644081
S1-481727707	S3-520190008
S1-481727707	S3-730603376
S1-481727707	S3-798342720
S1-481727707	S3-830918091
S1-29623996	S3-133175891
S1-738259902	S2-256061141
S1-738259902	S3-862293589
S1-668154377	S2-30710856
S1-572988916	S2-173172760
S1-572988916	S3-648725256
S1-839171901	S2-372946344
S1-839171901	S2-617307314
S1-974453651	S2-351575196
S1-974453651	S2-896624976
S1-974453651	S3-518024310
S1-750197964	S3-748531343
S1-90774061	S2-580859384
S1-524572539	S3-776705528
S1-429949581	S2-496223385
S1-429949581	S3-692199700
S1-429949581	S2-409863460
S1-429949581	S3-546105892
S1-266814219	S2-432251092
S1-266814219	S2-482176330
S1-266814219	S2-590587906
S1-973846240	S3-899889031
S1-973846240	S2-455036334
S1-47427550	S3-807155190
S1-123957761	S2-162127333
S1-115025954	S3-700626840
S1-708576871	S2-302545403
S1-440851537	S2-38736821
S1-784950448	S2-821092494
S1-784950448	S3-279998564
S1-823933990	S2-64308397
S1-823933990	S3-346766587
S1-823933990	S2-700773313
S1-821002704	S2-773208385
S1-821002704	S3-595405410
S1-821002704	S2-908601127
S1-326588181	S2-52299771
S1-326588181	S2-49812983
S1-17119551	S2-226138513
S1-17119551	S3-450245745
S1-954308653	S3-602367074
S1-954308653	S3-220456804
S1-702659242	S3-341130649
S1-707619366	S2-534903874
S1-747376114	S2-128933513
S1-408240252	S3-267014804
S1-297955922	S3-694544489
S1-297955922	S2-828687503
S1-463144296	S2-784941882
S1-840436854	S3-456506001
S1-719822928	S3-862550163
S1-796760698	S3-953730245
S1-972686011	S3-148112100
S1-867615912	S2-926937442
S1-415179196	S2-134068521
S1-415179196	S3-732156641
S1-415179196	S3-248065660
S1-415179196	S3-492425581
S1-318282816	S3-457485792
S1-318282816	S3-340767424
S1-285469412	S2-651479959
S1-285469412	S3-528515442
S1-285469412	S2-739110337
S1-820382835	S3-238006162
S1-820382835	S3-212538726
S1-820382835	S3-200985239
S1-474703746	S3-970157096
S1-572076487	S3-994703406
S1-720457684	S3-309287299
S1-71432946	S3-618539994
S1-71432946	S3-182309500
S1-792546084	S3-348029671
S1-237679895	S3-587525917
S1-237679895	S3-787407374
S1-237679895	S2-25959732
S1-237679895	S2-481972013
S1-245731679	S2-663391974
S1-397181814	S2-4615094
S1-618272864	S3-938134012
S1-853877492	S3-918823013
S1-853877492	S2-643702705
S1-853877492	S2-850135369
S1-853877492	S2-846671013
S1-337390237	S3-793659637
S1-337390237	S3-613233876
S1-890789533	S3-628919272
S1-312132978	S3-102973683
S1-931887394	S2-636395462
S1-207963002	S2-927416618
S1-485261541	S3-93024615
S1-485261541	S2-366997578
S1-251575993	S3-353079895
S1-251575993	S3-21406935
S1-29792413	S3-248466044
S1-105861523	S2-669215370
S1-105861523	S3-972142300
S1-7287303	S2-459629986
S1-611829468	S2-486712645
S1-776110945	S2-292933423
S1-776110945	S3-544931188
S1-776110945	S2-435042556
S1-149853361	S3-562919996
S1-149853361	S3-875591267
S1-21838438	S2-569840421
S1-21838438	S3-421174300
S1-707845152	S3-255827972
S1-707845152	S2-740497737
S1-237164850	S3-672223650
S1-237164850	S2-355416031
S1-294043856	S2-123030221
S1-294043856	S3-917254773
S1-915565911	S2-259968546
S1-915565911	S3-316016970
S1-854051518	S2-771003912
S1-573584181	S3-972425718
S1-205832713	S3-168298997
S1-205832713	S2-748555829
S1-427990071	S2-112228111
S1-737637824	S3-245442262
S1-716431363	S3-581995734
S1-716431363	S3-642439572
S1-716431363	S3-202134672
S1-230287837	S3-470380556
S1-910139551	S3-410324403
S1-648361447	S2-746991631
S1-648361447	S2-532818286
S1-648361447	S2-230750449
S1-648361447	S3-301530298
S1-648361447	S3-175839032
S1-648361447	S2-379708777
S1-648361447	S3-41534374
S1-693525064	S2-408129630
S1-295072422	S2-708822011
S1-295072422	S3-894489872
S1-547241141	S3-699949956
S1-947308193	S3-738496337
S1-189524584	S2-80356140
S1-189524584	S2-501227092
S1-159473450	S3-356078629
S1-159473450	S3-274865195
S1-159473450	S2-430271566
S1-608521693	S3-679226972
S1-512773821	S2-161365673
S1-740845620	S2-797997425
S1-921222457	S2-803196758
S1-740139884	S2-694406471
S1-740139884	S3-469597536
S1-263592800	S3-393037502
S1-683509500	S2-839660877
S1-507510320	S2-783998346
S1-507510320	S3-353572496
S1-900569836	S3-604156715
S1-900569836	S2-99571318
S1-929926069	S2-388104737
S1-929926069	S2-877791331
S1-929926069	S3-178904581
S1-643029004	S2-590957935
S1-643029004	S3-133935973
S1-81963049	S3-607154501
S1-81963049	S3-341145928
S1-414959574	S2-789763514
S1-476330816	S3-457184229
S1-881573020	S3-770857404
S1-441538272	S3-679066965
S1-441538272	S3-431679073
S1-435231750	S3-105712320
S1-416733955	S2-660537945
S1-416733955	S3-207274686
S1-416733955	S3-958198915
S1-137259256	S3-377964003
S1-137259256	S3-23426706
S1-590044503	S3-675943957
S1-590044503	S3-504370292
S1-590044503	S3-695648025
S1-694029275	S2-930156348
S1-694029275	S2-927824959
S1-694029275	S3-285664424
S1-694029275	S3-280723292
S1-591228414	S2-374792055
S1-488250165	S2-203478383
S1-798924893	S3-750665797
S1-798924893	S3-347959449
S1-942005349	S2-771896488
S1-113966982	S2-824906759
S1-401716814	S2-281689306
S1-401716814	S3-70397282
S1-401716814	S2-570892903
S1-517414690	S3-598338472
S1-826199622	S2-294247378
S1-936710045	S3-644910101
S1-979485495	S2-735272922
S1-979485495	S2-458763191
S1-184690695	S2-920491121
S1-176608023	S3-506602829
S1-277065749	S3-962065356
S1-277065749	S2-755138932
S1-277065749	S3-399259229
S1-601415121	S3-332621389
S1-601415121	S2-11778376
S1-601415121	S2-698519155
S1-601415121	S3-226761664
S1-601415121	S3-190087317
S1-601415121	S2-619880534
S1-601415121	S3-255709295
S1-423818047	S3-275185462
S1-528574876	S3-687313896
S1-7661049	S3-308482248
S1-7661049	S3-673519206
S1-7661049	S3-215713692
S1-7661049	S2-339261423
S1-85380687	S3-575846712
S1-85380687	S2-707896687
S1-85380687	S2-510778080
S1-281097672	S3-167808271
S1-114651993	S3-199700693
S1-97326915	S2-404636272
S1-97326915	S2-179589086
S1-884906535	S2-237752957
S1-884906535	S3-52870344
S1-30330934	S2-861631637
S1-625223734	S3-686929574
S1-625223734	S2-230202740
S1-111679567	S2-292057726
S1-111679567	S3-398556326
S1-111679567	S2-315805186
S1-188711743	S3-767354708
S1-457485364	S3-832268042
S1-895507094	S2-240924471
S1-771149464	S2-590446369
S1-771149464	S2-10447479
S1-771149464	S2-326813107
S1-771149464	S2-846096729
S1-771149464	S3-3310624
S1-773891712	S2-325348236
S1-370765885	S3-984389697
S1-121542620	S2-128923580
S1-40060069	S3-805253877
S1-40060069	S2-761929092
S1-641126221	S2-375903382
S1-641126221	S3-674143493
S1-641126221	S3-415489743
S1-285417722	S3-825099164
S1-570952262	S3-106067718
S1-570952262	S3-566281154
S1-570952262	S3-605261202
S1-299519367	S3-620835855
S1-299519367	S3-106406916
S1-299519367	S3-407573112
S1-182451378	S2-619788717
S1-911343574	S2-169860451
S1-911343574	S3-158531686
S1-503438541	S2-301629862
S1-99661235	S3-712264778
S1-26891704	S3-294230147
S1-26891704	S3-47587887
S1-92056375	S2-652081491
S1-70303484	S2-803800326
S1-70303484	S2-790669214
S1-70303484	S2-726138954
S1-799070997	S3-680007300
S1-799070997	S2-460146012
S1-287187127	S2-421395674
S1-576018981	S2-152529229
S1-627923683	S2-861955079
S1-627923683	S3-729563932
S1-825483354	S3-368454763
S1-825483354	S3-93919384
S1-419191956	S3-971006279
S1-860337354	S3-565431373
S1-860337354	S2-412522460
S1-860337354	S3-876231519
S1-512960135	S3-990380251
S1-512960135	S3-736373074
S1-512960135	S3-421587580
S1-512960135	S2-696110580
S1-920609936	S2-144535102
S1-82214588	S3-89774962
S1-486612325	S2-275244018
S1-65041355	S3-171322691
S1-261508732	S3-753916941
S1-590231484	S3-920919811
S1-590231484	S2-975334196
S1-590231484	S2-135254013
S1-590231484	S3-392238340
S1-785316978	S2-216971560
S1-165401337	S2-633102793
S1-397171769	S3-966835974
S1-92228669	S2-215264676
S1-320203337	S3-913610063
S1-320203337	S2-824540452
S1-320203337	S3-284158872
S1-590332352	S2-486830695
S1-357582798	S3-678743086
S1-357582798	S3-697103560
S1-89861463	S2-575402400
S1-89861463	S2-316017192
S1-89861463	S3-808789562
S1-89861463	S2-811268101
S1-89861463	S2-150577327
S1-558534818	S2-138280919
S1-51714260	S2-61445280
S1-767375180	S3-629604584
S1-767375180	S3-99039915
S1-767375180	S3-881023080
S1-393079559	S3-615835459
S1-550263350	S3-641521762
S1-386464849	S3-912305750
S1-731547782	S2-122882060
S1-319236806	S3-346589539
S1-319236806	S2-180437569
S1-113210842	S3-887613592
S1-113210842	S3-476605486
S1-113210842	S2-435926486
S1-113210842	S3-941119525
S1-670335754	S3-887261924
S1-670335754	S3-475271319
S1-670335754	S3-693122499
S1-871849096	S3-899212915
S1-871849096	S3-907041502
S1-250568023	S3-90133899
S1-701570756	S3-335855494
S1-824202706	S3-210876459
S1-824202706	S3-981349254
S1-868961520	S3-868879233
S1-715967572	S3-288085401
S1-142089259	S2-45984510
S1-142089259	S3-897453832
S1-188782861	S2-874888778
S1-35713417	S3-641287986
S1-35713417	S3-603154380
S1-35713417	S3-868752623
S1-177720849	S3-558279331
S1-177720849	S3-258755394
S1-177720849	S3-430047230
S1-401054714	S3-769177192
S1-479586591	S3-262514163
S1-479586591	S3-306326270
S1-515547294	S2-273897607
S1-894245933	S2-961910737
S1-96281718	S2-865046705
S1-241175370	S3-722770845
S1-241175370	S3-340605822
S1-486314907	S2-7264705
S1-946766403	S2-927192899
S1-494886049	S2-686437913
S1-494886049	S3-114043374
S1-429409377	S2-421393471
S1-429409377	S2-839663793
S1-429409377	S3-390045725
S1-701228416	S2-750540826
S1-701228416	S2-977552542
S1-701228416	S3-870059370
S1-665936581	S2-728551811
S1-675132348	S2-357407208
S1-675132348	S3-344711829
S1-675132348	S3-609996279
S1-645491884	S2-435577990
S1-645491884	S3-624839089
S1-678068168	S2-124246139
S1-678068168	S3-594823281
S1-678068168	S2-399305850
S1-678068168	S2-576680837
S1-678068168	S3-687596640
S1-618021257	S3-70773528
S1-501525088	S2-967878098
S1-634026622	S3-670120328
S1-634026622	S3-513395725
S1-634026622	S2-699087823
S1-94450685	S2-474817395
S1-891559153	S2-762518174
S1-727054513	S3-422628854
S1-568461118	S3-337743058
S1-757246252	S2-373713428
S1-757246252	S2-799796875
S1-757246252	S3-583419428
S1-757246252	S3-799474868
S1-660421292	S3-41737981
S1-660421292	S3-126834925
S1-660421292	S3-86022400
S1-660421292	S3-270891723
S1-617988053	S3-202383949
S1-867795378	S3-900060182
S1-867795378	S3-642426166
S1-488599637	S3-730752686
S1-331148291	S3-364097401
S1-252157564	S3-97903245
S1-273296313	S3-72771157
S1-273296313	S3-618512128
S1-273296313	S2-348691984
S1-273296313	S2-711885583
S1-82384583	S2-946434219
S1-798113007	S2-537188755
S1-145433641	S2-224376847
S1-753194868	S3-113525475
S1-881844760	S2-85702840
S1-881844760	S2-276657096
S1-930179127	S3-129366899
S1-153366630	S3-844229002
S1-832143878	S3-951518340
S1-153379787	S2-85419911
S1-593443353	S2-831236954
S1-593443353	S3-991802388
S1-593443353	S3-145212107
S1-951193405	S3-178371163
S1-84889002	S3-984198068
S1-224651126	S2-727068771
S1-796057671	S2-217531148
S1-456840684	S2-559728628
S1-937333741	S3-321872425
S1-937333741	S3-879725
S1-251158768	S2-574140888
S1-361648359	S3-812607930
S1-688982619	S2-676381342
S1-688982619	S2-28931772
S1-414104612	S3-882883783
S1-698885017	S3-397202959
S1-969356205	S3-299300155
S1-115473999	S2-379806574
S1-115473999	S3-432415723
S1-690402653	S2-142204677
S1-911423430	S3-485689074
S1-911423430	S2-25848132
S1-209451779	S2-849111749
S1-209451779	S3-492243003
S1-209451779	S2-412568264
S1-723830741	S2-61882838
S1-723830741	S2-385673707
S1-346883631	S3-241132607
S1-346883631	S2-247284130
S1-346883631	S3-947155954
S1-346883631	S2-195391113
S1-515436159	S3-282983519
S1-515436159	S2-845497203
S1-515436159	S3-802861514
S1-515436159	S3-151523156
S1-249302763	S2-263533006
S1-672366118	S3-181704753
S1-302793016	S2-856731476
S1-702034445	S3-745972952
S1-849664549	S3-386995162
S1-849664549	S3-225577336
S1-849664549	S3-779182330
S1-849664549	S3-670576248
S1-919598854	S2-453494411
S1-919598854	S3-888165676
S1-789788161	S2-839701839
S1-676420343	S2-587313666
S1-481254921	S3-452992869
S1-950529688	S3-349951718
S1-950529688	S3-470650901
S1-950529688	S3-442775701
S1-950529688	S3-19540552
S1-947396716	S3-325032711
S1-947396716	S3-207635822
S1-947396716	S2-321942660
S1-954830984	S2-822101173
S1-350164614	S2-663113922
S1-350164614	S3-820191572
S1-350164614	S2-605108589
S1-350164614	S2-640643611
S1-768711116	S2-792336281
S1-130608278	S3-765848778
S1-553025738	S3-82134184
S1-553025738	S3-779470221
S1-609755534	S3-43306546
S1-609755534	S3-857151530
S1-59673741	S2-484705963
S1-917662310	S2-785620940
S1-917662310	S2-574601547
S1-612309102	S3-641013388
S1-77917594	S3-596978610
S1-3376774	S2-782347953
S1-43000667	S3-342016885
S1-43000667	S3-290773189
S1-43000667	S2-777675661
S1-902571577	S3-855747241
S1-152872807	S3-958914952
S1-554536387	S2-817104918
S1-554536387	S3-707769393
S1-554536387	S2-770038432
S1-426027439	S2-678405644
S1-426027439	S3-847956129
S1-592120787	S3-761593058
S1-860835129	S3-961093485
S1-860835129	S2-759908166
S1-860835129	S2-99779025
S1-196386478	S3-761588365
S1-196386478	S2-271890464
S1-54299983	S2-865385222
S1-54299983	S3-515535013
S1-810276312	S2-830971701
S1-973938040	S3-737619343
S1-970547924	S3-954966088
S1-743460843	S3-981271087
S1-743460843	S3-663539114
S1-785489073	S3-688901682
S1-744485294	S2-814912294
S1-744485294	S2-48895768
S1-744485294	S3-674486272
S1-500005618	S3-835843661
S1-500005618	S2-948075804
S1-132872750	S3-909117007
S1-707429551	S3-428714801
S1-37567066	S2-371810421
S1-37567066	S2-736701875
S1-37567066	S2-921701805
S1-376245106	S2-237481258
S1-376245106	S3-748523528
S1-376245106	S2-903571172
S1-376245106	S2-294593799
S1-376245106	S3-942403420
S1-376245106	S3-58713599
S1-376245106	S3-542170117
S1-42131124	S3-219613160
S1-42131124	S2-553146651
S1-786488609	S2-205928124
S1-786488609	S3-461705789
S1-786488609	S3-920629126
S1-786488609	S3-463561307
S1-440925287	S3-365263895
S1-440925287	S2-116078203
S1-440925287	S2-983509438
S1-697826344	S2-426732639
S1-164788880	S2-810083790
S1-164788880	S3-943964927
S1-164788880	S2-338104581
S1-164788880	S3-11728799
S1-308168696	S2-96805690
S1-308168696	S2-804077374
S1-854704363	S3-416256964
S1-101749027	S3-175597246
S1-809496264	S2-922109862
S1-809496264	S3-388935247
S1-809496264	S2-832171072
S1-918379243	S2-290018628
S1-918379243	S2-699179977
S1-918379243	S3-338387131
S1-830685201	S3-750049561
S1-830685201	S2-466617135
S1-830685201	S2-196844553
S1-26375624	S3-861782754
S1-26375624	S3-407990243
S1-211737492	S3-537906475
S1-211737492	S2-3830069
S1-969346260	S3-467805314
S1-969346260	S3-47780749
S1-969346260	S2-583631798
S1-807859830	S3-674806055
S1-951154495	S2-347627193
S1-951154495	S2-572485543
S1-951154495	S3-781260374
S1-951154495	S2-681589177
S1-951154495	S3-45980713
S1-972615313	S2-790457626
S1-972615313	S3-338101317
S1-877342537	S2-529873947
S1-269807050	S3-574301754
S1-269807050	S3-595475739
S1-517742852	S3-349010287
S1-103633564	S3-12996608
S1-103633564	S3-243348846
S1-64469794	S2-314108959
S1-64469794	S2-747907648
S1-64469794	S3-805762552
S1-132686027	S3-381303973
S1-132686027	S2-854312810
S1-132686027	S2-54585799
S1-29972134	S3-590187379
S1-885656994	S3-625385680
S1-885656994	S2-460826245
S1-885656994	S3-372520945
S1-710314369	S3-588764115
S1-928969315	S2-988239073
S1-928969315	S3-9378461
S1-784698424	S3-40195093
S1-784698424	S2-165198188
S1-784698424	S2-216953876
S1-391390427	S3-926075075
S1-744552776	S3-322199103
S1-136410180	S2-489463321
S1-136410180	S3-993149070
S1-136410180	S3-816678618
S1-881554221	S3-298494186
S1-189512501	S2-395324830
S1-189512501	S3-984289037
S1-189512501	S3-507175327
S1-189512501	S3-5223503
S1-189512501	S2-339697995
S1-958410552	S2-896774930
S1-511196665	S3-216182524
S1-164862658	S2-508717575
S1-164862658	S3-931941973
S1-164862658	S3-533964007
S1-516379574	S2-164678364
S1-70282111	S3-940811105
S1-70282111	S3-47146965
S1-70282111	S2-790925307
S1-561838084	S3-815496937
S1-561838084	S2-108267074
S1-738433772	S3-641470444
S1-507861937	S2-968343832
S1-938159447	S2-70284579
S1-938159447	S3-579863257
S1-938159447	S2-97080997
S1-225745669	S2-121782233
S1-225745669	S3-257337616
S1-687180906	S2-578048871
S1-831132128	S3-173966662
S1-651334439	S3-807355532
S1-651334439	S2-776045724
S1-651334439	S3-781349586
S1-208262630	S3-943965147
S1-82372307	S2-265098259
S1-82372307	S2-959554735
S1-537325742	S3-971769963
S1-644588575	S2-328576602
S1-599613047	S3-866689510
S1-599613047	S3-888560136
S1-812880977	S2-663917039
S1-461371452	S3-681282590
S1-1672496	S2-449968628
S1-1672496	S2-725346695
S1-1672496	S3-150126644
S1-123195631	S2-667866984
S1-29552527	S3-721412106
S1-29552527	S3-797305482
S1-29552527	S3-259364233
S1-355288574	S3-358857578
S1-411419078	S3-187501491
S1-527714578	S3-428979763
S1-527714578	S3-661530510
S1-855586527	S2-406640776
S1-855586527	S2-946292992
S1-852529076	S2-3298172
S1-679958204	S3-547334314
S1-442839013	S3-23056548
S1-206486818	S3-509217779
S1-986170660	S3-364559471
S1-986170660	S3-458922906
S1-518605215	S3-83108677
S1-518605215	S3-726385115
S1-518605215	S3-718047381
S1-518605215	S2-806018388
S1-799854592	S2-474021349
S1-401738044	S2-415148548
S1-933082709	S3-677731899
S1-873403679	S2-691078529
S1-581379004	S3-525751817
S1-451052771	S3-77647408
S1-451052771	S3-616561899
S1-451052771	S3-866961311
S1-451052771	S3-406129170
S1-415109001	S2-539721351
S1-942905699	S2-501937751
S1-942905699	S2-568234053
S1-786170207	S3-44389023
S1-427981455	S3-800616625
S1-427981455	S3-481712991
S1-473505890	S3-606006884
S1-620110476	S3-436059496
S1-620110476	S2-420226853
S1-530316644	S3-605046332
S1-831233030	S2-632748661
S1-189882839	S3-112263963
S1-189882839	S2-359106872
S1-189882839	S3-166105457
S1-762314482	S3-653366846
S1-762314482	S3-748989973
S1-762314482	S3-360700486
S1-235106257	S3-453615954
S1-148126467	S3-87024736
S1-148126467	S2-543850823
S1-552448400	S2-857830829
S1-552448400	S3-86113573
S1-552448400	S3-108161300
S1-976596915	S2-885738142
S1-906959732	S2-586743138
S1-906959732	S3-916828519
S1-906959732	S3-364172824
S1-906959732	S2-201670417
S1-249589298	S3-67957282
S1-249589298	S3-875903294
S1-249589298	S2-770374909
S1-249589298	S3-791986530
S1-387004804	S2-593524691
S1-642344280	S3-295189902
S1-642344280	S2-157678836
S1-449684711	S2-182194010
S1-449684711	S2-998359517
S1-449684711	S2-15725772
S1-449684711	S2-631654434
S1-502227432	S3-49386844
S1-502227432	S2-243033930
S1-502227432	S3-939015005
S1-924519004	S2-608393824
S1-924519004	S2-454906420
S1-727748445	S2-643186314
S1-727748445	S3-236526098
S1-991387820	S2-858392031
S1-991387820	S2-877858471
S1-991387820	S2-175888681
S1-573197357	S3-601928702
S1-573197357	S3-511168470
S1-573197357	S2-519859107
S1-276859171	S3-346170351
S1-276859171	S3-815190806
S1-574130531	S3-695485660
S1-902043415	S2-318553591
S1-902043415	S3-925592371
S1-7328677	S3-80398262
S1-7328677	S2-468154800
S1-7328677	S3-943722009
S1-306644575	S2-163014050
S1-151925114	S2-957448103
S1-151925114	S2-631732795
S1-151925114	S3-80203474
S1-151925114	S3-761424974
S1-89547789	S2-778733500
S1-795305226	S3-301073084
S1-572249649	S3-882246939
S1-343781577	S3-823558635
S1-343781577	S2-501993983
S1-343781577	S3-272595904
S1-343781577	S2-716604878
S1-343781577	S3-623771154
S1-285113011	S3-351377737
S1-519697837	S2-456485684
S1-519697837	S3-991142460
S1-519697837	S3-30683667
S1-836425216	S2-98954341
S1-836425216	S2-612516964
S1-836425216	S3-964307011
S1-836425216	S3-752645783
S1-199977241	S2-5426899
S1-984578880	S2-805655893
S1-555389281	S3-22121038
S1-334483019	S3-432950411
S1-548335779	S2-895211175
S1-90212434	S2-113927944
S1-153055092	S2-362869309
S1-153055092	S2-68926236
S1-682438448	S3-87576937
S1-756604500	S3-78460781
S1-887014073	S2-690900333
S1-334739509	S3-176843304
S1-14912799	S2-241919548
S1-948450453	S3-79716988
S1-831918016	S3-568407473
S1-831918016	S3-451526255
S1-424276697	S2-835991063
S1-117147868	S2-91333313
S1-744879168	S2-695632212
S1-803824872	S3-246124584
S1-278598878	S3-600928705
S1-278598878	S2-718143184
S1-668837276	S3-38627613
S1-668837276	S2-684448270
S1-668837276	S3-498098603
S1-668837276	S2-846727054
S1-603596406	S3-869493120
S1-246640195	S3-625129848
S1-969918600	S2-135450617
S1-969918600	S2-197172941
S1-969918600	S2-692222718
S1-969918600	S3-342192782
S1-183874312	S3-989995246
S1-257446515	S3-49370363
S1-257446515	S2-490236849
S1-257446515	S3-969247997
S1-257446515	S2-197305711
S1-450137445	S2-411733525
S1-649011663	S2-515323137
S1-914464560	S2-944651327
S1-764628525	S2-502522959
S1-904275931	S2-111194613
S1-904275931	S3-931890420
S1-904275931	S3-957700171
S1-904275931	S2-26760677
S1-51969313	S2-66030161
S1-417336326	S3-689254286
S1-417336326	S2-600691475
S1-56187202	S3-893047832
S1-56187202	S2-841041733
S1-56187202	S3-341502187
S1-431994358	S3-541860445
S1-431994358	S2-457277036
S1-106797040	S3-572050276
S1-142077242	S2-307549206
S1-142077242	S3-703204174
S1-142077242	S3-232799316
S1-142077242	S2-470938026
S1-155638034	S3-907786031
S1-451095206	S2-890750092
S1-117446451	S3-787475148
S1-471562332	S3-598121814
S1-496434660	S2-898614824
S1-496434660	S2-782377268
S1-496434660	S2-209268266
S1-496434660	S2-954380643
S1-812216982	S3-591236618
S1-312619183	S3-236369153
S1-286968460	S2-449060136
S1-286968460	S2-662416113
S1-381902702	S2-771817279
S1-381902702	S3-797946857
S1-381902702	S2-681027078
S1-664017983	S2-43071444
S1-664017983	S2-801710247
S1-826103007	S3-628389304
S1-826103007	S2-15951966
S1-709785297	S2-303475921
S1-733947315	S2-806730075
S1-733947315	S3-685632026
S1-733947315	S2-763391976
S1-636568133	S2-221408336
S1-636568133	S3-203699122
S1-636568133	S3-139746177
S1-449778213	S3-459523617
S1-248489449	S3-498869648
S1-642968610	S2-440242341
S1-642968610	S3-694629719
S1-642968610	S3-85428546
S1-642968610	S3-110511335
S1-333482600	S3-485786260
S1-293516117	S2-954435575
S1-293516117	S3-588448060
S1-293516117	S3-246121863
S1-538478048	S3-833715562
S1-69290437	S2-696111544
S1-514240347	S3-38850213
S1-20291677	S2-218611694
S1-880419555	S2-60238035
S1-565097153	S3-303206824
S1-767902798	S2-440073811
S1-767902798	S3-341466156
S1-760030978	S2-22110951
S1-288498277	S2-278677781
S1-592188320	S3-386502215
S1-592188320	S3-657606784
S1-592188320	S2-711908082
S1-63345068	S2-820166571
S1-63345068	S2-12126122
S1-825589646	S3-530340342
S1-78786358	S3-986477835
S1-988857837	S2-471074983
S1-988857837	S3-545026514
S1-988857837	S2-977059291
S1-91975053	S3-248109563
S1-91975053	S2-978584242
S1-91975053	S3-728860398
S1-91975053	S3-732664123
S1-91975053	S3-884168797
S1-634219100	S2-856739940
S1-634219100	S2-852840012
S1-64819565	S3-513237504
S1-147356850	S2-995842209
S1-147356850	S3-155260249
S1-811690814	S2-51001950
S1-15302319	S3-572868235
S1-15302319	S2-648413442
S1-513883164	S2-777498384
S1-513883164	S3-460993289
S1-513883164	S2-630129770
S1-264398628	S2-744205718
S1-264398628	S2-284822601
S1-264398628	S3-393147077
S1-559623623	S2-573988773
S1-983870058	S2-632455531
S1-983870058	S3-783209660
S1-788552346	S3-716496262
S1-270386930	S2-815937787
S1-829467807	S2-863560828
S1-398744069	S3-379245694
S1-247643095	S3-563705845
S1-406606993	S2-428970514
S1-431727410	S2-992174563
S1-153306533	S3-992175151
S1-174815445	S3-547928508
S1-518019134	S2-877909006
S1-433708838	S3-386133395
S1-261742597	S3-404507116
S1-261742597	S2-300108042
S1-261742597	S3-547332315
S1-814169525	S3-412784038
S1-814169525	S3-673404091
S1-964390558	S2-352120347
S1-346208610	S3-471075075
S1-908738247	S3-973654673
S1-908738247	S3-938696357
S1-908738247	S3-580441837
S1-908738247	S3-107288794
S1-351703709	S2-189111689
S1-351703709	S3-209935973
S1-351703709	S2-118728882
S1-80782883	S2-401759224
S1-72386104	S3-93368400
S1-72386104	S2-983314663
S1-916465628	S2-445725755
S1-975835180	S2-88605612
S1-674220188	S2-571645077
S1-674220188	S2-209560785
S1-570967352	S2-329043024
S1-570967352	S3-235758293
S1-570967352	S2-233216377
S1-916716203	S2-140003541
S1-916716203	S2-264913098
S1-916716203	S3-819318118
S1-916716203	S2-75113123
S1-916716203	S3-233598513
S1-792795484	S2-204665779
S1-732585403	S2-679516073
S1-22454411	S2-232830857
S1-22454411	S3-108555271
S1-68319230	S2-270078224
S1-68319230	S2-265686479
S1-958525502	S3-38164722
S1-958525502	S2-959076941
S1-958525502	S3-232191878
S1-958525502	S3-311903432
S1-124924979	S3-458754320
S1-140255825	S3-717507765
S1-162967794	S2-279377276
S1-86014345	S2-299943316
S1-866671793	S3-21237032
S1-866671793	S3-64646185
S1-197689994	S3-844626060
S1-894879919	S3-582468914
S1-810979855	S3-628159716
S1-810979855	S2-816747449
S1-105138178	S2-747026748
S1-917581873	S3-254371883
S1-311529946	S3-270182504
S1-700270908	S3-489144456
S1-510815479	S3-94997522
S1-510815479	S2-975984680
S1-874534993	S2-41219277
S1-874534993	S3-301690808
S1-356035558	S2-898829991
S1-356035558	S3-523910391
S1-585432353	S3-999071249
S1-585432353	S2-884225442
S1-585432353	S2-367434568
S1-420260366	S3-13162481
S1-497763712	S3-320685464
S1-497763712	S2-413230258
S1-497763712	S2-51985872
S1-497763712	S3-422833828
S1-497763712	S3-693271333
S1-982193947	S2-217992896
S1-902203668	S3-617420874
S1-902203668	S3-365625367
S1-4746877	S3-832443725
S1-96681602	S2-798634062
S1-96681602	S3-177246473
S1-96099187	S2-875460753
S1-940260807	S3-109585690
S1-940260807	S3-721188246
S1-257640539	S3-110872684
S1-238679340	S2-130016335
S1-745515075	S2-987709967
S1-745515075	S3-804888191
S1-67181760	S3-240223311
S1-67181760	S3-690558505
S1-67181760	S3-429096552
S1-109573181	S2-51812446
S1-233989283	S3-269717122
S1-584742047	S2-263833118
S1-584742047	S2-794123618
S1-321771941	S2-787075030
S1-408943949	S3-634088956
S1-52570763	S3-597689810
S1-52570763	S3-654636205
S1-52570763	S3-762955274
S1-538586138	S2-749138644
S1-538586138	S2-797205323
S1-538586138	S3-258948044
S1-538586138	S2-678946197
S1-675990208	S3-816569666
S1-872147964	S3-522108758
S1-339016439	S3-193427873
S1-222174074	S3-140059117
S1-222174074	S3-712012045
S1-222174074	S2-638659522
S1-222174074	S2-692813948
S1-222174074	S2-595002407
S1-222174074	S2-940404072
S1-275317	S3-407239790
S1-14851611	S2-671848045
S1-469011045	S3-800846181
S1-77006301	S2-287907625
S1-815193461	S2-940189242
S1-815193461	S3-917518416
S1-815193461	S3-960519940
S1-815193461	S3-479683191
S1-373761226	S3-869873351
S1-373761226	S3-348658626
S1-290213561	S3-73720127
S1-866713832	S2-832309673
S1-866713832	S3-560519823
S1-239625837	S2-45033444
S1-640738132	S2-398355241
S1-831316026	S3-50881703
S1-147676258	S2-462386720
S1-147676258	S3-579478323
S1-237868790	S2-822669633
S1-72546944	S3-8666877
S1-72546944	S3-830210438
S1-72546944	S2-310772102
S1-750731008	S2-18165998
S1-934342499	S2-889749602
S1-409821183	S2-967968441
S1-906495876	S2-260286664
S1-906495876	S3-2487510
S1-265545333	S3-237241805
S1-265545333	S3-229112224
S1-265545333	S2-779342230
S1-704362275	S2-513290854
S1-704362275	S2-347314435
S1-704362275	S3-191832001
S1-704362275	S2-419268994
S1-401118135	S3-691009884
S1-967342040	S2-869153881
S1-587752458	S3-327379043
S1-342539742	S2-49697898
S1-390681776	S3-493507007
S1-753347342	S2-803750311
S1-948977518	S2-510564024
S1-878595247	S3-836974549
S1-152122498	S3-279179689
S1-152122498	S3-522071472
S1-152122498	S3-227289693
S1-152122498	S2-817174714
S1-657366270	S3-244033658
S1-657366270	S2-283789026
S1-587888688	S3-497832970
S1-365337962	S2-48480489
S1-365337962	S3-962412948
S1-365337962	S2-130214886
S1-681460087	S2-299233189
S1-963210565	S2-179452483
S1-963210565	S3-694141073
S1-963210565	S3-911545865
S1-963210565	S3-560725196
S1-963210565	S2-595272160
S1-123516965	S2-166453741
S1-777729240	S3-600730760
S1-683156812	S3-221198895
S1-683156812	S3-857656577
S1-877106273	S2-874906535
S1-877106273	S3-998172370
S1-877106273	S3-503893152
S1-575473463	S3-693830440
S1-575473463	S3-835638484
S1-575473463	S2-797068273
S1-575473463	S2-46275692
S1-575473463	S2-269112125
S1-937331608	S2-344555297
S1-937331608	S2-860216817
S1-937331608	S3-765156294
S1-257447308	S3-970432948
S1-523036992	S2-380758456
S1-1379894	S2-57885441
S1-573739481	S3-944300684
S1-730189497	S2-220315204
S1-645759129	S2-117341809
S1-645759129	S3-142871234
S1-645759129	S3-472011363
S1-550115716	S2-193918119
S1-201520480	S3-32320826
S1-201520480	S2-575396971
S1-201520480	S2-651849989
S1-201520480	S3-159886797
S1-201520480	S2-785708848
S1-458886561	S3-741572956
S1-458886561	S2-729026229
S1-845202066	S2-527928010
S1-845202066	S3-459628105
S1-169406293	S3-128999130
S1-108940563	S3-846407429
S1-476236485	S2-778138876
S1-933814024	S2-576214351
S1-933814024	S3-552431797
S1-933814024	S3-348317770
S1-884647700	S2-289683697
S1-355426156	S2-610701295
S1-355426156	S3-602031568
S1-355426156	S2-383092114
S1-514754000	S2-861587004
S1-863157843	S2-779969600
S1-836395356	S2-457800826
S1-563800771	S2-978267101
S1-563800771	S2-115115626
S1-256857778	S3-559747278
S1-988421191	S2-19962037
S1-988421191	S3-913956010
S1-812211499	S3-975658142
S1-810475160	S2-379573207
S1-19721160	S2-891323331
S1-19721160	S3-364516223
S1-928256860	S3-624173309
S1-928256860	S3-252900041
S1-209488026	S3-370160092
S1-259891798	S3-923321795
S1-260442634	S3-293021980
S1-260442634	S3-942431597
S1-839602718	S3-791240267
S1-839602718	S2-988386172
S1-367758406	S2-920773435
S1-367758406	S2-215135454
S1-367758406	S3-348122899
S1-367758406	S2-43078290
S1-343939924	S3-349353502
S1-189541927	S2-820363038
S1-189541927	S3-955634241
S1-189541927	S2-491325481
S1-189541927	S2-118766155
S1-34778658	S3-153780089
S1-34778658	S3-232525698
S1-782870727	S3-681400715
S1-777831589	S2-864988525
S1-614615752	S3-599755400
S1-504788810	S3-737871631
S1-30605783	S3-742933419
S1-30605783	S2-892778209
S1-447452795	S2-995233298
S1-471722590	S3-335505354
S1-471722590	S2-952819650
S1-673096539	S2-726188137
S1-673096539	S3-683736526
S1-673096539	S3-8197431
S1-12821483	S3-277778490
S1-12821483	S2-897362607
S1-12821483	S3-310043416
S1-449510805	S2-267077799
S1-355537148	S3-297757575
S1-424091517	S2-329073986
S1-819869166	S3-867639738
S1-348045885	S3-82764079
S1-333490625	S3-75318280
S1-702598492	S3-978578057
S1-702598492	S3-795549111
S1-462045917	S3-395400821
S1-224449897	S2-117651325
S1-161410025	S3-862091322
S1-721298051	S3-709001950
S1-981677205	S3-963958064
S1-981677205	S2-57885667
S1-584231784	S3-930654673
S1-584231784	S3-936040429
S1-973837845	S2-742368254
S1-523193778	S3-869622005
S1-523193778	S3-587499057
S1-200588940	S3-830773576
S1-893757859	S3-287118004
S1-893757859	S3-600170112
S1-893757859	S2-651615239
S1-893757859	S3-258112805
S1-893757859	S3-299795282
S1-181683964	S2-962826336
S1-971607141	S2-235749336
S1-971607141	S3-481797333
S1-971607141	S2-233912114
S1-971607141	S2-77257714
S1-971607141	S2-790691701
S1-971607141	S2-576049823
S1-529513488	S3-471937496
S1-529513488	S2-450150163
S1-529513488	S2-848792707
S1-528137138	S3-769024714
S1-580058896	S3-24507971
S1-60901359	S2-585816556
S1-587838157	S2-771693435
S1-322976653	S2-789856176
S1-322976653	S3-148718940
S1-322976653	S2-947871188
S1-41881544	S3-859099996
S1-41881544	S3-561130288
S1-365618702	S3-5815701
S1-365618702	S3-832075651
S1-844056669	S2-268684474
S1-27515495	S3-297387235
S1-27515495	S2-299417408
S1-806318376	S2-318876692
S1-284811832	S2-348358468
S1-667220471	S3-52227247
S1-9058329	S2-914926873
S1-9058329	S3-256505507
S1-53705002	S2-122246077
S1-53705002	S2-579929493
S1-53705002	S3-384085853
S1-53705002	S2-934697146
S1-291497962	S3-569527886
S1-836928769	S3-203089989
S1-836928769	S2-253303918
S1-836928769	S3-366014612
S1-836928769	S2-535447555
S1-565832520	S2-141292660
S1-565832520	S3-550612194
S1-565832520	S2-488730437
S1-26706170	S3-855352837
S1-26706170	S2-71504713
S1-26706170	S3-464095011
S1-26706170	S2-213315547
S1-589918593	S3-361849665
S1-589918593	S3-421800419
S1-589918593	S3-165097319
S1-377008640	S3-429801492
S1-377008640	S2-179847826
S1-947438926	S3-708354576
S1-69773616	S3-779174134
S1-69773616	S2-224029914
S1-69773616	S3-887561841
S1-425829834	S2-179319383
S1-425829834	S2-948425830
S1-425829834	S3-406174233
S1-425829834	S3-872622295
S1-329417596	S3-934190851
S1-140878201	S3-12705426
S1-140878201	S3-444207070
S1-140878201	S3-897848886
S1-606737470	S3-160771194
S1-606737470	S2-695537355
S1-163995627	S2-300084697
S1-727395050	S3-932460232
S1-727395050	S3-769754923
S1-215731490	S2-44477367
S1-215731490	S3-452608088
S1-300131573	S2-822093290
S1-300293538	S3-481994827
S1-300293538	S2-610513877
S1-960496714	S2-573605773
S1-960496714	S2-591701829
S1-540827638	S3-396855576
S1-458467008	S3-125469230
S1-458467008	S2-460317344
S1-307965410	S3-141437095
S1-481144521	S3-321830945
S1-481144521	S2-879100168
S1-164117220	S2-293845559
S1-9370551	S3-235432819
S1-9370551	S2-159035589
S1-544401256	S3-345184060
S1-960926470	S2-513687898
S1-79455169	S2-623902233
S1-79455169	S2-623916562
S1-79455169	S2-302594228
S1-79455169	S3-53142776
S1-701914431	S3-829065118
S1-855980356	S2-99921931
S1-855980356	S3-246570558
S1-495055582	S3-171600397
S1-70129000	S2-929831160
S1-531432991	S3-709153584
S1-264542254	S3-555805141
S1-852241409	S3-56297632
S1-852241409	S2-395682292
S1-852241409	S3-145959993
S1-852241409	S3-64651095
S1-852241409	S2-349534390
S1-852241409	S3-291832153
S1-848397849	S3-664119153
S1-848397849	S2-662993715
S1-848397849	S3-214362903
S1-385363013	S2-449748972
S1-385363013	S3-929230115
S1-583492379	S3-148525538
S1-158130696	S2-807862114
S1-865568160	S3-201424250
S1-152965028	S2-487815740
S1-152965028	S3-2394243
S1-13420906	S2-42561257
S1-13420906	S3-298526983
S1-13420906	S3-231175841
S1-895123100	S3-742186555
S1-471353513	S2-849877793
S1-471353513	S2-631048292
S1-573866637	S2-189522312
S1-573866637	S3-560978766
S1-298318965	S3-763046271
S1-727229782	S3-666153693
S1-727229782	S3-698218496
S1-727229782	S3-36998265
S1-554999813	S3-401242354
S1-554999813	S3-745321047
S1-218744607	S3-667645830
S1-218744607	S2-358590463
S1-197117137	S3-575691277
S1-642924679	S2-994545251
S1-261315436	S2-245680592
S1-261315436	S2-921475072
S1-950854203	S2-790656759
S1-721700246	S3-901295661
S1-953395604	S2-807457356
S1-953395604	S2-151322740
S1-300865311	S2-124212423
S1-300865311	S3-636748397
S1-300865311	S3-272222554
S1-272251222	S2-513016718
S1-99763334	S3-947367403
S1-99763334	S2-273589692
S1-143835528	S2-683116763
S1-568204440	S2-63334481
S1-568204440	S2-239942506
S1-568204440	S2-289292547
S1-102727993	S2-358372428
S1-102727993	S3-643677707
S1-797180997	S3-334022255
S1-797180997	S3-733686240
S1-890444173	S2-731349820
S1-77667706	S3-659932625
S1-454637224	S2-113651970
S1-454637224	S3-985450904
S1-170405986	S3-546473733
S1-999148733	S3-682834539
S1-588589490	S3-783905946
S1-761929659	S3-694787662
S1-825261075	S3-377400739
S1-825261075	S2-845154876
S1-825261075	S2-272447422
S1-825261075	S2-941905983
S1-517375875	S2-700045096
S1-517375875	S3-715465981
S1-79769890	S2-742547453
S1-190341288	S2-24633586
S1-190341288	S2-263133060
S1-190341288	S2-858641957
S1-190341288	S2-809226226
S1-190341288	S2-317611985
S1-221395738	S2-243623380
S1-221395738	S3-753862833
S1-221395738	S2-3326514
S1-221395738	S2-297334132
S1-889148257	S2-202552694
S1-889148257	S2-58410768
S1-12708812	S3-53860614
S1-761106449	S3-277266597
S1-761106449	S3-146166819
S1-343948153	S3-80589890
S1-772828853	S2-782111212
S1-772828853	S3-578819027
S1-772828853	S3-538241224
S1-665253088	S2-108200111
S1-665253088	S2-949761980
S1-774043360	S3-731257058
S1-878441459	S2-39967430
S1-878441459	S3-728994873
S1-107777842	S2-546252829
S1-718128735	S3-705310564
S1-718128735	S2-657278430
S1-718128735	S3-417391646
S1-589981529	S3-24463195
S1-733471026	S2-489944204
S1-1769119	S3-616878527
S1-938843572	S3-778881255
S1-22259924	S2-450284170
S1-22259924	S2-708182584
S1-909913721	S2-603059478
S1-346734784	S2-646501867
S1-346734784	S3-538413460
S1-513676982	S3-171110315
S1-857107134	S3-486577364
S1-423744797	S3-148312315
S1-423744797	S2-443222021
S1-483495068	S2-291342856
S1-284688993	S2-608134773
S1-284688993	S3-432505348
S1-881528976	S2-986961041
S1-881528976	S2-629461480
S1-881528976	S2-974370243
S1-512724811	S3-74603868
S1-53594766	S3-786593837
S1-53594766	S3-448228293
S1-677425825	S2-631184187
S1-286601834	S3-330552969
S1-286601834	S2-204086435
S1-798164216	S2-350995824
S1-798164216	S3-840252601
S1-730507787	S2-383461013
S1-604566475	S2-362150385
S1-16597341	S3-257973954
S1-16597341	S3-216676131
S1-297686000	S2-465135297
S1-297686000	S3-473160061
S1-297686000	S3-76751278
S1-297686000	S3-623617587
S1-297686000	S2-957576344
S1-942856953	S3-842527200
S1-436403929	S3-750517553
S1-503318890	S3-966852240
S1-503318890	S3-945180113
S1-503318890	S3-871618726
S1-503318890	S2-674914600
S1-214268182	S2-708534895
S1-214268182	S2-66740882
S1-295996248	S2-789744707
S1-295996248	S3-729422124
S1-10409591	S3-950891403
S1-307657793	S3-674674442
S1-266253192	S3-147217598
S1-490252936	S3-155878935
S1-490252936	S2-139504576
S1-490252936	S2-585121255
S1-19088639	S3-564326109
S1-110006688	S2-842429821
S1-110006688	S3-218179116
S1-110006688	S3-800003113
S1-110006688	S3-979722616
S1-110006688	S3-830761515
S1-876267472	S2-548050471
S1-876267472	S3-148346819
S1-876267472	S3-652444354
S1-876267472	S3-320136959
S1-876267472	S3-794474253
S1-87468470	S2-767615566
S1-100129706	S3-632361512
S1-100129706	S2-439385504
S1-100129706	S3-671868174
S1-100129706	S2-550106255
S1-100129706	S3-737986793
S1-217740157	S2-115222663
S1-614452722	S3-388345769
S1-347798954	S2-254687336
S1-424024043	S2-142542271
S1-141465539	S2-828115558
S1-141465539	S2-691852806
S1-141465539	S3-109178532
S1-141465539	S3-912565225
S1-866187800	S3-903613920
S1-187572784	S3-515006471
S1-187572784	S3-357547248
S1-170317661	S3-442216410
S1-170317661	S3-32462121
S1-170317661	S3-6796314
S1-7723471	S3-385700286
S1-399385971	S3-816633713
S1-696127636	S3-232399469
S1-270143140	S3-747822927
S1-206400268	S3-414579592
S1-206400268	S2-594317478
S1-206400268	S3-331511154
S1-206400268	S3-928696710
S1-648445435	S2-484686723
S1-91463602	S2-121359168
S1-570661107	S2-378892172
S1-867676488	S2-635497343
S1-962033192	S3-258336332
S1-752699523	S3-646658484
S1-803923450	S3-34932253
S1-803923450	S2-827393155
S1-803923450	S3-234751499
S1-803923450	S3-887889505
S1-737205878	S3-990497290
S1-737205878	S3-267045715
S1-198376920	S2-904836252
S1-198376920	S2-383590393
S1-198376920	S3-658963463
S1-741522637	S3-650811950
S1-565041493	S2-326494759
S1-565041493	S2-109772002
S1-565041493	S3-21652821
S1-565041493	S3-524589318
S1-984851757	S2-759069470
S1-226744714	S2-321084187
S1-226744714	S3-531478457
S1-288928913	S3-732665046
S1-655621783	S3-313963550
S1-484205981	S3-809141906
S1-530566954	S2-492818337
S1-530566954	S3-384000513
S1-530566954	S3-204600400
S1-870107057	S3-542762479
S1-870107057	S3-52153027
S1-86912298	S3-736843563
S1-86912298	S2-160954874
S1-285880770	S2-436810596
S1-253294510	S3-159233417
S1-706846475	S3-919702703
S1-114454459	S2-987847607
S1-367735345	S3-715537049
S1-367735345	S3-78660628
S1-595794246	S3-886688166
S1-131051675	S2-20674365
S1-131051675	S3-313032667
S1-131051675	S3-993084913
S1-217990548	S3-46794728
S1-830695599	S3-191366427
S1-646697848	S3-791856743
S1-646697848	S2-42680651
S1-373392970	S3-188422698
S1-373392970	S2-623197628
S1-373392970	S3-163003991
S1-373392970	S2-502734154
S1-960434684	S2-685560364
S1-960434684	S3-672364449
S1-960434684	S2-226759508
S1-81929631	S3-912120216
S1-409450766	S3-466578245
S1-409450766	S2-120655331
S1-409450766	S2-262904685
S1-409450766	S2-648826417
S1-987430990	S2-78485202
S1-987430990	S3-341155512
S1-273376031	S2-239940853
S1-344327892	S2-657867936
S1-344327892	S3-970533148
S1-344327892	S3-236920621
S1-83638746	S2-988137727
S1-83638746	S3-108183222
S1-700204698	S2-310347835
S1-700204698	S2-190165365
S1-700204698	S2-451056628
S1-813528184	S3-204039419
S1-813528184	S3-54291511
S1-813528184	S2-917255915
S1-813528184	S3-58311555
S1-942184944	S2-576388188
S1-151598297	S2-659640547
S1-468940469	S3-315031744
S1-468940469	S3-319339625
S1-468940469	S2-380893968
S1-270259901	S2-720677739
S1-981069804	S2-370339755
S1-126394603	S3-390022043
S1-126394603	S3-658948716
S1-126394603	S2-432356282
S1-126394603	S3-68076364
S1-996158138	S2-448784806
S1-288195821	S3-998052887
S1-288195821	S2-218367914
S1-288195821	S3-583816308
S1-559829513	S2-676454203
S1-559829513	S3-478699845
S1-559829513	S2-177157327
S1-268312884	S3-747138749
S1-268312884	S2-67139095
S1-855081333	S3-782681980
S1-855081333	S3-210453584
S1-838198033	S2-384572088
S1-620313891	S2-390239137
S1-763503143	S3-938591200
S1-258381046	S3-295254794
S1-258381046	S3-421493834
S1-860658464	S2-772757211
S1-711570736	S3-456342688
S1-163442238	S3-664842380
S1-930646726	S3-402752868
S1-581473110	S2-2302412
S1-401562268	S3-296867188
S1-401562268	S2-599329
S1-401562268	S3-39823448
S1-185944121	S2-703434630
S1-185944121	S2-344071842
S1-185944121	S2-308672462
S1-502628119	S3-534895225
S1-703695114	S3-615570013
S1-168023229	S3-30531787
S1-648147807	S3-597417411
S1-939181589	S2-855069721
S1-939181589	S2-183185972
S1-939181589	S3-723142344
S1-424186701	S3-913836303
S1-424186701	S2-714197915
S1-424186701	S2-132048151
S1-424186701	S2-46337798
S1-424186701	S2-125223129
S1-531881110	S3-252344424
S1-531881110	S2-857678600
S1-531881110	S2-504740347
S1-531881110	S3-580182154
S1-18956106	S2-990898437
S1-925780873	S2-181008522
S1-925780873	S3-551456458
S1-320201686	S2-449133396
S1-320201686	S3-976577632
S1-743398217	S3-770315187
S1-850096357	S3-133371472
S1-850096357	S3-544580892
S1-850096357	S3-166460672
S1-186964140	S2-122483103
S1-284890312	S3-385672190
S1-975464487	S2-150298493
S1-131756031	S3-367210838
S1-131756031	S3-312267753
S1-474816164	S3-650696101
S1-474816164	S3-176538591
S1-474816164	S3-851061239
S1-474816164	S2-11081428
S1-247871955	S2-276290382
S1-247871955	S3-891476960
S1-274641280	S3-720858830
S1-274641280	S2-196899840
S1-274641280	S3-670292729
S1-169143397	S2-324172036
S1-292180593	S2-7538626
S1-292180593	S2-402804635
S1-622109355	S3-528239735
S1-892952463	S3-179068135
S1-892952463	S3-452952725
S1-903953146	S3-520239132
S1-340539199	S2-242935079
S1-340539199	S3-348350126
S1-600194220	S2-84775353
S1-194522397	S2-795295462
S1-609587072	S2-482150133
S1-119197700	S3-342228111
S1-119197700	S2-137405233
S1-119197700	S3-720273436
S1-119197700	S2-58848631
S1-146355466	S3-213638665
S1-492503388	S3-471295748
S1-843500587	S3-352366379
S1-161253529	S3-652305808
S1-175256020	S2-333700547
S1-424019857	S2-351753001
S1-903095317	S3-924321552
S1-903095317	S2-643518061
S1-934513081	S3-13751769
S1-876207962	S2-399123857
S1-876207962	S3-324530746
S1-655628215	S3-33673614
S1-446969994	S3-754963333
S1-675353048	S3-302779321
S1-675353048	S2-486758504
S1-675353048	S3-61086508
S1-675353048	S2-788221765
S1-166343504	S2-342764096
S1-166343504	S3-763599460
S1-166343504	S2-237725201
S1-166343504	S2-347848164
S1-748328845	S3-541415575
S1-748328845	S2-265405530
S1-413126522	S3-840876293
S1-401874126	S3-374872920
S1-110583275	S3-418269975
S1-110583275	S3-67523063
S1-110583275	S2-673252798
S1-648871829	S3-625461143
S1-441448861	S3-991352916
S1-441448861	S3-507352681
S1-967411446	S2-224619685
S1-967411446	S2-867103700
S1-774489123	S2-501193369
S1-931304838	S3-93414061
S1-931304838	S3-64302086
S1-129866540	S3-761455444
S1-176946368	S3-393641932
S1-298562680	S3-41759893
S1-298562680	S3-368242977
S1-280203676	S3-273835317
S1-280203676	S2-148600053
S1-471892706	S2-402266136
S1-471892706	S3-311198776
S1-471892706	S3-80119182
S1-684880792	S3-344806133
S1-495670412	S2-338410963
S1-33044401	S3-777867423
S1-840859740	S3-790407149
S1-997408889	S2-798557131
S1-997408889	S3-438603885
S1-439721779	S2-419377093
S1-439721779	S3-717699129
S1-834315944	S2-790030159
S1-613966880	S3-3914476
S1-613966880	S2-616995582
S1-295753063	S2-659192831
S1-492208958	S3-440229889
S1-966321091	S2-669626573
S1-36143514	S2-751457810
S1-595912491	S3-87258823
S1-595912491	S2-196555133
S1-441536267	S2-425718339
S1-441536267	S3-331097825
S1-978888850	S2-444189121
S1-978888850	S3-660640877
S1-34855882	S3-935661743
S1-555393194	S3-872906935
S1-730977705	S3-629311961
S1-730977705	S2-724204934
S1-631088318	S2-869942708
S1-631088318	S3-533788038
S1-443476227	S2-509245506
S1-443476227	S2-306186742
S1-290832205	S3-318914005
S1-472378290	S2-789788146
S1-892424436	S2-786462203
S1-892424436	S2-441635858
S1-213066850	S2-26043066
S1-213066850	S3-628037956
S1-213066850	S2-28569992
S1-213066850	S3-837409056
S1-863266465	S3-586893979
S1-863266465	S2-239515662
S1-863266465	S3-682025980
S1-863266465	S2-492183373
S1-182095955	S2-40389980
S1-625167837	S2-563083706
S1-425481114	S3-367844534
S1-505076726	S2-340814974
S1-583001199	S2-713908544
S1-583001199	S3-990607232
S1-583001199	S2-292226268
S1-583001199	S3-320085
S1-583001199	S3-895416076
S1-583001199	S3-471319620
S1-583001199	S2-742160353
S1-896478541	S2-48033349
S1-896478541	S2-681859525
S1-205439673	S3-879651142
S1-205439673	S2-270834764
S1-654433757	S2-479986133
S1-337593038	S3-116462350
S1-337593038	S2-191796024
S1-337593038	S2-702142233
S1-768806794	S2-69700057
S1-768806794	S2-530217741
S1-768806794	S3-380069148
S1-768806794	S3-132617148
S1-350533497	S2-500868751
S1-8898814	S2-582070237
S1-8898814	S2-93130810
S1-8898814	S3-430257618
S1-8898814	S2-523371508
S1-8898814	S3-334946214
S1-8898814	S3-704639041
S1-974189611	S3-634070850
S1-31335525	S2-440343266
S1-413216971	S2-574302506
S1-413216971	S2-327852011
S1-413216971	S3-443519623
S1-830518927	S3-668211732
S1-830518927	S3-956139092
S1-841235357	S2-844140546
S1-841235357	S3-41159457
S1-841235357	S2-97278571
S1-841235357	S3-677524132
S1-841235357	S2-380104949
S1-534100365	S2-613903051
S1-534100365	S3-252821405
S1-951973693	S2-550929057
S1-501806869	S3-850753737
S1-501806869	S3-652229109
S1-31620883	S3-567404866
S1-376985578	S3-940281175
S1-376985578	S3-503134484
S1-376985578	S3-843670985
S1-798115804	S3-275707372
S1-908650717	S2-873988201
S1-908650717	S2-960288252
S1-322216622	S3-82591588
S1-870080566	S3-23563854
S1-12840196	S3-136082154
S1-279339871	S2-624240079
S1-187930648	S3-417072684
S1-146678216	S2-544689777
S1-146293167	S3-605970731
S1-721321142	S3-275707901
S1-626325177	S3-202055561
S1-223675342	S2-425797731
S1-94515132	S2-959268503
S1-383115005	S2-785011079
S1-383115005	S2-153376060
S1-365905032	S2-843213899
S1-365905032	S2-923598868
S1-365905032	S3-318037072
S1-648622095	S3-700458215
S1-217280458	S3-157932524
S1-217280458	S3-948391332
S1-217280458	S3-323694047
S1-217280458	S2-147602336
S1-781378436	S2-474916907
S1-781378436	S3-592566590
S1-781378436	S2-186705607
S1-160492514	S2-103457468
S1-160492514	S3-360941586
S1-9952757	S3-655335387
S1-9952757	S2-987674498
S1-819934011	S3-969488761
S1-431542022	S3-509356915
S1-431542022	S3-851590362
S1-431542022	S3-542972689
S1-100053007	S2-489464458
S1-100053007	S2-221647097
S1-86366929	S3-960983302
S1-152489606	S3-983212301
S1-152489606	S2-978200370
S1-152489606	S3-604226625
S1-552319419	S3-521386666
S1-3119574	S2-812320278
S1-3119574	S3-373565572
S1-317255417	S3-318241725
S1-317255417	S2-265393869
S1-729232936	S2-854950610
S1-729232936	S3-728321022
S1-729232936	S3-252789576
S1-903350699	S3-39144252
S1-903350699	S2-892534455
S1-903350699	S3-974978483
S1-903350699	S3-243088961
S1-485449873	S3-115946875
S1-95413588	S3-172132689
S1-669290114	S3-588848467
S1-829894025	S2-154684885
S1-432885893	S2-639352042
S1-432885893	S2-524903888
S1-450828697	S2-370491540
S1-495684373	S3-199328572
S1-495684373	S2-976508497
S1-384015707	S2-201175659
S1-384015707	S2-402820548
S1-384015707	S2-475949260
S1-17113358	S2-378996337
S1-991858974	S2-310267
S1-991858974	S2-581743145
S1-801675092	S3-672926730
S1-635496522	S3-198808578
S1-749214312	S3-924137429
S1-635521158	S2-951045270
S1-779588694	S3-813719302
S1-779588694	S2-428477409
S1-740863503	S2-229417532
S1-391032381	S3-275667682
S1-29137580	S2-974575341
S1-279307544	S2-911315156
S1-922071698	S2-601696338
S1-922071698	S3-877968977
S1-922071698	S2-176053000
S1-922071698	S3-744801924
S1-886201660	S3-703058735
S1-827401873	S3-538618216
S1-472307758	S3-392379837
S1-979389480	S2-758758463
S1-979389480	S2-357980037
S1-157394265	S2-672502863
S1-157394265	S3-225565387
S1-38373189	S3-356141426
S1-38373189	S3-387674790
S1-351610086	S2-54604377
S1-351610086	S3-198909859
S1-351610086	S2-107163195
S1-219262367	S3-438818711
S1-219262367	S3-684318047
S1-330124870	S3-775511289
S1-40424319	S2-848334624
S1-40424319	S3-219696575
S1-40424319	S3-186480965
S1-619804062	S2-468848974
S1-741351627	S2-866753548
S1-741351627	S2-659739964
S1-802630643	S3-475901422
S1-802630643	S2-869438423
S1-554085409	S2-965647692
S1-554085409	S3-534625624
S1-611848031	S3-945980686
S1-611848031	S3-153666623
S1-619489659	S3-766756450
S1-865590827	S2-403949352
S1-865590827	S3-991517893
S1-953091953	S3-529468803
S1-953091953	S2-515859731
S1-953091953	S2-235023837
S1-625000775	S2-641747764
S1-625000775	S3-211921390
S1-625000775	S3-749818078
S1-625000775	S3-74760743
S1-372120417	S2-354531321
S1-372120417	S2-346829094
S1-372120417	S2-22707810
S1-255259801	S3-671956293
S1-255259801	S2-109782196
S1-255259801	S2-837644505
S1-255259801	S3-970074821
S1-871294768	S2-94953854
S1-895867481	S2-421466065
S1-895867481	S3-717668910
S1-895867481	S2-484553957
S1-989246983	S3-584947765
S1-989246983	S2-589286222
S1-989246983	S3-765557356
S1-26951611	S3-960177962
S1-26951611	S3-351553015
S1-26951611	S3-651815468
S1-26951611	S2-717311213
S1-26951611	S3-532117898
S1-26951611	S2-271453695
S1-635088080	S3-417361106
S1-635088080	S2-422730291
S1-946515239	S2-391562322
S1-918504483	S3-902306118
S1-630199900	S3-416087566
S1-630199900	S2-958158401
S1-75602535	S2-742568278
S1-454286135	S3-479027992
S1-2966236	S3-376554176
S1-488650912	S3-870514735
S1-488650912	S3-892415746
S1-488650912	S2-646650955
S1-599433619	S2-594939945
S1-279874569	S3-774098140
S1-350853290	S2-618396422
S1-597108600	S2-624464350
S1-597108600	S3-19240707
S1-597108600	S3-544175144
S1-868800616	S3-451195536
S1-800044232	S2-748067681
S1-800044232	S2-632683905
S1-817222423	S3-114152766
S1-294043263	S3-349866459
S1-294043263	S3-604203855
S1-940177653	S2-401705618
S1-940177653	S3-915486776
S1-291414090	S2-996426513
S1-291414090	S3-261316639
S1-291414090	S3-753284025
S1-685666710	S2-120384902
S1-685666710	S3-662522765
S1-113101265	S3-72657069
S1-174143142	S2-132008660
S1-174143142	S3-133637501
S1-174143142	S3-149696035
S1-424687816	S2-852098746
S1-385001498	S2-553684820
S1-385001498	S3-625716172
S1-385001498	S2-133388522
S1-34263938	S3-609506120
S1-16142818	S3-788876738
S1-70554346	S2-158780462
S1-998356605	S2-669115610
S1-998356605	S2-62096695
S1-710167399	S2-154171243
S1-710167399	S3-862969878
S1-870946985	S3-143996082
S1-870946985	S2-880366506
S1-870946985	S3-537922001
S1-870946985	S3-580440503
S1-900734912	S2-240208508
S1-900734912	S2-649514220
S1-900734912	S2-854676394
S1-700724103	S3-903701825
S1-534666716	S3-89391787
S1-381970632	S2-443461428
S1-932136207	S3-222420795
S1-481300802	S3-195430855
S1-481300802	S2-149046667
S1-11684397	S2-306372407
S1-587552013	S2-956814263
S1-587552013	S3-853916543
S1-357934919	S2-68130522
S1-357934919	S2-682916603
S1-756491811	S2-466072526
S1-756491811	S3-930434119
S1-756491811	S3-156243160
S1-186097834	S2-308666124
S1-186097834	S3-705964291
S1-186097834	S3-298846513
S1-186097834	S2-654857181
S1-829766960	S3-732789930
S1-921025370	S3-48898700
S1-839049813	S2-506865381
S1-228013104	S2-88244827
S1-228013104	S3-671873581
S1-228013104	S3-328270540
S1-16316212	S3-254910791
S1-16316212	S2-362928108
S1-16316212	S3-885964919
S1-804280252	S3-971450344
S1-367705602	S3-15948851
S1-367705602	S3-992112681
S1-723319746	S2-671165393
S1-723319746	S3-916174522
S1-723319746	S3-790474579
S1-654238006	S2-275240936
S1-654238006	S3-841354583
S1-665864917	S2-235663322
S1-665864917	S3-791392995
S1-195794382	S3-451507537
S1-195794382	S2-27011348
S1-883580440	S3-323627590
S1-497378270	S3-801056601
S1-497378270	S3-357940668
S1-746625602	S2-168286760
S1-996736441	S3-829840275
S1-257100812	S2-12607675
S1-257100812	S2-787170053
S1-681660031	S3-82746722
S1-681660031	S3-918073948
S1-681660031	S2-185504240
S1-806477709	S3-119109577
S1-90130305	S2-299189971
S1-90130305	S3-983124243
S1-90130305	S2-719220782
S1-90130305	S3-537111183
S1-299025468	S2-542410309
S1-299025468	S3-993602953
S1-674266569	S2-272093664
S1-674266569	S2-26165136
S1-877931776	S3-153868508
S1-877931776	S3-605495431
S1-800695996	S2-763505247
S1-270868755	S2-991669867
S1-270868755	S3-293491136
S1-729264723	S3-79042661
S1-374665475	S3-231742654
S1-374665475	S3-682175119
S1-868251838	S2-524300783
S1-549826402	S3-881008798
S1-549826402	S2-550644278
S1-634787135	S3-957279751
S1-634787135	S2-847436485
S1-883559304	S3-967020416
S1-883559304	S2-779239644
S1-883559304	S2-360638529
S1-883559304	S3-145289481
S1-922782685	S2-937528979
S1-960998321	S2-377923408
S1-290208212	S3-155657062
S1-290208212	S3-897079021
S1-290208212	S2-259306653
S1-247130825	S3-768271811
S1-247130825	S3-534519128
S1-997517893	S2-968259562
S1-800777295	S3-8281341
S1-338851712	S2-95999986
S1-941669926	S3-445600336
S1-674971764	S3-689000442
S1-674971764	S2-607977374
S1-674971764	S3-19977263
S1-674971764	S3-625211513
S1-674971764	S2-753489412
S1-446080724	S3-776901219
S1-419563538	S3-302115822
S1-203803870	S3-287802047
S1-203803870	S3-772145843
S1-203803870	S3-386540160
S1-203803870	S2-905572576
S1-563236839	S2-471748645
S1-861452093	S2-229150287
S1-861452093	S2-203949597
S1-861452093	S3-866688215
S1-294768234	S2-12749092
S1-294768234	S3-970025522
S1-585835399	S2-170674026
S1-130064631	S3-29491664
S1-879406159	S3-731943453
S1-955966149	S3-183437685
S1-365470254	S2-896075346
S1-365470254	S2-525579428
S1-793647663	S3-482396804
S1-212735837	S3-566996898
S1-401818186	S2-225051387
S1-925080541	S2-29224882
S1-925080541	S2-78905355
S1-925080541	S2-709685040
S1-419556960	S2-210140211
S1-714936453	S2-848778904
S1-714936453	S3-601404328
S1-126151502	S2-106074327
S1-915146312	S2-218019398
S1-915146312	S2-591391819
S1-915146312	S3-813363278
S1-457698731	S2-920527174
S1-310409497	S2-77226701
S1-862910048	S3-957945273
S1-862910048	S2-87245666
S1-29206916	S3-91263874
S1-69478501	S2-230435870
S1-69478501	S2-316481157
S1-69478501	S3-946162989
S1-69478501	S3-571418948
S1-69478501	S2-509050213
S1-69478501	S3-937357826
S1-760892692	S3-922840332
S1-609720860	S3-146723001
S1-581785226	S3-38411094
S1-581785226	S3-428835945
S1-99105896	S3-322653883
S1-99105896	S3-661037782
S1-99105896	S2-970532154
S1-99105896	S3-936666716
S1-38374560	S3-365107327
S1-38374560	S3-366116699
S1-757228083	S2-980222108
S1-146318689	S3-836389840
S1-357003136	S3-790838430
S1-407739179	S3-450302284
S1-407739179	S3-15145204
S1-407739179	S2-684665259
S1-803558034	S2-480559466
S1-781672022	S3-703694544
S1-962289235	S3-734980878
S1-594398432	S3-475659317
S1-594398432	S3-246801665
S1-360935200	S2-971105485
S1-376062473	S3-964531864
S1-376062473	S2-997986025
S1-384837628	S2-443147416
S1-304043491	S2-78084096
S1-304043491	S2-242889827
S1-175634966	S3-44337559
S1-175634966	S2-815829547
S1-588825698	S3-253023868
S1-854259908	S3-629640627
S1-854259908	S3-36483202
S1-134453519	S2-558860436
S1-134453519	S2-506050690
S1-193251476	S2-482868145
S1-193251476	S3-255563324
S1-52714094	S2-32595613
S1-686773356	S3-244103617
S1-686773356	S3-441743737
S1-457123989	S2-710024724
S1-392588638	S2-626826116
S1-392588638	S3-537067293
S1-392588638	S3-653739361
S1-13656729	S3-438904363
S1-13656729	S3-256027493
S1-13656729	S3-461198182
S1-13656729	S2-676354282
S1-13656729	S3-110030541
S1-980410238	S2-742486669
S1-229376935	S2-131990881
S1-229376935	S3-302281393
S1-229376935	S2-621774286
S1-229376935	S2-433315452
S1-323494924	S3-537200671
S1-605426211	S3-57733206
S1-605426211	S3-79134596
S1-605426211	S2-653290728
S1-605426211	S3-484426477
S1-605426211	S2-842653766
S1-694071628	S3-271697218
S1-293028512	S3-219882103
S1-760767459	S2-134459531
S1-760767459	S3-188683797
S1-760767459	S2-416082924
S1-511496654	S2-554014864
S1-521050393	S3-921601080
S1-521050393	S2-566351656
S1-521050393	S2-253308963
S1-521050393	S2-578253201
S1-521050393	S3-467366583
S1-702482218	S3-9886643
S1-219325083	S2-214989077
S1-838443573	S2-296564940
S1-289558692	S3-388921294
S1-770373843	S2-129545875
S1-770373843	S3-919110737
S1-770373843	S2-935136964
S1-490661235	S3-754200598
S1-859774526	S3-235809087
S1-859774526	S3-240839324
S1-859774526	S3-682794999
S1-859774526	S2-667359198
S1-859774526	S3-63622846
S1-964112268	S3-599189893
S1-36204157	S2-412939279
S1-36204157	S3-323711076
S1-440232943	S2-386418138
S1-690995254	S3-422490761
S1-373718378	S3-776313103
S1-185661177	S2-377658731
S1-632397553	S3-480337254
S1-632397553	S2-815341342
S1-418604696	S3-335594437
S1-160167685	S2-643841301
S1-160167685	S2-920601126
S1-160167685	S3-846782256
S1-160167685	S2-838019924
S1-196649385	S2-442980594
S1-196649385	S2-385528504
S1-124158998	S2-787353981
S1-124158998	S3-795603236
S1-84573726	S2-864323484
S1-84573726	S2-342157314
S1-346736356	S2-258464059
S1-953635565	S3-132251168
S1-356596771	S2-351803896
S1-930493732	S3-404581647
S1-582534310	S3-851466047
S1-582534310	S2-759025818
S1-449334800	S2-922382019
S1-43105785	S2-754063134
S1-43105785	S2-342210177
S1-487257591	S3-765124605
S1-391410547	S3-568576461
S1-973771616	S3-710160394
S1-184296161	S3-469787864
S1-184296161	S3-482232682
S1-184296161	S2-335856327
S1-682688460	S2-599846081
S1-745085209	S2-343438233
S1-745085209	S3-388594059
S1-702628792	S2-60659582
S1-702628792	S3-570004192
S1-702628792	S3-411185910
S1-252204672	S2-746336716
S1-252204672	S3-680597075
S1-252204672	S2-348942480
S1-807810123	S3-591112956
S1-372204902	S3-228716676
S1-372204902	S3-801379604
S1-372204902	S3-641341299
S1-144254767	S3-467490242
S1-184975973	S3-293620468
S1-184975973	S2-813379130
S1-184975973	S3-457560523
S1-184975973	S3-991152987
S1-861810699	S3-887902893
S1-147314023	S2-225637356
S1-147314023	S3-380662488
S1-811579154	S3-822804948
S1-811579154	S3-130427408
S1-848985844	S3-374565140
S1-848985844	S3-179862291
S1-292062670	S3-879935294
S1-757851873	S2-106304176
S1-757851873	S3-487336814
S1-197689219	S2-296955352
S1-33842924	S2-793777344
S1-290708540	S3-230663846
S1-290708540	S3-253611813
S1-290708540	S3-562177326
S1-963102202	S2-302042756
S1-902638467	S2-513089969
S1-902638467	S2-543328922
S1-229437114	S2-317899389
S1-229437114	S3-791782057
S1-229437114	S3-372332235
S1-745492296	S3-657679433
S1-129897523	S2-858009886
S1-245761105	S3-967219978
S1-245761105	S2-958166129
S1-121477273	S3-174389228
S1-121477273	S2-838700127
S1-121477273	S2-257560967
S1-600694065	S2-457018884
S1-600694065	S2-500416391
S1-938087795	S3-670820640
S1-463857040	S3-807314705
S1-338690211	S3-148258245
S1-582628928	S2-912119850
S1-347806233	S2-416680703
S1-241106948	S3-412940544
S1-395326645	S3-868694112
S1-146431306	S3-141485676
S1-74812788	S3-2291742
S1-229844063	S3-638734814
S1-158815826	S2-847653169
S1-806398244	S2-63922449
S1-806398244	S3-516928676
S1-669679905	S3-42815325
S1-488663046	S2-138455378
S1-488663046	S3-943134701
S1-488663046	S2-353138644
S1-488663046	S2-626730693
S1-548878245	S2-458083376
S1-426490284	S2-259898673
S1-426490284	S3-401600345
S1-426490284	S3-703092776
S1-426490284	S3-871102056
S1-426490284	S3-288033179
S1-533297057	S2-349041917
S1-468628733	S3-285890270
S1-468628733	S2-330554566
S1-468628733	S3-171895620
S1-425961764	S3-493384120
S1-425961764	S3-711056361
S1-425961764	S2-265575185
S1-425961764	S2-838420361
S1-560191461	S3-738665501
S1-511876813	S3-838415258
S1-945145634	S3-716634472
S1-830227354	S2-23223730
S1-830227354	S3-494078675
S1-830227354	S3-390219167
S1-617509881	S2-389476940
S1-966670259	S3-21291252
S1-971166802	S3-563455498
S1-971166802	S3-970888280
S1-290900198	S3-540848157
S1-290900198	S3-582871876
S1-326016675	S3-213854260
S1-326016675	S2-498395029
S1-326016675	S3-408372433
S1-568080135	S2-983197110
S1-811511716	S3-164845572
S1-409275410	S2-596035677
S1-409275410	S3-736162218
S1-966217917	S3-254483388
S1-156831613	S2-48248228
S1-756897621	S2-773309150
S1-756897621	S3-847446887
S1-258916487	S2-743253600
S1-258916487	S2-138528612
S1-481040067	S3-489186478
S1-481040067	S3-539424128
S1-779804432	S2-133067319
S1-779804432	S3-22062359
S1-779804432	S2-149467267
S1-779804432	S3-485207901
S1-647774914	S2-2889057
S1-711568743	S2-639041621
S1-711568743	S2-98992378
S1-711568743	S2-993772210
S1-711568743	S2-134102540
S1-835198319	S3-328906529
S1-294225555	S2-706455297
S1-308941036	S2-173341189
S1-308941036	S3-977655404
S1-308941036	S3-164551763
S1-308941036	S3-840825532
S1-10651364	S2-789408005
S1-10651364	S3-520306863
S1-10651364	S3-749338953
S1-476884735	S2-838621042
S1-819139446	S3-130811538
S1-819139446	S3-399750831
S1-730001119	S2-437235436
S1-730001119	S3-852748068
S1-730001119	S3-174834715
S1-704362013	S3-689063273
S1-654503348	S2-692546711
S1-795127445	S2-792262805
S1-422807932	S3-103586351
S1-185170630	S2-562238873
S1-284389527	S3-416042957
S1-284389527	S3-572370
S1-284389527	S2-58809424
S1-284389527	S2-956794485
S1-284389527	S2-160329698
S1-510095220	S3-397596850
S1-510095220	S3-581255433
S1-510095220	S3-275465382
S1-893452805	S3-813122915
S1-110647787	S3-823800544
S1-110647787	S3-794841425
S1-110647787	S3-448280150
S1-110647787	S3-346722558
S1-110647787	S3-341515864
S1-223848373	S2-667758871
S1-988810852	S3-960676818
S1-988810852	S2-268939531
S1-988810852	S3-494100732
S1-600848028	S3-461269759
S1-600848028	S3-676022394
S1-600848028	S2-387724451
S1-519000492	S3-310096739
S1-519000492	S3-993656303
S1-519000492	S2-801291495
S1-49356794	S3-423304565
S1-49356794	S2-330645144
S1-690264063	S3-621406381
S1-690264063	S3-323840852
S1-491963030	S3-690038618
S1-491963030	S2-173062448
S1-799774071	S3-244314562
S1-799774071	S2-385438433
S1-799774071	S2-483623451
S1-680483417	S2-497493751
S1-40348720	S3-620806521
S1-362155390	S2-843095566
S1-655342897	S2-956606802
S1-958758763	S3-374973935
S1-647743154	S2-267898007
S1-647743154	S2-777598007
S1-437152393	S3-735770376
S1-771911725	S2-647088747
S1-771911725	S2-467022311
S1-771911725	S2-719955892
S1-771911725	S2-767551249
S1-187652878	S3-399723417
S1-187652878	S2-29219623
S1-828849403	S2-574741089
S1-828849403	S3-567259748
S1-828849403	S2-731230899
S1-828849403	S2-416529646
S1-972073247	S2-192438267
S1-972073247	S2-1963634
S1-972073247	S3-442915151
S1-368766319	S3-213464587
S1-368766319	S2-324068052
S1-203182735	S2-954758059
S1-79206551	S3-298593028
S1-79206551	S3-579614243
S1-930696170	S2-714951100
S1-995725611	S3-321989668
S1-995725611	S3-620291930
S1-696348162	S3-108530045
S1-696348162	S2-454444128
S1-696348162	S3-20649058
S1-729682186	S3-899136367
S1-504237732	S2-406678170
S1-504237732	S2-567017996
S1-504237732	S3-131342121
S1-504237732	S2-157124696
S1-504237732	S3-368004120
S1-504237732	S3-584082707
S1-504237732	S3-461517095
S1-385294347	S2-838370937
S1-385294347	S2-328749590
S1-385294347	S3-561908959
S1-385294347	S3-559351317
S1-314874490	S2-240925157
S1-66994891	S2-691165553
S1-66994891	S3-511478723
S1-50751334	S2-276422265
S1-681214439	S2-71790414
S1-341247479	S2-955110586
S1-918521583	S3-44460978
S1-84800269	S2-536651595
S1-749418131	S3-666526290
S1-749418131	S3-193494539
S1-921302548	S3-401181988
S1-659246232	S3-628348134
S1-187249916	S3-69060832
S1-187249916	S2-296147078
S1-187249916	S2-95637232
S1-187249916	S2-486966138
S1-412938269	S2-383192172
S1-298314535	S2-615555986
S1-298314535	S2-621943205
S1-298314535	S2-509738652
S1-298314535	S3-147208605
S1-298314535	S2-218644866
S1-366881156	S3-495640004
S1-366881156	S2-502440050
S1-483056926	S2-920341081
S1-483056926	S3-318520084
S1-246483270	S3-616925497
S1-615627846	S3-9971912
S1-970688166	S2-659618119
S1-296204791	S3-596633580
S1-410811162	S2-160317251
S1-410811162	S2-521153872
S1-410811162	S2-599910283
S1-632679419	S2-989392616
S1-632679419	S3-842895840
S1-632679419	S2-586474510
S1-632679419	S3-805203667
S1-176574324	S3-652719669
S1-988484391	S3-34741572
S1-701069047	S2-106619779
S1-701069047	S3-800119934
S1-836007633	S2-286990624
S1-568017933	S3-797660249
S1-563023031	S2-992633206
S1-86102047	S2-12491488
S1-86102047	S3-874641967
S1-43221250	S2-44947076
S1-246947248	S3-96316069
S1-246947248	S3-860839159
S1-4568979	S2-927983697
S1-837698048	S2-788364240
S1-572728869	S3-923914297
S1-346093274	S2-558391101
S1-602660990	S2-457626221
S1-602660990	S2-270334222
S1-74557432	S2-225283452
S1-74557432	S3-793052978
S1-925931476	S2-873693829
S1-925931476	S3-746431800
S1-178236799	S3-33759487
S1-178236799	S2-593612158
S1-178236799	S3-189277252
S1-178236799	S2-146437082
S1-178236799	S3-82564303
S1-129881350	S2-885610326
S1-129881350	S3-207888973
S1-267585484	S3-776745522
S1-436078957	S3-166540244
S1-365887540	S2-4466415
S1-556928351	S2-214159261
S1-368897607	S2-840043130
S1-732211485	S3-71457436
S1-918535469	S3-836651552
S1-918535469	S2-462030531
S1-85608843	S2-635693374
S1-85608843	S2-302589556
S1-519840609	S2-590735140
S1-519840609	S3-397901613
S1-844117157	S3-607877828
S1-844117157	S2-36516487
S1-844117157	S3-850298719
S1-137584760	S3-524157674
S1-278518857	S3-739857529
S1-683475320	S2-91121222
S1-512109590	S3-508851002
S1-512109590	S3-154265357
S1-512109590	S3-528608198
S1-197607254	S2-121657266
S1-320798944	S2-658240072
S1-562341941	S2-429013283
S1-562341941	S3-334746530
S1-562341941	S3-410127548
S1-562341941	S3-772988538
S1-828207320	S3-216982871
S1-44914175	S2-234394060
S1-44914175	S2-873323097
S1-529585905	S2-980352227
S1-241678218	S2-751167095
S1-241678218	S2-770186985
S1-241678218	S2-808746111
S1-241678218	S3-93364060
S1-241678218	S2-543021841
S1-459069714	S3-347736904
S1-382117177	S3-453763415
S1-382117177	S3-829232006
S1-601484800	S3-627157552
S1-145214970	S3-903468977
S1-386934732	S3-161895957
S1-322224367	S3-35514576
S1-339310182	S2-732871177
S1-232160411	S2-433320871
S1-232160411	S2-121864419
S1-148884811	S2-740093426
S1-148884811	S2-382034717
S1-105742168	S2-971446249
S1-105742168	S3-746301625
S1-779560534	S2-340765710
S1-779560534	S3-97443831
S1-581452101	S2-290542298
S1-485660986	S3-209692844
S1-485660986	S2-510146222
S1-350896657	S2-707889626
S1-350896657	S3-82624821
S1-350896657	S2-741457270
S1-331332210	S2-774942132
S1-331332210	S3-917451722
S1-331332210	S3-4895436
S1-76045171	S3-215851967
S1-240976571	S3-800053007
S1-663242065	S3-137793438
S1-244970729	S3-13609925
S1-931595243	S3-418414662
S1-931595243	S2-150686832
S1-397243829	S3-253765338
S1-252844565	S3-955395804
S1-252844565	S2-650733054
S1-502327860	S2-578785539
S1-859740931	S2-701121407
S1-711467346	S3-335838498
S1-747757561	S3-495881918
S1-751369590	S2-805077227
S1-934871527	S3-152800880
S1-934871527	S3-791304580
S1-639526200	S2-769549248
S1-909787864	S2-537376478
S1-185168795	S2-749063189
S1-839777617	S2-512353190
S1-839777617	S3-750920223
S1-722271588	S2-930618512
S1-722271588	S2-668566498
S1-702227240	S3-779805511
S1-702227240	S3-37833712
S1-521971737	S3-88232513
S1-358874969	S3-955812299
S1-358874969	S2-544285652
S1-358874969	S2-334774926
S1-358874969	S3-188007234
S1-358874969	S2-249648074
S1-959102172	S3-735144
S1-96624404	S2-9294914
S1-96624404	S2-644319575
S1-947160857	S3-515452527
S1-45202339	S3-902808744
S1-562281360	S3-198208307
S1-156325131	S3-991863166
S1-958602403	S2-163426816
S1-653249461	S2-916263150
S1-653249461	S3-879189182
S1-653249461	S2-283447886
S1-426388216	S3-721710847
S1-344286028	S3-417875724
S1-344286028	S2-325280818
S1-344286028	S3-974023186
S1-489517197	S2-748350798
S1-489517197	S2-151236622
S1-489517197	S3-381892760
S1-489517197	S2-38327900
S1-701466744	S3-415603998
S1-554079232	S3-205114928
S1-554079232	S3-978894892
S1-554079232	S2-779532998
S1-939235222	S3-365497278
S1-352040955	S3-207705607
S1-352040955	S2-313705645
S1-790309063	S3-968621551
S1-128771985	S3-84141497
S1-128771985	S3-50846851
S1-697507272	S3-266612999
S1-697507272	S3-575880801
S1-697507272	S3-380557619
S1-697507272	S2-689976993
S1-697507272	S2-847140941
S1-111479504	S2-123421698
S1-399557808	S2-592631302
S1-254975048	S3-132103559
S1-964461182	S2-191493791
S1-964461182	S2-193181438
S1-325664162	S3-24813489
S1-571401737	S2-419549722
S1-977567585	S3-155336888
S1-377519126	S3-290180479
S1-587460090	S2-781533598
S1-587460090	S2-935191049
S1-587460090	S3-486945287
S1-587460090	S2-23722955
S1-261796159	S2-200455550
S1-261796159	S3-619394641
S1-261796159	S3-229554265
S1-261796159	S3-467242207
S1-157648548	S3-322647705
S1-157648548	S2-293690360
S1-157648548	S2-270264305
S1-152756470	S3-548194530
S1-332986879	S3-815380854
S1-332986879	S2-684081799
S1-332986879	S3-969977407
S1-768530160	S2-174167140
S1-768530160	S2-952711925
S1-768530160	S3-737122039
S1-768530160	S3-483700979
S1-768530160	S3-192965322
S1-768530160	S3-316063727
S1-768530160	S3-569813743
S1-184238896	S3-146763943
S1-184238896	S3-656894386
S1-184238896	S2-844816785
S1-564079076	S3-548193868
S1-768628837	S3-388689251
S1-558727958	S3-441111224
S1-477149670	S3-348109449
S1-840019451	S2-574875219
S1-840019451	S3-307201009
S1-388796562	S2-198874931
S1-536478289	S3-756922112
S1-795780282	S2-325123166
S1-960696230	S2-307031418
S1-154054920	S3-180793640
S1-176235594	S2-581401289
S1-880488081	S2-403895321
S1-880488081	S3-365155371
S1-880488081	S2-772980806
S1-880488081	S2-891136668
S1-398175623	S3-946952757
S1-425835139	S3-634821698
S1-425835139	S3-139340149
S1-425835139	S3-438559235
S1-213777830	S3-270270933
S1-978340816	S2-718863857
S1-532347481	S3-925357122
S1-532347481	S3-147140346
S1-336373519	S2-194719721
S1-14245528	S2-989759076
S1-14245528	S3-311738137
S1-774753189	S3-671721091
S1-31514635	S3-541397176
S1-31514635	S3-367488374
S1-31514635	S3-485697022
S1-31514635	S2-290099001
S1-394392356	S2-174895743
S1-394392356	S3-97409076
S1-63923081	S3-299296208
S1-63923081	S3-352202370
S1-25894650	S3-113300633
S1-25894650	S2-222008002
S1-25894650	S3-536248414
S1-807154808	S3-431220156
S1-76395598	S2-937782242
S1-76395598	S2-800771005
S1-647310390	S2-400708745
S1-870370983	S2-834917620
S1-549596749	S2-577372224
S1-549596749	S3-54266150
S1-689810443	S3-440135483
S1-682297724	S2-869525414
S1-682297724	S2-202968770
S1-682297724	S3-131886505
S1-164011484	S3-34317552
S1-164011484	S3-428366334
S1-164011484	S2-586630478
S1-654586002	S2-375347962
S1-604214972	S3-9803059
S1-766284379	S2-139992291
S1-145669775	S3-53084002
S1-350237249	S2-759472552
S1-350237249	S2-694202143
S1-316045202	S3-995529180
S1-316045202	S2-513266728
S1-316045202	S2-381927445
S1-215743342	S3-379787249
S1-215743342	S2-308023186
S1-215743342	S3-344790347
S1-643140486	S3-3034962
S1-47617227	S2-179328200
S1-903210060	S3-692823638
S1-288930813	S2-317794680
S1-288930813	S2-71586387
S1-448210803	S3-674117841
S1-448210803	S3-568873672
S1-448210803	S2-306465262
S1-448210803	S2-887391499
S1-757144769	S2-387599412
S1-757144769	S3-173728938
S1-504980116	S2-788549691
S1-504980116	S3-416469499
S1-226072765	S2-245524811
S1-226072765	S3-854522370
S1-226072765	S3-930471463
S1-226072765	S2-799614094
S1-186845028	S3-269619663
S1-686817489	S3-10398692
S1-686817489	S3-873197072
S1-686817489	S3-560400861
S1-686817489	S2-778746512
S1-330618187	S2-795242424
S1-330618187	S3-980257079
S1-330618187	S3-577551991
S1-330618187	S2-445108788
S1-750333919	S3-381370625
S1-48534373	S3-499005420
S1-204494870	S2-293169431
S1-204494870	S3-340907752
S1-204494870	S3-707011606
S1-14739866	S2-288668122
S1-465352243	S3-834128931
S1-304087252	S2-576834540
S1-344311461	S3-431959242
S1-963097204	S3-596692636
S1-963097204	S2-396960923
S1-696786740	S3-46556443
S1-696786740	S2-293888917
S1-167630662	S3-384816747
S1-167630662	S3-780664782
S1-167630662	S2-664992782
S1-167630662	S3-752837770
S1-342021131	S3-814407725
S1-283833497	S2-450094765
S1-283833497	S2-297083922
S1-283833497	S3-441616363
S1-733281926	S3-358287915
S1-733281926	S2-294510022
S1-733281926	S3-769006132
S1-708710871	S3-470098215
S1-163838252	S2-118818070
S1-316964409	S3-152647886
S1-316964409	S2-580361396
S1-316964409	S2-73332795
S1-605266934	S2-489802576
S1-786456325	S3-953645376
S1-561415726	S3-861889502
S1-664779268	S3-538826041
S1-859107323	S2-311576347
S1-859107323	S3-803556387
S1-241766306	S3-180853520
S1-893175130	S2-110738171
S1-641374355	S3-94769957
S1-266163583	S3-744515541
S1-563514551	S3-565083006
S1-563514551	S2-49980754
S1-563514551	S2-573160618
S1-342140205	S3-238415931
S1-116239929	S2-243906897
S1-116239929	S2-492788173
S1-116239929	S3-805277289
S1-116239929	S3-367180775
S1-116239929	S3-889771304
S1-543765613	S2-301461060
S1-803486842	S2-560917523
S1-754033829	S3-772582696
S1-212179330	S2-616246957
S1-645409550	S3-40054957
S1-645409550	S3-174911950
S1-645409550	S2-282104365
S1-931371155	S2-716392483
S1-931371155	S2-985565921
S1-931371155	S3-636822936
S1-931371155	S3-455012185
S1-932108798	S2-426004874
S1-854876758	S2-839815398
S1-854876758	S2-371101419
S1-854876758	S3-516000236
S1-412050572	S3-557933219
S1-412050572	S3-260099937
S1-412050572	S3-975914856
S1-343842115	S3-655748539
S1-853622485	S3-683868993
S1-853622485	S2-602589815
S1-801087521	S3-788032870
S1-745434519	S3-616969357
S1-75672630	S3-662542491
S1-266096916	S3-4839641
S1-266096916	S2-775156841
S1-910222866	S3-681836464
S1-910222866	S3-223436178
S1-910222866	S2-382441418
S1-910222866	S2-335755923
S1-511563142	S2-2131009
S1-126356209	S2-394026583
S1-126356209	S2-315910114
S1-126356209	S3-848104799
S1-126356209	S3-350053806
S1-646394425	S2-950096966
S1-904731727	S3-836776271
S1-904731727	S3-437343038
S1-904731727	S3-321212255
S1-904731727	S3-516940864
S1-904731727	S2-711749090
S1-904731727	S2-173079926
S1-795642426	S2-657293157
S1-795642426	S3-89517545
S1-266344471	S3-682831203
S1-250982466	S3-996943602
S1-865778372	S2-342966640
S1-529856287	S2-683823319
S1-529856287	S3-693673160
S1-860290313	S2-839690516
S1-860290313	S2-381097670
S1-615544244	S2-243796469
S1-331023482	S3-682583154
S1-331023482	S3-896911172
S1-331023482	S3-486369456
S1-93316234	S3-972981089
S1-93316234	S2-803326854
S1-20068386	S2-380332500
S1-390504216	S2-357489664
S1-390504216	S3-210008964
S1-390504216	S3-135160846
S1-390504216	S3-995904597
S1-390504216	S3-304840480
S1-390504216	S2-613766137
S1-385397257	S3-502762295
S1-205211871	S3-236154771
S1-263192012	S3-413171259
S1-524341156	S3-802931352
S1-363408778	S2-729274062
S1-363408778	S3-599690202
S1-423341427	S3-87246942
S1-423341427	S3-455890297
S1-665396288	S3-851151580
S1-764031762	S3-995143806
S1-764031762	S3-783204182
S1-764031762	S3-319984159
S1-27261609	S2-243764043
S1-27261609	S2-393428917
S1-27261609	S3-238280001
S1-27261609	S3-232071110
S1-27261609	S2-207199501
S1-27261609	S2-501622071
S1-599168371	S3-478601361
S1-453437855	S3-775951019
S1-463234103	S2-489276735
S1-463234103	S2-175199641
S1-489898113	S3-929627156
S1-489898113	S2-826591838
S1-489898113	S2-618228839
S1-101708849	S2-247350665
S1-774964434	S3-340365280
S1-774964434	S3-664720933
S1-774964434	S3-244381869
S1-209188298	S3-249022437
S1-852560948	S3-555921083
S1-799336967	S2-443105174
S1-938564510	S2-269801396
S1-892570441	S3-563506951
S1-366688476	S3-18517548
S1-366688476	S2-901462447
S1-297024546	S2-947472764
S1-108183124	S3-785946097
S1-108183124	S2-950382761
S1-108183124	S2-937357670
S1-339397857	S3-521591225
S1-130247373	S2-830436992
S1-803898220	S3-452848029
S1-803898220	S2-178848617
S1-671230602	S2-993245961
S1-671230602	S3-994452590
S1-71840902	S3-149862957
S1-71840902	S3-333580992
S1-625751609	S2-801134065
S1-625751609	S3-67318668
S1-657251666	S2-599312628
S1-812425571	S2-4443024
S1-334790161	S3-696364522
S1-334790161	S3-734749676
S1-780727923	S2-289222644
S1-780727923	S3-597612725
S1-984831912	S3-111500789
S1-984831912	S2-198785214
S1-984831912	S3-423194504
S1-984831912	S2-377852340
S1-984831912	S3-975459660
S1-603599833	S2-688250151
S1-962510755	S2-80255455
S1-439428939	S2-502340520
S1-474589221	S2-882952672
S1-218948566	S2-262675939
S1-218948566	S2-454383040
S1-979908729	S2-766127065
S1-979908729	S3-551582700
S1-88476123	S3-824045100
S1-434744087	S3-48108712
S1-410984964	S3-322578619
S1-410984964	S3-289750758
S1-410984964	S2-83590179
S1-250963877	S3-405052938
S1-496872164	S2-722916035
S1-337815943	S2-118712908
S1-337815943	S3-595840493
S1-542174151	S3-864648188
S1-828619733	S3-970447657
S1-499452488	S2-572386557
S1-782289477	S3-769886966
S1-517983330	S2-980728133
S1-517983330	S3-18557734
S1-517983330	S3-578785183
S1-809118466	S3-722269826
S1-943078655	S3-926475727
S1-943078655	S2-94843471
S1-943078655	S3-180743118
S1-943078655	S2-926754610
S1-10517495	S3-966199698
S1-634775159	S2-651005995
S1-509187549	S2-50025858
S1-126284176	S2-219198471
S1-510476100	S3-841786756
S1-806194587	S2-31566397
S1-95399064	S3-133931467
S1-95399064	S2-963182485
S1-95399064	S3-170220948
S1-95399064	S2-896795819
S1-334497001	S3-529055587
S1-200611168	S3-787943613
S1-200611168	S3-959474455
S1-200611168	S3-503786468
S1-614863543	S2-899246338
S1-936284640	S2-418357315
S1-936284640	S3-891634170
S1-847342595	S2-376448859
S1-190595015	S2-70524705
S1-190595015	S3-901057454
S1-190595015	S2-602700060
S1-219198327	S3-40316165
S1-219198327	S3-268633359
S1-219198327	S3-436921884
S1-379066608	S3-263710621
S1-963176573	S2-981057119
S1-963176573	S3-461559219
S1-963176573	S3-185051150
S1-542226577	S2-674389544
S1-319166238	S3-639879914
S1-319166238	S2-251083584
S1-319166238	S3-288333214
S1-319166238	S3-20349841
S1-202754118	S3-354627335
S1-78769584	S2-76714412
S1-78769584	S3-542343258
S1-841970505	S3-453610592
S1-841970505	S2-954178831
S1-841970505	S3-597121118
S1-841970505	S3-564611029
S1-742129348	S2-276913850
S1-742129348	S3-304779238
S1-742129348	S3-329302037
S1-572658737	S2-246934106
S1-572658737	S3-794586905
S1-572658737	S3-536631394
S1-572658737	S3-778824925
S1-777767094	S2-20583065
S1-777767094	S3-356609098
S1-172266687	S3-858919502
S1-172266687	S3-808774418
S1-172266687	S2-892521241
S1-830847046	S2-792978023
S1-830847046	S2-610698112
S1-830847046	S2-768468725
S1-470114175	S2-961439412
S1-470114175	S3-146987430
S1-485337162	S2-562913680
S1-811354946	S2-274196844
S1-811354946	S3-302275663
S1-811354946	S3-877228434
S1-615261139	S2-886566539
S1-102132050	S3-403164421
S1-102132050	S3-995396373
S1-102132050	S3-902454085
S1-703657788	S3-56331466
S1-970647329	S2-148029004
S1-406159876	S3-412082695
S1-406159876	S3-252774281
S1-488362272	S3-452357935
S1-790427091	S3-221269353
S1-965475848	S2-283142159
S1-722444118	S2-128264973
S1-722444118	S2-339237160
S1-29554026	S2-808084678
S1-517744822	S2-384327586
S1-726611221	S2-268344382
S1-726611221	S3-707695008
S1-874051703	S2-60605970
S1-874051703	S3-40779749
S1-874051703	S2-624806283
S1-549117910	S2-848628189
S1-549117910	S2-955760854
S1-549117910	S3-814575534
S1-549117910	S3-530372097
S1-686300439	S3-742363650
S1-403929871	S2-124172657
S1-403929871	S3-43640402
S1-403929871	S3-158344659
S1-771289276	S3-907125374
S1-771289276	S2-895758141
S1-771289276	S3-770811886
S1-771289276	S2-815157830
S1-771289276	S3-914306289
S1-426017060	S3-378638334
S1-426017060	S2-684374499
S1-426017060	S3-876094091
S1-461148731	S2-321209227
S1-83042816	S3-726854852
S1-83042816	S2-428027940
S1-964978096	S3-575455550
S1-964978096	S3-992765987
S1-964978096	S2-199795292
S1-46327704	S3-915393007
S1-719483330	S3-390041041
S1-223084675	S2-306903946
S1-252208366	S2-758828259
S1-611081728	S3-575457360
S1-611081728	S2-220511003
S1-2462276	S2-177612836
S1-40509873	S2-79591494
S1-546676912	S3-158933181
S1-546676912	S3-657277578
S1-250407807	S3-794794201
S1-370384969	S3-752506489
S1-370384969	S3-905875449
S1-77518008	S3-771565789
S1-77518008	S3-369142026
S1-818708969	S3-129832085
S1-818708969	S2-657322782
S1-600158295	S2-524748289
S1-788576826	S3-563098072
S1-788576826	S3-800654834
S1-410137705	S2-872551966
S1-410137705	S2-833423491
S1-410137705	S2-662069855
S1-410137705	S3-467536381
S1-76286645	S3-997279527
S1-76286645	S2-932218762
S1-875560222	S2-431688135
S1-875560222	S2-790942
S1-743755774	S2-921722067
S1-814876009	S2-43431336
S1-814876009	S3-183658346
S1-814876009	S3-337359549
S1-85855058	S2-745474363
S1-85855058	S3-182288034
S1-85855058	S3-251510492
S1-555811782	S3-768760072
S1-751321596	S2-922268327
S1-143554665	S2-452811135
S1-848714220	S2-520548671
S1-848714220	S3-387960620
S1-738579600	S3-92781300
S1-972659010	S2-629299127
S1-441787925	S3-620484810
S1-441787925	S3-24229246
S1-703626834	S3-141276442
S1-703626834	S3-743054342
S1-703626834	S3-747611298
S1-703626834	S2-999348040
S1-703626834	S3-472492207
S1-821151266	S2-110635405
S1-85684582	S3-684140804
S1-914118320	S3-899638986
S1-914118320	S3-927454032
S1-638526945	S3-61687204
S1-67469130	S3-333473445
S1-67469130	S3-520191276
S1-67469130	S2-324459137
S1-67469130	S3-461834695
S1-459049582	S2-82389562
S1-459049582	S3-761977307
S1-459049582	S2-199247147
S1-459049582	S3-890419378
S1-459049582	S2-964442545
S1-674970841	S2-13482475
S1-674970841	S2-417005304
S1-246096156	S2-454091318
S1-700656125	S2-457384162
S1-84835261	S2-395322217
S1-84835261	S3-740378671
S1-850460610	S2-981211081
S1-850460610	S2-980821472
S1-850460610	S3-67527906
S1-850460610	S2-377065840
S1-998749875	S2-273569053
S1-998749875	S3-498187785
S1-998749875	S3-584047643
S1-998749875	S3-935040813
S1-603015893	S2-450035141
S1-603015893	S3-645090142
S1-676622601	S2-884414558
S1-676622601	S2-345656829
S1-704930123	S3-876196394
S1-352967074	S2-850297135
S1-504308208	S2-820965096
S1-504308208	S3-528546483
S1-504308208	S3-521997159
S1-504308208	S2-659855018
S1-251788568	S2-329615207
S1-121755029	S3-155297420
S1-984961030	S3-634281468
S1-984961030	S2-370332202
S1-617149082	S2-834025012
S1-940236187	S2-831033593
S1-197230704	S3-926019549
S1-197230704	S3-200392350
S1-197230704	S3-696941824
S1-405197087	S2-91685208
S1-405197087	S2-399381210
S1-405197087	S3-636719263
S1-405197087	S2-654118905
S1-836669486	S3-267634078
S1-982121884	S2-480589485
S1-74209931	S2-934279113
S1-825858403	S2-152918867
S1-825858403	S3-946220230
S1-825858403	S2-508262445
S1-584762669	S3-1505838
S1-584762669	S3-226225989
S1-477960810	S3-417102633
S1-340064815	S3-966583069
S1-17261245	S3-381071635
S1-17261245	S2-645575684
S1-17261245	S3-271720903
S1-17261245	S2-573018406
S1-851581346	S2-336498840
S1-448989961	S3-964360534
S1-763406995	S3-334269938
S1-623396272	S3-934829597
S1-527245319	S2-979363360
S1-527245319	S3-959787798
S1-527245319	S3-625388894
S1-535072039	S3-266162454
S1-535072039	S3-756204245
S1-945862655	S2-47077900
S1-945862655	S2-575850660
S1-945862655	S3-326840378
S1-128169912	S3-154575949
S1-128169912	S3-149482940
S1-128169912	S3-435349015
S1-128169912	S2-992658110
S1-839512135	S2-103372073
S1-839512135	S2-943557330
S1-571076488	S2-864848243
S1-571076488	S2-762115037
S1-913564757	S2-24929728
S1-913564757	S2-650682579
S1-913564757	S3-729000150
S1-913564757	S2-402509024
S1-913564757	S3-941034986
S1-293208869	S3-125416211
S1-293208869	S2-470793367
S1-293208869	S2-314768523
S1-293208869	S2-488967359
S1-153940352	S2-976224771
S1-428996091	S2-99728952
S1-718483541	S3-74358385
S1-224766541	S2-196049530
S1-507392314	S2-812111893
S1-132814119	S2-137285066
S1-827236520	S3-139270748
S1-803001102	S3-486075736
S1-866866471	S2-371242744
S1-866866471	S2-626789420
S1-47345327	S3-381253696
S1-179799353	S2-721590379
S1-179799353	S3-669241782
S1-179799353	S2-878545150
S1-516935765	S3-219516915
S1-516935765	S3-915738403
S1-612379044	S3-458008352
S1-643868227	S2-929749979
S1-643868227	S3-552582528
S1-128770923	S3-778185557
S1-291076710	S3-109962112
S1-927316583	S2-494612737
S1-794524181	S2-72510469
S1-125209917	S2-763913060
S1-125209917	S3-981013917
S1-125209917	S3-382458758
S1-881602363	S3-629351480
S1-881602363	S3-229607796
S1-881602363	S2-936075098
S1-881602363	S2-814684954
S1-881602363	S3-21187029
S1-995748461	S3-572002687
S1-995748461	S3-244899381
S1-995748461	S3-269270293
S1-995748461	S2-587232861
S1-626693236	S3-374942644
S1-289149794	S2-927936712
S1-289149794	S3-755826808
S1-994028886	S3-764319266
S1-994028886	S2-248004622
S1-994028886	S2-187896016
S1-48825345	S3-626583524
S1-493687992	S3-995770612
S1-493687992	S2-368108527
S1-493687992	S2-595569647
S1-994750111	S2-657627950
S1-994750111	S3-926770545
S1-994750111	S2-90469300
S1-994750111	S2-675296725
S1-985591738	S3-230528646
S1-985591738	S2-701365620
S1-272133684	S3-516884306
S1-572331744	S3-544674878
S1-954522486	S2-441120879
S1-636858889	S3-73597670
S1-636858889	S3-905903055
S1-636858889	S3-989029329
S1-791063626	S3-103121776
S1-704700345	S2-294493485
S1-785978894	S3-779407735
S1-785978894	S2-750542710
S1-523193234	S3-848470673
S1-523193234	S2-568210022
S1-249350958	S2-582490206
S1-108836867	S2-972735624
S1-537387888	S3-985451121
S1-208293266	S2-250020142
S1-908003905	S3-164365759
S1-851533441	S3-599095966
S1-180055124	S2-202738523
S1-180055124	S2-963993373
S1-180055124	S2-680524062
S1-180055124	S3-909287033
S1-30101738	S3-574091946
S1-156415409	S3-748553664
S1-156415409	S2-774637320
S1-491873103	S2-53615032
S1-491873103	S2-318410033
S1-491873103	S3-889119854
S1-112742078	S2-723443568
S1-112742078	S2-782116541
S1-574492865	S2-708222884
S1-574492865	S2-675382717
S1-606626468	S3-302684828
S1-269142932	S2-896453264
S1-286679874	S2-875113231
S1-693312018	S2-548006281
S1-693312018	S2-866335356
S1-918884601	S3-45811145
S1-930985557	S3-186849573
S1-143041569	S3-730205744
S1-638142450	S3-596641876
S1-901908978	S2-818442792
S1-901908978	S2-898667397
S1-966845451	S3-277702761
S1-847626685	S2-422458571
S1-900272080	S3-207832008
S1-900272080	S2-435911271
S1-900272080	S2-305003042
S1-16170279	S2-652355142
S1-16170279	S3-895396694
S1-136545022	S3-833544484
S1-250751746	S2-487704150
S1-249793170	S3-292703709
S1-487404017	S2-83253237
S1-487404017	S2-456917446
S1-487404017	S2-278751145
S1-487404017	S3-839553387
S1-696870668	S2-792320599
S1-164535704	S3-296889964
S1-164535704	S2-345896750
S1-726904506	S2-200456734
S1-285391914	S2-557286801
S1-222772128	S2-929100733
S1-368739152	S3-765449306
S1-368739152	S2-199205751
S1-368739152	S3-362328791
S1-997498628	S2-917145225
S1-997498628	S3-413581582
S1-887662268	S3-69224673
S1-887662268	S2-366772533
S1-887662268	S2-988560060
S1-887662268	S3-860016651
S1-887662268	S3-963666203
S1-667499098	S3-721131074
S1-548090756	S2-68448292
S1-548090756	S3-316609552
S1-893432047	S3-427745759
S1-460492811	S2-922228160
S1-247728108	S2-147869928
S1-817586497	S3-188758503
S1-817586497	S2-912373541
S1-170938584	S3-502052361
S1-170938584	S3-628425971
S1-906371754	S3-112120555
S1-906371754	S3-409246304
S1-906371754	S3-70144493
S1-906371754	S3-770533400
S1-707210020	S3-874976824
S1-707210020	S3-127444638
S1-707210020	S3-248821938
S1-575870191	S2-622187593
S1-336226227	S2-997391188
S1-336226227	S2-82214452
S1-336226227	S3-748915577
S1-336226227	S3-140849467
S1-88161148	S2-885622087
S1-88161148	S3-155813365
S1-6258643	S2-286708577
S1-71384683	S2-954352704
S1-71384683	S2-165331475
S1-71384683	S2-841121973
S1-71384683	S2-970205766
S1-475089024	S3-586387693
S1-470780593	S2-5203202
S1-470780593	S2-868994352
S1-470780593	S2-643374600
S1-953660006	S3-636621655
S1-953660006	S3-806460463
S1-953660006	S2-486806235
S1-953660006	S2-33249990
S1-376765524	S2-894534353
S1-376765524	S3-892371885
S1-376765524	S2-531649030
S1-376765524	S2-799223094
S1-376765524	S2-817780127
S1-417156658	S3-662175630
S1-287010202	S2-237000319
S1-287010202	S2-756796272
S1-165656314	S3-605577788
S1-165656314	S2-473624556
S1-861604332	S2-453925546
S1-861604332	S2-580718938
S1-861604332	S2-483449515
S1-455586119	S3-346473009
S1-455586119	S2-673716304
S1-85926791	S3-858611207
S1-693390133	S3-68036622
S1-693390133	S2-490193347
S1-693390133	S2-55920914
S1-693390133	S3-95639492
S1-424740487	S2-517894700
S1-905505823	S3-146210532
S1-40041897	S3-885114791
S1-664517169	S2-688749126
S1-664517169	S3-418591476
S1-664517169	S3-399043639
S1-935325981	S2-897033490
S1-50599841	S3-796470175
S1-761480481	S2-824385562
S1-761480481	S2-152347081
S1-205156401	S3-998744553
S1-540001219	S2-192968370
S1-540001219	S2-363690200
S1-540001219	S3-650630069
S1-822795924	S2-599942081
S1-822795924	S3-176287293
S1-822795924	S2-476336946
S1-822795924	S2-695333565
S1-822795924	S2-821427767
S1-571891555	S2-260636116
S1-571891555	S2-390426499
S1-571891555	S3-342802331
S1-706940060	S2-682025042
S1-706940060	S3-485211908
S1-706940060	S2-421493652
S1-706940060	S2-808364484
S1-706940060	S3-382339082
S1-111079637	S2-69677175
S1-111079637	S3-815026383
S1-111079637	S2-38302992
S1-111079637	S3-882982349
S1-348347167	S2-26698784
S1-467592721	S2-560699873
S1-914900455	S2-749089884
S1-914900455	S3-354444303
S1-262362800	S2-304314464
S1-262362800	S2-619814538
S1-262362800	S2-898311874
S1-262362800	S3-505324635
S1-262362800	S3-717045484
S1-570353493	S2-359379063
S1-570353493	S3-577293965
S1-728434566	S3-484960756
S1-831261535	S3-799366457
S1-810056240	S3-793864360
S1-810056240	S3-149385492
S1-810056240	S2-436654120
S1-135132187	S3-563128912
S1-135132187	S3-1377777
S1-135132187	S2-781403244
S1-451006769	S2-468035767
S1-451006769	S3-473153342
S1-451006769	S3-854516083
S1-730868114	S3-444793958
S1-787839822	S3-712051918
S1-787839822	S2-870877979
S1-787839822	S2-126170609
S1-748904442	S3-15445949
S1-748904442	S2-60821316
S1-748904442	S2-231019136
S1-748904442	S2-359909045
S1-69953196	S3-365246515
S1-968397252	S3-60079270
S1-606064009	S2-137370886
S1-424802930	S2-534627378
S1-424802930	S3-497969345
S1-424802930	S2-993425736
S1-424802930	S2-954623809
S1-424802930	S2-592064433
S1-997200656	S2-420736339
S1-198533726	S3-846571643
S1-716026948	S3-711930549
S1-812443243	S2-737397542
S1-367294879	S2-178995942
S1-380691807	S2-547813683
S1-380691807	S2-231747987
S1-380691807	S2-583678220
S1-380691807	S2-231365353
S1-380691807	S3-974202446
S1-918814064	S2-874796803
S1-920900601	S3-595720853
S1-194369809	S3-159321986
S1-198411861	S3-921401438
S1-198411861	S3-792040200
S1-198411861	S2-469878750
S1-198411861	S2-724497006
S1-198411861	S2-324064548
S1-420919123	S2-432582749
S1-420919123	S3-947027063
S1-420919123	S2-767151930
S1-420919123	S2-365588854
S1-58639757	S2-285736176
S1-58639757	S2-815697958
S1-58639757	S2-667493359
S1-58639757	S2-425962799
S1-564936456	S2-837449541
S1-686625817	S2-399194385
S1-686625817	S2-188848538
S1-686625817	S2-738513607
S1-686625817	S2-573807753
S1-143110789	S2-639083798
S1-209875576	S3-240232708
S1-476093643	S3-258496826
S1-476093643	S2-658547414
S1-476093643	S3-513769448
S1-960064020	S3-324963393
S1-991140879	S3-609178913
S1-991140879	S3-757832854
S1-621456046	S3-916146685
S1-568902761	S3-497649316
S1-992298592	S3-85399267
S1-992298592	S3-180140961
S1-992298592	S2-707302216
S1-447967181	S3-586913323
S1-447967181	S2-375882722
S1-461536422	S3-582330999
S1-461536422	S2-650081446
S1-461536422	S3-83383537
S1-498117933	S3-88490041
S1-498117933	S3-236185282
S1-809354195	S2-107304766
S1-809354195	S3-835897396
S1-809354195	S2-575078238
S1-160745069	S3-96916807
S1-160745069	S2-759469979
S1-283573096	S2-780629597
S1-324480794	S2-563005750
S1-870774668	S3-901309472
S1-978255757	S2-407987435
S1-978255757	S3-785749664
S1-978255757	S3-927833758
S1-978255757	S2-403105922
S1-58650029	S2-336541989
S1-367635405	S3-633810382
S1-533429370	S2-557147129
S1-533429370	S2-21211576
S1-533429370	S3-120662711
S1-103811369	S3-309750624
S1-499380206	S3-2096466
S1-499380206	S3-292105892
S1-52628693	S2-906078375
S1-52628693	S2-361435958
S1-558692974	S3-70572963
S1-528590813	S3-242770239
S1-528590813	S2-518012863
S1-528590813	S3-316737720
S1-528590813	S2-386195977
S1-528590813	S3-130745033
S1-528590813	S2-810408377
S1-590540290	S3-537433383
S1-590540290	S2-725313841
S1-51315783	S2-116492034
S1-204005536	S3-379292884
S1-641199156	S2-881126046
S1-147752970	S2-356349151
S1-304411791	S2-256863108
S1-744068055	S2-858879960
S1-744068055	S2-206966051
S1-69010085	S3-493663434
S1-28397113	S3-137739181
S1-940908285	S3-277015217
S1-940908285	S2-104037985
S1-940908285	S3-212490050
S1-931603546	S3-725667396
S1-346833280	S3-280284219
S1-118432320	S3-764917668
S1-118432320	S3-670826361
S1-118432320	S3-541534835
S1-835794617	S2-738018561
S1-835794617	S2-466578920
S1-547648947	S3-593858017
S1-997084316	S2-777137684
S1-803817622	S3-408321332
S1-202915068	S2-559603052
S1-202915068	S2-398371398
S1-202915068	S3-182825335
S1-202915068	S2-157996593
S1-518976355	S2-188337508
S1-958909471	S3-167444480
S1-414971910	S2-509687825
S1-414971910	S2-889397211
S1-414971910	S3-411115222
S1-689753540	S3-951749646
S1-689753540	S3-408623045
S1-3479084	S2-867534303
S1-3479084	S2-169366093
S1-421402218	S2-992945121
S1-421402218	S2-963163132
S1-421402218	S2-557942556
S1-421402218	S2-237383409
S1-879485974	S2-460251044
S1-879485974	S3-163883263
S1-879485974	S2-827686512
S1-879485974	S3-162663286
S1-526519228	S3-164896976
S1-526519228	S2-143376521
S1-526519228	S2-884745672
S1-870462900	S2-172181414
S1-849320948	S3-450164351
S1-904054347	S3-978744656
S1-402439748	S3-826591960
S1-764190858	S2-789605939
S1-119537664	S2-360722937
S1-119537664	S3-782496870
S1-481329806	S3-272116399
S1-481329806	S2-851678606
S1-795223571	S2-35676789
S1-323616210	S2-26485710
S1-323616210	S3-847260627
S1-323616210	S3-643568765
S1-358614664	S3-68949154
S1-654529318	S2-492318022
S1-654529318	S3-420015584
S1-66996740	S2-349958161
S1-872739609	S2-176057956
S1-165784836	S3-976198158
S1-165784836	S3-640247977
S1-165784836	S3-387927673
S1-165784836	S2-992808057
S1-90975469	S3-847188698
S1-73078495	S3-638062284
S1-974022064	S2-667246779
S1-974022064	S2-139833814
S1-934175776	S2-277249857
S1-934175776	S3-261978598
S1-759956055	S3-155979425
S1-759956055	S3-717204117
S1-846399354	S3-35039753
S1-846399354	S3-832043669
S1-846399354	S2-173619913
S1-35721350	S2-397517526
S1-35721350	S3-358606164
S1-35721350	S2-270175418
S1-35721350	S2-130516622
S1-985612538	S3-148217060
S1-985612538	S3-465575768
S1-985612538	S2-719146006
S1-219393556	S3-551222602
S1-236543998	S2-768931097
S1-796838672	S3-456037143
S1-796838672	S2-129018109
S1-796838672	S2-193684356
S1-796838672	S2-21904171
S1-796838672	S3-11330931
S1-630142764	S3-774332005
S1-630142764	S3-684543817
S1-772772144	S2-412871755
S1-85954450	S2-873745797
S1-882818756	S3-888238326
S1-797341052	S2-543943245
S1-152469212	S3-960345509
S1-152469212	S2-182671409
S1-152469212	S3-876428716
S1-390347024	S2-607093320
S1-390347024	S2-418206547
S1-796968714	S2-108034582
S1-436004986	S3-883444780
S1-839911126	S2-259878106
S1-839911126	S2-958066782
S1-839911126	S3-86930937
S1-192079537	S3-867445654
S1-192079537	S2-996192408
S1-192079537	S2-663741864
S1-77549526	S3-134454813
S1-516317457	S2-902156958
S1-168853832	S2-546243239
S1-168853832	S3-535864968
S1-168853832	S2-648813034
S1-168853832	S2-239557500
S1-131324606	S2-700309128
S1-131324606	S3-179657520
S1-642941686	S2-717676865
S1-816472118	S2-676835951
S1-323891493	S2-455987249
S1-774084818	S2-617778342
S1-774084818	S3-591233720
S1-502438949	S2-139192205
S1-334555619	S3-125271890
S1-806548349	S3-341575639
S1-749392599	S3-904541807
S1-153002181	S3-818212682
S1-429860946	S3-544898784
S1-530511496	S3-880470786
S1-530511496	S2-559384888
S1-467762135	S3-595845960
S1-114052090	S3-357941878
S1-646314119	S3-914041215
S1-655954625	S3-15045152
S1-109607278	S3-253625953
S1-103923181	S2-437936675
S1-103923181	S3-296418487
S1-103923181	S3-339676931
S1-103923181	S3-200103152
S1-91686949	S3-910601105
S1-91686949	S3-773971930
S1-23589611	S3-749920735
S1-372988542	S3-628201706
S1-973603234	S3-373621927
S1-872098349	S3-970376236
S1-872098349	S2-397186609
S1-46191234	S3-991426211
S1-732344033	S2-978824988
S1-667446539	S2-389947706
S1-338015141	S2-535657966
S1-172630846	S3-333444470
S1-172630846	S3-630888268
S1-172630846	S2-418016760
S1-172630846	S3-803979116
S1-641897124	S3-281514850
S1-641897124	S3-241703324
S1-611408886	S3-349491438
S1-967949205	S3-923869934
S1-967949205	S2-788483421
S1-893711309	S2-842282461
S1-893711309	S2-21367024
S1-626019489	S2-725986385
S1-703784130	S2-753413714
S1-703784130	S3-52579676
S1-703784130	S3-736625220
S1-703784130	S2-101705970
S1-336780959	S3-333345110
S1-389379154	S3-113798684
S1-389379154	S3-527546729
S1-389379154	S2-793252485
S1-389379154	S3-92745263
S1-44677689	S3-139220720
S1-895165514	S3-205239408
S1-623377014	S3-65194346
S1-789669983	S3-292373299
S1-789669983	S2-578591430
S1-789669983	S3-991149300
S1-789669983	S2-56521378
S1-789669983	S2-901693589
S1-259801479	S3-529614076
S1-259801479	S2-35251678
S1-259801479	S3-397920674
S1-259801479	S2-766263019
S1-476153895	S3-67479536
S1-914565517	S3-656066820
S1-351289286	S3-332748472
S1-336555373	S3-204689068
S1-735816943	S2-2579775
S1-55983957	S2-552038160
S1-55983957	S3-861255765
S1-832111618	S3-533014496
S1-832111618	S3-166903264
S1-832111618	S3-893950858
S1-446395838	S2-930414592
S1-790026757	S2-230095621
S1-790026757	S2-267092995
S1-478566590	S2-301752217
S1-478566590	S3-808584892
S1-925728898	S2-579190694
S1-721226865	S3-72907743
S1-561754977	S2-53055522
S1-561754977	S2-383762423
S1-561754977	S2-308680702
S1-625517777	S3-88005047
S1-646932648	S3-57282956
S1-646932648	S3-640770766
S1-615500615	S3-467752239
S1-341087859	S2-513565653
S1-488731409	S3-31698475
S1-11959578	S2-282929803
S1-11959578	S2-604659724
S1-11959578	S3-856293336
S1-474221113	S3-461796925
S1-474221113	S2-11591558
S1-474221113	S2-312448687
S1-474221113	S2-36641668
S1-582622917	S3-443581090
S1-244894898	S2-188328356
S1-985262321	S2-719886267
S1-985262321	S2-474158189
S1-13672336	S3-947085003
S1-406799310	S3-174365631
S1-57112550	S2-806278417
S1-959580291	S2-998661747
S1-85236874	S3-927482819
S1-20315749	S2-151174114
S1-143901852	S3-321016581
S1-766705619	S2-319544939
S1-688934460	S3-894724166
S1-120742701	S2-990236433
S1-427050	S3-40391515
S1-427050	S3-407845635
S1-427050	S2-193249217
S1-376284648	S2-970147442
S1-330055842	S2-768669951
S1-674476397	S3-993879630
S1-971358704	S2-722210766
S1-644232509	S3-474285023
S1-373953567	S2-836366960
S1-299980234	S2-571494476
S1-299980234	S3-307899870
S1-956389746	S2-105335638
S1-956409579	S2-102333507
S1-956409579	S3-400929071
S1-956409579	S2-427547790
S1-956409579	S2-98041903
S1-956409579	S3-175050728
S1-141054128	S2-673789945
S1-141054128	S2-194326384
S1-141054128	S3-700741642
S1-141054128	S2-648659173
S1-141054128	S2-67881281
S1-612516613	S3-775031673
S1-194783902	S3-25238819
S1-672098816	S3-259827247
S1-865274858	S3-379657120
S1-865274858	S2-895534839
S1-321884694	S2-715165583
S1-321884694	S2-571601838
S1-108993630	S2-984630645
S1-108993630	S2-817335636
S1-742388744	S3-277512047
S1-892907562	S2-415760168
S1-569068641	S2-148564142
S1-226649891	S3-769558457
S1-226649891	S3-698178856
S1-226649891	S2-949133719
S1-634776838	S2-324976300
S1-901892112	S2-483933469
S1-901892112	S2-817229265
S1-901892112	S3-581176959
S1-725104457	S3-696043434
S1-725104457	S3-341999056
S1-104534862	S3-64027705
S1-800324465	S3-913787127
S1-800324465	S2-297457680
S1-950104892	S3-515568423
S1-163173693	S3-319313655
S1-163173693	S3-185568541
S1-163173693	S3-890818820
S1-144110849	S3-673173340
S1-954480284	S3-827069830
S1-954480284	S3-231461821
S1-642483814	S2-949150505
S1-642483814	S3-488515251
S1-642483814	S3-410464957
S1-879059392	S2-457144295
S1-879059392	S3-528793503
S1-879059392	S3-899479105
S1-630018525	S2-245554222
S1-195365360	S3-625310628
S1-253935715	S2-606492581
S1-253935715	S3-798177062
S1-253935715	S3-898607877
S1-253935715	S2-809175877
S1-753154075	S3-105106382
S1-753154075	S3-458434533
S1-86444256	S2-308044474
S1-86444256	S3-544906543
S1-86444256	S2-549423005
S1-5311176	S3-908934722
S1-190563863	S3-874068649
S1-190563863	S2-912419628
S1-190563863	S2-631393552
S1-109963670	S2-655396733
S1-109963670	S2-57576767
S1-109963670	S2-5821294
S1-883949874	S3-708804218
S1-883949874	S3-492557803
S1-727785650	S3-203881157
S1-727785650	S3-11339629
S1-38159928	S2-60303258
S1-38159928	S2-452812411
S1-38159928	S3-543478927
S1-654268969	S3-640700330
S1-654268969	S2-775296086
S1-654268969	S3-191225821
S1-654268969	S3-166966255
S1-450803932	S3-150034554
S1-450803932	S2-2869975
S1-624895517	S2-351828407
S1-624895517	S3-339824855
S1-539947895	S3-791479125
S1-512319808	S3-693428185
S1-146871219	S3-683751301
S1-191992552	S2-590409160
S1-144602809	S3-258618347
S1-402145470	S3-519050500
S1-308259557	S3-89600599
S1-619840149	S2-773408448
S1-619840149	S2-268363124
S1-619840149	S2-411899435
S1-128968116	S2-448930099
S1-128968116	S3-213548598
S1-128968116	S2-108403526
S1-128968116	S2-791502947
S1-128968116	S3-345555044
S1-128968116	S2-576026464
S1-936461236	S3-339185431
S1-936461236	S3-272338532
S1-846856422	S2-175833104
S1-308530309	S3-380577603
S1-308530309	S3-665699215
S1-744662247	S3-228294067
S1-744662247	S3-202930759
S1-296550646	S2-14149524
S1-700679246	S3-446752301
S1-815412092	S3-239025877
S1-815412092	S3-733795496
S1-169662303	S2-686320731
S1-531507922	S3-670355983
S1-736447200	S3-208654457
S1-222652140	S3-107723928
S1-633951166	S3-893020861
S1-633951166	S3-422620170
S1-633951166	S3-524418600
S1-852092208	S2-365756093
S1-852092208	S3-300625815
S1-852092208	S3-30685177
S1-935902881	S3-453209680
S1-935902881	S2-876047451
S1-541967934	S3-882394322
S1-541967934	S3-674675411
S1-623516827	S3-939947553
S1-623516827	S3-770122837
S1-366850625	S3-351093445
S1-366850625	S3-464425019
S1-366850625	S2-418941761
S1-366850625	S3-848784814
S1-366850625	S2-586585439
S1-165200340	S2-272565995
S1-707426923	S3-333276195
S1-707426923	S2-901207682
S1-707426923	S3-67150323
S1-492929462	S2-409583890
S1-432695051	S3-123607288
S1-432695051	S2-528379757
S1-546828239	S2-313504485
S1-546828239	S2-244692214
S1-546828239	S3-55768778
S1-546828239	S3-89736298
S1-837408378	S3-749141200
S1-837408378	S2-21705683
S1-837408378	S3-412910203
S1-278179833	S2-863685868
S1-649574340	S3-6620298
S1-649574340	S3-583527296
S1-649574340	S3-944524489
S1-649574340	S2-989709748
S1-182696660	S2-103488837
S1-272002276	S3-937391895
S1-665603564	S3-276736734
S1-198657369	S3-890577321
S1-759885482	S3-96262148
S1-742017863	S3-131129707
S1-742017863	S2-13018582
S1-161403175	S3-329567958
S1-161403175	S3-927962274
S1-161403175	S3-144339661
S1-161403175	S2-673356397
S1-445601289	S2-922714032
S1-745481357	S3-684252464
S1-627085875	S2-276886321
S1-337182732	S2-58426508
S1-337182732	S2-936528920
S1-892515963	S2-744650112
S1-480772117	S2-764449829
S1-309865156	S3-706672785
S1-875821535	S3-607490516
S1-299756713	S2-666381146
S1-802628497	S2-364780528
S1-37772281	S2-227096863
S1-37772281	S2-320637667
S1-32775578	S2-763203838
S1-615969479	S2-359167753
S1-790199409	S2-228776391
S1-790199409	S3-776123805
S1-790199409	S3-83547406
S1-756373186	S3-297050391
S1-170928679	S3-572118984
S1-387237503	S2-829879550
S1-46969156	S3-14062164
S1-46969156	S3-831922671
S1-46969156	S3-37719300
S1-46969156	S2-269384165
S1-989710975	S2-952265299
S1-330405460	S3-770693221
S1-860969849	S3-564325918
S1-477646135	S3-596169277
S1-976340908	S3-571345128
S1-639522883	S2-691562217
S1-185068931	S2-24625479
S1-552375888	S2-460231100
S1-762806945	S3-494520882
S1-762806945	S3-36828743
S1-29150080	S2-571547620
S1-852151021	S2-242459620
S1-682461098	S3-643766074
S1-908012897	S3-377917058
S1-908012897	S3-305396450
S1-908012897	S2-441247779
S1-925837863	S2-991821882
S1-925837863	S3-576431233
S1-793739172	S3-348347176
S1-793739172	S2-54540168
S1-386494816	S3-216320978
S1-392338459	S3-461659199
S1-960458243	S3-696258008
S1-696165151	S3-656496750
S1-696165151	S3-340433523
S1-696165151	S3-87076713
S1-533526579	S2-397900952
S1-533526579	S2-872379865
S1-403985579	S2-806291320
S1-937595857	S3-504580466
S1-48118471	S3-484427952
S1-251766190	S3-503203402
S1-251766190	S3-41804157
S1-251766190	S2-548327243
S1-251766190	S3-705973768
S1-643833557	S2-472845617
S1-124809550	S2-556185384
S1-425222955	S3-895406625
S1-425222955	S2-557696067
S1-646787049	S2-771929879
S1-646787049	S3-457243753
S1-191342290	S3-957964402
S1-133123530	S3-493738481
S1-951903151	S3-91097766
S1-244092029	S2-921281653
S1-755232237	S3-111069795
S1-453184480	S3-690552769
S1-453184480	S2-424654639
S1-453184480	S3-844383859
S1-804494562	S3-835893856
S1-249988144	S2-210701547
S1-249988144	S3-586734567
S1-47652392	S2-984569905
S1-942697883	S3-753131767
S1-274503815	S3-999786144
S1-406869207	S3-541358637
S1-406869207	S2-983769608
S1-406869207	S3-4077591
S1-33993620	S2-953455433
S1-33993620	S3-730600825
S1-33993620	S2-249570010
S1-818437253	S2-12759816
S1-12460603	S2-590577363
S1-12460603	S2-933800513
S1-12460603	S3-308664368
S1-137961568	S3-539616607
S1-426535779	S2-27992469
S1-335008581	S3-630536459
S1-419518066	S3-764457137
S1-419518066	S3-584087790
S1-287455487	S3-88907605
S1-287455487	S2-817215839
S1-287455487	S2-125545692
S1-378739579	S3-391510628
S1-48641123	S3-67456513
S1-275500294	S3-613533368
S1-858987481	S3-620323392
S1-769493928	S3-451107611
S1-829209075	S3-22320048
S1-935471452	S2-636743196
S1-6410551	S3-102696790
S1-750981504	S3-979807999
S1-256802212	S2-326723117
S1-256802212	S2-398994784
S1-723028362	S2-849047453
S1-58617155	S3-613252376
S1-936701388	S3-798566688
S1-387507685	S3-76325385
S1-991900960	S2-684172507
S1-991900960	S3-165878715
S1-991900960	S2-108174402
S1-991900960	S3-888246686
S1-991900960	S3-316151489
S1-908582005	S3-428809878
S1-908582005	S3-626449152
S1-827174341	S3-510549258
S1-531333409	S3-565242521
S1-632003544	S3-857304221
S1-866701138	S3-617679994
S1-866701138	S3-971382427
S1-191093068	S2-225654358
S1-191093068	S3-716907891
S1-191093068	S2-58820094
S1-191093068	S3-933073481
S1-191093068	S3-750916385
S1-191093068	S3-123689004
S1-471984826	S2-590497178
S1-77843200	S3-41239150
S1-97564518	S3-188990832
S1-528096742	S3-500575265
S1-528096742	S2-585923855
S1-528096742	S2-521225791
S1-721069396	S2-698871203
S1-721069396	S2-296943607
S1-768417335	S3-364121147
S1-239783633	S2-532642643
S1-239783633	S3-513344089
S1-832455540	S3-203808373
S1-721003674	S3-652864298
S1-286870755	S3-908432243
S1-943107540	S3-434305063
S1-47360170	S3-786962616
S1-262513844	S3-122969807
S1-907280152	S3-716731402
S1-88072578	S3-939059442
S1-356179296	S3-674549141
S1-356179296	S3-605021307
S1-296621655	S2-816704959
S1-862053534	S2-300287480
S1-862053534	S3-56465962
S1-862053534	S3-327572939
S1-12357485	S2-220244822
S1-12357485	S3-195264769
S1-450454489	S2-203756799
S1-450454489	S2-99383555
S1-450454489	S3-431554114
S1-131590051	S2-213853381
S1-724305665	S2-624253490
S1-179640231	S2-394042216
S1-179640231	S3-540454482
S1-494675692	S3-749822108
S1-323457845	S2-462296332
S1-323457845	S3-867001240
S1-516390812	S3-776145488
S1-201935405	S3-891664699
S1-133665328	S2-213039852
S1-600309399	S2-372535781
S1-106003349	S2-741918767
S1-393323502	S3-738802316
S1-393323502	S2-93716753
S1-40174897	S2-305805902
S1-40174897	S3-168489675
S1-23424826	S2-24917701
S1-685558952	S3-549629263
S1-685558952	S3-39345442
S1-685558952	S3-897789323
S1-903042501	S3-144596877
S1-903042501	S2-880532924
S1-903042501	S3-3354066
S1-903042501	S2-175727294
S1-445645959	S3-79912947
S1-123182531	S2-851314020
S1-909501262	S2-404696448
S1-620411329	S2-140748951
S1-590020801	S2-79235208
S1-590020801	S3-851726336
S1-293368386	S3-877182857
S1-390384198	S3-286749021
S1-861864806	S3-477026589
S1-861864806	S2-887704763
S1-328430353	S2-292010499
S1-873264981	S3-870332395
S1-873264981	S2-299339016
S1-325530826	S2-431793054
S1-325530826	S2-671198088
S1-325530826	S3-20258948
S1-325530826	S3-61824613
S1-386106749	S3-262234426
S1-386106749	S2-569125194
S1-386106749	S2-954500323
S1-386106749	S3-227714367
S1-386106749	S2-814700894
S1-386106749	S3-748205540
S1-386106749	S2-953346440
S1-386106749	S3-715009050
S1-386106749	S3-681462411
S1-803272412	S2-867179702
S1-209779876	S3-739271638
S1-209779876	S2-327554462
S1-892886742	S3-398922696
S1-281720459	S2-312110189
S1-281720459	S2-639970944
S1-298008428	S2-937427468
S1-298008428	S2-751198729
S1-298008428	S2-172841637
S1-79980411	S2-567611864
S1-79980411	S2-905100969
S1-79980411	S3-838129802
S1-483879916	S3-768325355
S1-864723997	S3-209622958
S1-864723997	S2-762863858
S1-387290424	S2-734419820
S1-98239753	S3-618893190
S1-98239753	S3-137664177
S1-624708649	S3-978341914
S1-844138286	S3-127174109
S1-844138286	S2-781920752
S1-128958478	S3-803419292
S1-128958478	S2-635467901
S1-732127191	S3-383892133
S1-423790148	S3-229056098
S1-894669998	S3-402469334
S1-894669998	S2-596123488
S1-746018473	S3-866676934
S1-746018473	S3-951602221
S1-391254898	S2-916908077
S1-828991332	S3-31381714
S1-828991332	S3-641818297
S1-828991332	S2-654081097
S1-828991332	S2-82717154
S1-828991332	S3-976011419
S1-498931502	S2-346653449
S1-498931502	S2-600838952
S1-395630148	S2-483284637
S1-395630148	S3-357113287
S1-346932668	S3-217183676
S1-346932668	S2-874617082
S1-846598911	S3-734811803
S1-209701075	S2-514075642
S1-754066904	S3-478272526
S1-394283171	S3-178310166
S1-394283171	S2-810482797
S1-394283171	S3-43351235
S1-394283171	S3-983827334
S1-394283171	S3-328867359
S1-960326277	S3-590429525
S1-593130175	S3-928248771
S1-984649560	S2-7179756
S1-558216542	S3-385297156
S1-558216542	S2-159627367
S1-662051944	S3-619287201
S1-39571797	S3-823933208
S1-39571797	S3-160230050
S1-858724402	S3-21318340
S1-858724402	S2-278439092
S1-858724402	S3-544285277
S1-858724402	S3-697568616
S1-614054712	S3-849533691
S1-614054712	S3-372651390
S1-395378604	S3-215424581
S1-395378604	S2-464072508
S1-395378604	S2-202651013
S1-395378604	S3-940449436
S1-895990217	S3-868304819
S1-536342253	S3-371474652
S1-536342253	S3-894541875
S1-141944204	S2-670844432
S1-407760885	S2-879747468
S1-407760885	S3-614001622
S1-407760885	S3-948706858
S1-407760885	S3-580599699
S1-407760885	S3-267462473
S1-821083139	S3-436262670
S1-92859991	S2-895707108
S1-150949569	S2-893285829
S1-150949569	S2-853156296
S1-150949569	S3-792311920
S1-150949569	S2-961000060
S1-564829473	S2-815401633
S1-564829473	S3-828813012
S1-316784683	S2-723736086
S1-316784683	S3-991808
S1-525898691	S3-615062467
S1-525898691	S2-726619464
S1-525898691	S2-612519865
S1-486195303	S2-755606434
S1-62446883	S3-857581117
S1-291373679	S3-802947995
S1-381780185	S3-33710615
S1-381780185	S2-345189716
S1-381780185	S3-479241718
S1-300876889	S3-138583707
S1-300876889	S2-164452527
S1-861040119	S2-493929954
S1-791941603	S3-898314076
S1-791941603	S2-242104839
S1-91890910	S2-953288541
S1-118718136	S3-374748842
S1-805785688	S3-556329297
S1-313843348	S2-940279353
S1-313843348	S3-884191106
S1-313843348	S3-628421976
S1-975023796	S2-134291199
S1-975023796	S2-973884193
S1-55193938	S2-653048567
S1-55193938	S3-235831793
S1-55193938	S2-366791477
S1-55193938	S3-667144403
S1-407513462	S3-148991882
S1-407513462	S2-709538561
S1-893654764	S2-225986639
S1-805517194	S3-303251238
S1-486666768	S3-24967508
S1-784814173	S2-900230801
S1-937874678	S3-671138834
S1-48671028	S2-460436541
S1-709998349	S3-656090759
S1-644709535	S2-88901902
S1-497599306	S2-44916454
S1-497599306	S3-306051721
S1-497599306	S3-23609571
S1-497599306	S3-446393885
S1-497599306	S3-376139138
S1-293083	S3-184700399
S1-404720096	S2-310548820
S1-272845649	S2-509909592
S1-272845649	S3-836408074
S1-272845649	S3-455196366
S1-587056037	S3-252049701
S1-411645733	S2-242023774
S1-411645733	S3-177083412
S1-411645733	S3-338771867
S1-411645733	S2-7603039
S1-11099950	S3-237239002
S1-11099950	S3-190005124
S1-531089875	S2-574914620
S1-780719169	S2-811974271
S1-875174970	S2-649436160
S1-875174970	S3-155504141
S1-907492392	S2-524424865
S1-907492392	S3-206739271
S1-997268958	S2-622203588
S1-997268958	S2-876085185
S1-906206843	S3-314049310
S1-401444604	S2-29540799
S1-492516454	S2-819742343
S1-492516454	S3-790198515
S1-691807403	S2-89617053
S1-691807403	S3-643583385
S1-312495320	S2-597109425
S1-235689634	S3-545224602
S1-814956477	S2-941313823
S1-41067038	S2-19078723
S1-804403732	S3-986300659
S1-804403732	S3-523327904
S1-455433696	S2-33627612
S1-60095699	S3-859417476
S1-975684333	S2-624928542
S1-112519039	S3-610645242
S1-112519039	S3-789460608
S1-112519039	S3-131692737
S1-73381926	S3-85987012
S1-574848946	S2-31532089
S1-574848946	S3-845132615
S1-671490821	S2-30014117
S1-671490821	S2-450231788
S1-671490821	S3-535075558
S1-671490821	S3-500146398
S1-656458483	S2-344662593
S1-656458483	S2-697235466
S1-656458483	S2-796253014
S1-656458483	S2-929060048
S1-656458483	S3-499425254
S1-350930984	S3-898583819
S1-896502233	S2-801082258
S1-896502233	S2-947441676
S1-896502233	S3-752881370
S1-861037593	S3-832079679
S1-861037593	S2-191772502
S1-861037593	S3-463067291
S1-117067147	S2-988094288
S1-254897703	S2-389851913
S1-254897703	S2-618463331
S1-975397540	S2-522162740
S1-726540486	S2-337104354
S1-726540486	S3-651920051
S1-726540486	S2-978327409
S1-726540486	S3-914371010
S1-458896754	S3-115030980
S1-458896754	S2-790666158
S1-458896754	S2-119228223
S1-458896754	S3-502724755
S1-844678374	S2-433879299
S1-346279159	S3-954129341
S1-346279159	S3-126505845
S1-776237456	S3-338358144
S1-245493077	S2-448005013
S1-245493077	S3-934866971
S1-395051468	S2-123903447
S1-647217272	S2-834239127
S1-674361187	S2-413393486
S1-34727233	S3-134486612
S1-34727233	S2-324933754
S1-273196928	S3-683486849
S1-200745703	S2-608734322
S1-200745703	S3-746970911
S1-200745703	S2-408888682
S1-820798240	S3-349305848
S1-318581919	S3-450996083
S1-318581919	S2-239590732
S1-856360976	S2-335493672
S1-899933395	S2-836432604
S1-899933395	S2-30810073
S1-538171615	S3-728519698
S1-659131302	S3-272088590
S1-89385065	S2-753733744
S1-109092071	S2-704196723
S1-109092071	S3-832007744
S1-109092071	S3-689363151
S1-725353067	S3-611048754
S1-725353067	S2-806535174
S1-984788506	S2-374202437
S1-984788506	S2-361158276
S1-115803727	S3-53199017
S1-17289850	S2-64532605
S1-805230607	S2-763630975
S1-805230607	S2-263803660
S1-387357690	S2-84283901
S1-387357690	S3-50301959
S1-847331126	S3-221171352
S1-251112763	S2-661118158
S1-251112763	S2-611303477
S1-530597420	S2-292742865
S1-530597420	S3-686242193
S1-61802274	S2-480080427
S1-562355476	S3-62905802
S1-562355476	S3-680679260
S1-562355476	S3-407921350
S1-674809375	S3-822264641
S1-449682508	S2-890157186
S1-449682508	S2-492572259
S1-449682508	S2-628445975
S1-367286721	S3-453535173
S1-428339978	S2-756267472
S1-428339978	S3-737189839
S1-627575858	S3-128869112
S1-696791674	S3-821042920
S1-331337525	S2-582035760
S1-331337525	S2-237752655
S1-331337525	S3-27386523
S1-331337525	S2-844520813
S1-889263561	S2-894764859
S1-846087942	S3-373089461
S1-846087942	S3-341246250
S1-268423548	S2-362681831
S1-268423548	S3-552349188
S1-763319305	S3-143348233
S1-763319305	S2-883313894
S1-21406358	S3-383248893
S1-21406358	S2-104424346
S1-781885800	S3-569507533
S1-781885800	S3-918044765
S1-781885800	S2-682761491
S1-781885800	S2-832601635
S1-241209088	S2-978917013
S1-241209088	S3-920263973
S1-999958858	S2-789986395
S1-897504384	S3-303826627
S1-399151650	S2-258185284
S1-399151650	S3-870197469
S1-775136460	S3-925335841
S1-775136460	S2-124800088
S1-756971449	S2-736443950
S1-756971449	S3-887555424
S1-910312468	S2-445008398
S1-910312468	S2-623554921
S1-910312468	S2-290707702
S1-910312468	S2-447410248
S1-910312468	S3-117435173
S1-779014555	S3-74920390
S1-779014555	S3-203964603
S1-550327963	S2-93843873
S1-550327963	S2-505219696
S1-550327963	S3-488434065
S1-696446713	S3-369169966
S1-16889116	S2-468647712
S1-601101463	S2-696293056
S1-601101463	S2-560944185
S1-601101463	S3-934017856
S1-309171245	S2-772887637
S1-462761794	S2-501499458
S1-481257823	S3-203042490
S1-481257823	S2-646925149
S1-481257823	S2-867653759
S1-481257823	S3-232032270
S1-393643602	S3-459777301
S1-857257787	S2-181235845
S1-975439001	S2-513227301
S1-975439001	S2-631296715
S1-493222540	S3-237432846
S1-308749873	S3-406125433
S1-308749873	S3-683975151
S1-308749873	S3-819753077
S1-308749873	S2-269289873
S1-542277161	S2-415283025
S1-542277161	S3-75047796
S1-172808213	S2-936388512
S1-410429568	S2-461347767
S1-410429568	S3-261244520
S1-238538199	S2-11969282
S1-16911738	S3-148620954
S1-314530749	S2-216324321
S1-225058011	S2-771126841
S1-430823215	S3-719440430
S1-87985655	S2-616089308
S1-739590595	S3-117374590
S1-739590595	S2-471951765
S1-732654148	S3-675059931
S1-732654148	S2-697228393
S1-720934984	S3-362016927
S1-399715023	S3-594806817
S1-642434077	S2-826439515
S1-517818314	S3-32019303
S1-517818314	S3-107154784
S1-385665521	S3-458675519
S1-385665521	S2-238721024
S1-538845242	S3-823575345
S1-538845242	S3-705594364
S1-538845242	S2-639095271
S1-649900951	S3-459254849
S1-649900951	S2-931263192
S1-474634955	S3-406728289
S1-394236371	S3-565801139
S1-44876155	S2-739517178
S1-44876155	S2-445111577
S1-44876155	S3-607117009
S1-25586281	S3-642201759
S1-25586281	S2-413453634
S1-824429049	S3-415921172
S1-297796849	S3-499085750
S1-40367154	S2-850477902
S1-947068680	S3-789001938
S1-947068680	S3-966723409
S1-139494364	S3-589986807
S1-139494364	S3-811117051
S1-139494364	S2-401240127
S1-424698962	S3-28281804
S1-155700480	S2-683175546
S1-155700480	S2-361219841
S1-155700480	S3-828170307
S1-64693479	S2-27633371
S1-906442693	S2-779969674
S1-450178093	S2-149849221
S1-450178093	S2-793960907
S1-450178093	S3-883028916
S1-450178093	S3-133491999
S1-705107239	S3-369415487
S1-705107239	S3-549622943
S1-705107239	S2-140030639
S1-705107239	S2-186680185
S1-190296012	S2-846153282
S1-377883741	S3-590760500
S1-412789317	S2-80638812
S1-961599355	S3-128280122
S1-961599355	S2-603489564
S1-32043287	S3-809324713
S1-622353050	S2-427237587
S1-583330147	S3-255854201
S1-733874152	S2-8491457
S1-733874152	S2-468365761
S1-733874152	S2-465899058
S1-928649614	S2-323819437
S1-928649614	S3-86369188
S1-920429733	S2-245929728
S1-847958775	S2-154974979
S1-156794899	S2-965752325
S1-490299302	S3-347703301
S1-256775804	S2-120889040
S1-59246891	S3-150298515
S1-59246891	S2-486909066
S1-59246891	S3-499111179
S1-59246891	S2-101056539
S1-59246891	S3-561969473
S1-826664871	S2-255727224
S1-769061589	S2-81820805
S1-769061589	S3-122783366
S1-437795756	S3-589964819
S1-437795756	S2-1436603
S1-890164976	S2-973584816
S1-186641835	S3-463160121
S1-186641835	S2-578453391
S1-346780284	S3-591560126
S1-346780284	S2-665669063
S1-108821005	S3-198578547
S1-420146809	S3-516320289
S1-420146809	S3-206089325
S1-685590429	S2-989498955
S1-685590429	S3-367154769
S1-685590429	S2-622940286
S1-685590429	S2-30221706
S1-510576930	S2-659630924
S1-760372055	S3-614634910
S1-760372055	S2-53777357
S1-760372055	S3-32757374
S1-965897118	S2-109153201
S1-965897118	S3-715466872
S1-104873844	S3-317924591
S1-83164214	S2-595330011
S1-83164214	S3-674502022
S1-83164214	S3-40295671
S1-83164214	S2-402740260
S1-253000603	S2-328358004
S1-253000603	S3-763929843
S1-199555494	S2-100390242
S1-199555494	S3-340958633
S1-360558844	S2-745096923
S1-457412991	S2-3553158
S1-420947529	S2-61267032
S1-920482633	S2-884268911
S1-448492562	S3-65182346
S1-448492562	S2-609809343
S1-448492562	S3-143278975
S1-846728538	S3-223357517
S1-488987728	S3-705572902
S1-697832106	S2-917962044
S1-246714206	S2-380221538
S1-246714206	S3-809719276
S1-204662383	S3-210239256
S1-770521860	S2-148925231
S1-570376726	S3-332248032
S1-934299142	S3-324552551
S1-231746293	S3-764794502
S1-957711962	S3-763189399
S1-957711962	S2-516152203
S1-781614283	S2-333208644
S1-781614283	S2-941146453
S1-781614283	S3-172260445
S1-119970641	S2-51485033
S1-119970641	S2-366125804
S1-766481069	S2-235768545
S1-766481069	S2-58592876
S1-766481069	S2-748476713
S1-766481069	S3-677031359
S1-230856114	S2-183331981
S1-738553622	S3-760988149
S1-738553622	S3-387065305
S1-549695690	S2-154042392
S1-549695690	S2-852131498
S1-241180274	S3-91751798
S1-241180274	S2-756703113
S1-241180274	S2-8730473
S1-241180274	S2-119272352
S1-744801323	S2-361892908
S1-255322441	S2-393463752
S1-255322441	S3-864429233
S1-243790064	S3-974188217
S1-368819638	S3-112597264
S1-850949496	S3-240330257
S1-850949496	S2-198638533
S1-850949496	S2-710746302
S1-829826491	S3-137327526
S1-829826491	S3-92346581
S1-338010601	S3-202658452
S1-310054866	S3-699055473
S1-310054866	S2-53487048
S1-310054866	S2-653654026
S1-310054866	S3-904832837
S1-310054866	S2-58168178
S1-14250152	S2-726329995
S1-114345334	S2-519405295
S1-868374045	S3-203904596
S1-868374045	S3-976620027
S1-505752429	S2-978654509
S1-505752429	S2-811163470
S1-514941666	S2-121540350
S1-423007457	S3-661102761
S1-303479478	S2-443921661
S1-303479478	S2-481807191
S1-303479478	S3-855049316
S1-303479478	S2-225015741
S1-303479478	S3-537234874
S1-931537670	S2-465346716
S1-74440330	S3-700284384
S1-510684926	S2-144318149
S1-917748788	S2-362982066
S1-880726657	S3-531729955
S1-169355030	S2-6336462
S1-906812446	S3-38620997
S1-906812446	S3-752088306
S1-906812446	S3-566410856
S1-906812446	S3-493533906
S1-906812446	S2-126591908
S1-906812446	S3-9926688
S1-276601176	S2-167644632
S1-276601176	S2-936238982
S1-138362424	S3-712483111
S1-706584389	S3-633985690
S1-380747360	S2-965134679
S1-796968149	S3-347491292
S1-258084760	S2-236727377
S1-258084760	S3-928247020
S1-258084760	S2-416080168
S1-909317723	S2-973529628
S1-999089061	S3-872695525
S1-999089061	S3-410463249
S1-999089061	S2-83434090
S1-999089061	S3-953028432
S1-716186597	S2-20315036
S1-579672193	S3-563871328
S1-579672193	S2-698997890
S1-492321975	S3-351534863
S1-492321975	S2-419605314
S1-492321975	S2-127121693
S1-492321975	S2-715891708
S1-492321975	S2-557524067
S1-492321975	S2-475953291
S1-341456521	S2-470775141
S1-341456521	S3-745064613
S1-341456521	S2-661392652
S1-341456521	S3-730259112
S1-341456521	S3-997518209
S1-151811351	S2-193753731
S1-238016600	S3-162283987
S1-238016600	S3-957030192
S1-618312415	S2-388135395
S1-618312415	S3-428935437
S1-618312415	S2-602547172
S1-426501541	S3-969001371
S1-426501541	S2-645901353
S1-9240549	S2-140660441
S1-477564309	S2-427710817
S1-992133189	S3-398267350
S1-992133189	S3-486346096
S1-992133189	S2-186705311
S1-983038569	S3-563017573
S1-983038569	S3-324441880
S1-247119513	S2-962523419
S1-247119513	S2-303085875
S1-247119513	S3-659049933
S1-247119513	S2-821017823
S1-445708391	S2-731289287
S1-738983323	S3-88320740
S1-489826444	S2-490438988
S1-50061211	S2-740593572
S1-671349303	S2-451128282
S1-671349303	S3-402062832
S1-645089687	S2-940551648
S1-627777239	S3-737422645
S1-627777239	S2-226894102
S1-732724412	S2-181791284
S1-732724412	S2-509593002
S1-3353071	S2-836845941
S1-620524862	S2-717243563
S1-620524862	S3-439989194
S1-576270724	S2-754745239
S1-976732666	S3-727948074
S1-498733034	S3-314734742
S1-498733034	S3-452884384
S1-498733034	S2-587766787
S1-498733034	S3-333696802
S1-441843788	S3-618673203
S1-441843788	S2-824629488
S1-441843788	S2-680352541
S1-860365827	S2-774782178
S1-860365827	S3-614476741
S1-282530084	S3-161429794
S1-294136211	S3-278046798
S1-294136211	S3-445484700
S1-234464011	S2-911998289
S1-234464011	S3-859594632
S1-234464011	S3-861104154
S1-58424451	S2-913400878
S1-732097117	S3-722227395
S1-904602157	S2-990120353
S1-904602157	S3-532135837
S1-904602157	S3-306622725
S1-904602157	S3-691023605
S1-386326490	S3-801225927
S1-235750253	S2-8811945
S1-235750253	S2-203937643
S1-235750253	S2-438497470
S1-997512646	S3-603281906
S1-997512646	S3-576811078
S1-997512646	S3-142110339
S1-771353695	S2-855621502
S1-771353695	S2-708460054
S1-771353695	S3-197143516
S1-403025365	S2-845370620
S1-403025365	S2-933481966
S1-403025365	S2-50231955
S1-953999349	S3-935054919
S1-953999349	S3-55462278
S1-498704197	S2-390245958
S1-26852495	S2-142682838
S1-21930395	S2-816505224
S1-21930395	S3-720537245
S1-572049500	S2-696536660
S1-179352210	S2-838674123
S1-179352210	S3-83322464
S1-179352210	S2-394694914
S1-179352210	S3-424744377
S1-179352210	S2-900280863
S1-669572523	S3-924291532
S1-916642724	S3-912050629
S1-622053441	S3-85903742
S1-956475006	S2-566218014
S1-956475006	S3-126211637
S1-733419274	S3-97528896
S1-733419274	S2-875883184
S1-569002447	S3-803184934
S1-569002447	S3-446133772
S1-918316032	S3-563789022
S1-908526340	S3-387937251
S1-908526340	S2-736796738
S1-908526340	S3-684414208
S1-980375287	S3-992801840
S1-634799871	S2-275801255
S1-64411489	S3-534221302
S1-64411489	S2-697901680
S1-64411489	S3-7666179
S1-84273321	S2-839804831
S1-84273321	S2-374857148
S1-181563858	S3-661036711
S1-181563858	S3-769387846
S1-181563858	S3-396221378
S1-181563858	S3-927337835
S1-181563858	S3-98959304
S1-389463743	S2-183281783
S1-389463743	S3-769709952
S1-389463743	S3-226131862
S1-856237866	S2-734014370
S1-395484068	S3-148204335
S1-395484068	S2-986777699
S1-395484068	S2-455808955
S1-24004831	S3-552727605
S1-634562451	S3-926284012
S1-571267380	S2-921581956
S1-341703058	S2-658712743
S1-954262813	S3-82557954
S1-702534710	S3-738557753
S1-702534710	S2-376075377
S1-566918223	S3-496487294
S1-732814167	S3-126117549
S1-732814167	S2-687799803
S1-732814167	S3-445524171
S1-732814167	S2-594362507
S1-878391957	S3-326249105
S1-418477059	S3-363628226
S1-418477059	S3-319708733
S1-953578048	S2-335240643
S1-953578048	S3-746445227
S1-953578048	S3-472258520
S1-180035346	S2-176533010
S1-180035346	S3-778802847
S1-452131887	S2-632297800
S1-615790747	S3-814557228
S1-615790747	S3-229854384
S1-295376999	S2-958127084
S1-295376999	S3-416713197
S1-295376999	S2-833002476
S1-690781343	S3-472414235
S1-226649816	S3-914000411
S1-56364603	S2-475948295
S1-56364603	S3-417368621
S1-697041583	S3-59313922
S1-811764160	S3-860673427
S1-882845822	S3-650335148
S1-127968826	S3-552082971
S1-127968826	S2-290230697
S1-971874619	S2-590484811
S1-845495322	S2-90612423
S1-845495322	S3-385330017
S1-845495322	S3-634806227
S1-845495322	S2-399242387
S1-845495322	S3-243446473
S1-332819290	S3-870009514
S1-332819290	S2-741261528
S1-332819290	S3-282619348
S1-332819290	S3-503191757
S1-332819290	S3-4247552
S1-725894393	S3-307425525
S1-345771779	S2-93160862
S1-699757270	S3-790097857
S1-635251737	S2-422203411
S1-635251737	S3-799717655
S1-367122875	S2-343492091
S1-367122875	S2-469242227
S1-595156503	S2-978911688
S1-111041377	S3-670074450
S1-111041377	S2-856484862
S1-750429378	S3-986208960
S1-114901945	S3-404338181
S1-560430623	S3-508464502
S1-288814013	S3-107952751
S1-461078820	S3-1300063
S1-278987246	S3-560311195
S1-240261033	S3-543849848
S1-620049615	S3-858070322
S1-441726229	S3-55510603
S1-441726229	S2-969221172
S1-441726229	S2-399827434
S1-441726229	S3-7380785
S1-101250418	S2-431130260
S1-101250418	S2-28763159
S1-101250418	S3-778966602
S1-101250418	S2-805967286
S1-195897916	S3-96422382
S1-769677509	S3-618251136
S1-98640605	S2-612130664
S1-98640605	S2-386942523
S1-98640605	S2-331875154
S1-98640605	S2-679775650
S1-309414849	S2-671040000
S1-309414849	S2-601369417
S1-309414849	S3-924579693
S1-983815706	S2-278058617
S1-983815706	S3-126787997
S1-440667943	S2-288933291
S1-360311511	S3-395914276
S1-360311511	S3-713512285
S1-360311511	S3-776519471
S1-360311511	S2-405456283
S1-360311511	S3-483687454
S1-940429672	S2-43346773
S1-940429672	S3-714932901
S1-374410156	S3-391170655
S1-483757193	S3-540472819
S1-623250482	S3-798876815
S1-813589854	S3-611998625
S1-384975944	S2-704291589
S1-384975944	S3-983128125
S1-384975944	S2-687219831
S1-152270846	S2-163225230
S1-152270846	S3-785079290
S1-975053226	S3-888319702
S1-874212473	S2-271519700
S1-874212473	S2-873603448
S1-874212473	S2-387986542
S1-874212473	S3-174921926
S1-678675760	S2-458458998
S1-678675760	S3-154664020
S1-678675760	S2-890269548
S1-716335259	S2-667344396
S1-773475093	S2-626554410
S1-853323123	S3-19746737
S1-718947298	S2-529531113
S1-378431316	S2-200202304
S1-356643254	S2-188945575
S1-356643254	S3-432430455
S1-134538119	S3-112226624
S1-218219799	S2-109159656
S1-218219799	S3-629882421
S1-243707522	S2-571870855
S1-243707522	S2-108165405
S1-573913111	S2-293911266
S1-294477413	S3-645188004
S1-294477413	S3-5592982
S1-461561174	S3-186143465
S1-675750966	S3-906964875
S1-675750966	S3-381515241
S1-675750966	S3-387084212
S1-640740080	S3-444576159
S1-352259612	S3-802336326
S1-352259612	S2-449509223
S1-157868212	S2-282664437
S1-157868212	S2-210173342
S1-157868212	S3-111859716
S1-737418992	S2-441937814
S1-274389593	S3-423875811
S1-55164879	S3-158809056
S1-55164879	S2-154406469
S1-55164879	S3-577310525
S1-641872418	S2-178357324
S1-106525214	S3-925594753
S1-106525214	S2-509570630
S1-819407775	S2-834309451
S1-498779981	S3-189535771
S1-498779981	S2-656282575
S1-498779981	S2-892448206
S1-464048092	S3-609033027
S1-464048092	S2-645096108
S1-464048092	S2-238417931
S1-464048092	S3-183720687
S1-464048092	S3-75174217
S1-464048092	S3-835974323
S1-464048092	S2-287264092
S1-825620733	S3-992858948
S1-574677731	S2-171621126
S1-355538027	S3-445959409
S1-355538027	S2-958022130
S1-355538027	S3-637637247
S1-492727246	S2-935051235
S1-492727246	S2-966316713
S1-492727246	S3-923987593
S1-676761076	S3-610757460
S1-676761076	S3-328669549
S1-676761076	S2-708468257
S1-676761076	S3-269979752
S1-823030329	S2-240151795
S1-665523102	S2-835826244
S1-538029187	S2-988043710
S1-538029187	S3-321593348
S1-538029187	S3-897667339
S1-538029187	S3-647964894
S1-75602687	S3-351840745
S1-75602687	S2-958337050
S1-75602687	S2-59880939
S1-75602687	S2-718453199
S1-638731503	S3-619465847
S1-638731503	S2-892729235
S1-936407208	S3-52589139
S1-467095919	S2-952504675
S1-170138166	S2-112520402
S1-416578778	S3-872536253
S1-416578778	S2-333201884
S1-416578778	S2-770644662
S1-472766062	S3-548090659
S1-388602254	S2-835174446
S1-388602254	S3-199905687
S1-388602254	S3-724453951
S1-354529369	S3-533987952
S1-705378218	S3-826599000
S1-705378218	S2-534278445
S1-705378218	S2-737114654
S1-705378218	S2-992425360
S1-355713465	S3-984039039
S1-899501279	S3-662351361
S1-879049475	S2-29376945
S1-17339733	S3-839985934
S1-17339733	S2-412895863
S1-17339733	S3-215898478
S1-992249914	S2-32661481
S1-912299601	S2-637877400
S1-351828380	S2-551661456
S1-500239061	S3-654667267
S1-690250606	S3-730987518
S1-455983667	S2-146941911
S1-355732063	S3-121665437
S1-355732063	S3-723502583
S1-264588443	S3-854333305
S1-686527324	S3-754085032
S1-571273367	S2-209910549
S1-571273367	S3-486818541
S1-818433962	S3-578312866
S1-463367719	S3-75268248
S1-858741196	S3-157511533
S1-555628745	S3-974795565
S1-555628745	S2-381519286
S1-414915730	S2-555579450
S1-485575083	S3-39840626
S1-485575083	S2-851713753
S1-485575083	S3-5779411
S1-485575083	S3-331761298
S1-692897429	S2-26813841
S1-692897429	S2-480846549
S1-50438188	S3-995015930
S1-50438188	S3-692613715
S1-50438188	S2-216617141
S1-50438188	S2-510171315
S1-318613990	S2-282915368
S1-962251740	S2-320033532
S1-190277001	S3-710601188
S1-951197378	S3-856669056
S1-490484740	S2-474330665
S1-490484740	S2-870308572
S1-490484740	S2-525194092
S1-513902798	S2-708208306
S1-212856772	S2-450034250
S1-212856772	S2-159401340
S1-212856772	S3-639081708
S1-567518538	S3-113391031
S1-567518538	S3-652880102
S1-386579765	S3-518665336
S1-386579765	S3-735185276
S1-386579765	S2-889606676
S1-450109563	S3-280546117
S1-268207530	S3-327235601
S1-485443161	S3-524484860
S1-485443161	S2-923030808
S1-916707409	S3-17323233
S1-916707409	S2-488822233
S1-858207501	S3-17134850
S1-858207501	S2-975244576
S1-711216931	S2-586337179
S1-272299661	S3-145093203
S1-272299661	S3-223159428
S1-103866856	S2-269756537
S1-146327402	S3-448044938
S1-203094391	S2-64242286
S1-203094391	S2-412465645
S1-525006738	S2-458976252
S1-751817923	S2-798754093
S1-301921385	S3-606345461
S1-780147802	S2-450859061
S1-31963938	S2-611892580
S1-31963938	S3-630036362
S1-245697496	S3-927722458
S1-111746800	S2-431083856
S1-623811124	S3-487402105
S1-623811124	S2-886595597
S1-623811124	S2-77736971
S1-623811124	S3-889204256
S1-479009237	S3-136614020
S1-479009237	S3-737373447
S1-214640040	S3-751316284
S1-330286540	S3-403018494
S1-330286540	S2-901538187
S1-299313417	S2-776665529
S1-572147636	S3-198031817
S1-849884951	S3-510257584
S1-849884951	S3-668510404
S1-68591513	S2-489630381
S1-498575479	S3-597981749
S1-498768724	S3-982659453
S1-498768724	S2-273478979
S1-31433458	S3-491604965
S1-31433458	S3-825587097
S1-636362108	S2-926978299
S1-636362108	S3-988294581
S1-636362108	S2-687172254
S1-636362108	S3-781649714
S1-426727599	S2-604916659
S1-164302799	S3-319832713
S1-903104414	S2-416092650
S1-903104414	S2-924875319
S1-903104414	S2-705958724
S1-903104414	S2-130851726
S1-820289437	S3-679880784
S1-820289437	S2-269277838
S1-229063200	S2-421132554
S1-229063200	S3-383118478
S1-229063200	S2-209295811
S1-229063200	S2-597609561
S1-229063200	S2-613882494
S1-536230178	S2-730858709
S1-536230178	S2-599646328
S1-654630641	S2-608187697
S1-654630641	S3-619847912
S1-890603923	S3-778817575
S1-252757750	S3-657560255
S1-252757750	S3-782317701
S1-252757750	S3-361566005
S1-955282877	S3-839774478
S1-32499606	S2-444361017
S1-32499606	S3-758335894
S1-32499606	S2-743071887
S1-173647974	S3-999902277
S1-586968521	S3-254758502
S1-586968521	S2-323766916
S1-586968521	S2-272909493
S1-280306350	S3-889181922
S1-42817514	S3-355303857
S1-861389943	S3-296403195
S1-861389943	S2-568145101
S1-707925503	S3-191505626
S1-707925503	S2-400578544
S1-592858499	S3-331067590
S1-592858499	S2-262994808
S1-592858499	S3-653695690
S1-935704266	S3-375895007
S1-935704266	S3-961857937
S1-501431657	S2-742599464
S1-501431657	S2-496958474
S1-501431657	S3-285874738
S1-697403219	S2-136700250
S1-633812471	S3-246000093
S1-856504302	S2-934000682
S1-827724074	S3-730819503
S1-947754287	S2-56584761
S1-845079918	S3-881306209
S1-845079918	S3-132166961
S1-845079918	S3-960142834
S1-845079918	S3-377504450
S1-970923194	S2-16151207
S1-970923194	S2-359457657
S1-468562645	S2-354562985
S1-292083988	S2-82246276
S1-292083988	S2-713217282
S1-825261233	S2-140543244
S1-365385676	S2-715312350
S1-916743270	S2-327552289
S1-72241786	S3-617091293
S1-72241786	S2-57731380
S1-72241786	S2-91598423
S1-609375637	S2-756188905
S1-609375637	S3-602693317
S1-619810239	S2-975533678
S1-453020731	S2-267740629
S1-157158006	S3-894430187
S1-157158006	S2-257206362
S1-235162772	S3-983301643
S1-235162772	S2-92722176
S1-235162772	S3-731395725
S1-235162772	S3-944526737
S1-235162772	S2-803328869
S1-235162772	S3-823870194
S1-477006150	S2-761471318
S1-477006150	S2-829051402
S1-477006150	S3-723532555
S1-477006150	S3-941984589
S1-879014133	S2-545516698
S1-879014133	S2-535784868
S1-722768020	S3-960412602
S1-619994116	S3-222362364
S1-619994116	S3-475587359
S1-619994116	S3-28300759
S1-143862213	S3-689069468
S1-143862213	S3-130284157
S1-17190414	S2-217925883
S1-692572333	S2-978094846
S1-810141255	S3-969318653
S1-122832770	S3-603529912
S1-370666886	S2-75430433
S1-370666886	S2-874930334
S1-898599897	S2-5319389
S1-86802531	S2-355008514
S1-18293335	S3-992570542
S1-61752756	S2-90288483
S1-109698672	S3-760796065
S1-654021282	S3-897477764
S1-675778890	S3-331805956
S1-675778890	S2-424338225
S1-698790038	S3-538385222
S1-698790038	S2-462118904
S1-698790038	S2-349829567
S1-698790038	S2-16686137
S1-395599187	S3-622177328
S1-395599187	S2-526164045
S1-395599187	S3-906111329
S1-106318472	S3-306357581
S1-7335411	S3-531902772
S1-7335411	S3-730756020
S1-7335411	S2-840025158
S1-542382208	S3-873980295
S1-648988159	S3-757834540
S1-599331918	S2-827184916
S1-599331918	S3-511139575
S1-713834904	S2-344718568
S1-713834904	S3-561144997
S1-147832498	S3-565162116
S1-717724439	S2-440251305
S1-765868240	S2-272760258
S1-862128049	S2-206621757
S1-862128049	S3-451020740
S1-586118208	S3-154489605
S1-496524443	S3-910967531
S1-549637099	S3-715530470
S1-549637099	S3-194322909
S1-791759789	S3-118453128
S1-791759789	S2-90254517
S1-459739870	S3-202281451
S1-730283841	S2-537252437
S1-730283841	S3-539146878
S1-730283841	S3-354706714
S1-279868320	S2-885892653
S1-131244976	S2-500301574
S1-131244976	S3-715527352
S1-945927778	S3-655350354
S1-945927778	S3-73741311
S1-39767299	S3-849281077
S1-268333800	S2-761794877
S1-268333800	S2-548586289
S1-103841128	S3-810435377
S1-224118890	S3-658856391
S1-224118890	S2-556545824
S1-224118890	S3-781283299
S1-224118890	S3-294197782
S1-919713342	S2-11153999
S1-103889464	S2-875226564
S1-322211278	S2-914844527
S1-322211278	S2-742436129
S1-322211278	S2-681367282
S1-923894566	S3-227710423
S1-923894566	S3-985080345
S1-725629831	S3-669304998
S1-745098064	S2-20140051
S1-464464507	S2-358535062
S1-464464507	S2-140389400
S1-464464507	S2-699475599
S1-241284039	S3-502810333
S1-241284039	S3-541492100
S1-241284039	S3-406091808
S1-801895302	S3-853305325
S1-418282917	S3-931062998
S1-418282917	S3-729411314
S1-765499053	S3-543826845
S1-765499053	S2-271960747
S1-346986887	S2-476511173
S1-963124045	S2-891375421
S1-394595518	S2-292184165
S1-975420241	S2-39729090
S1-755812929	S2-737090749
S1-612716465	S2-476167352
S1-612716465	S3-279690357
S1-531036344	S2-125998993
S1-984397984	S2-130786893
S1-984397984	S3-244531810
S1-489384285	S2-693132542
S1-489384285	S2-280768401
S1-489384285	S3-56594606
S1-681904110	S2-679013581
S1-577721027	S3-479767224
S1-263473047	S3-145235367
S1-263473047	S2-897522567
S1-664391389	S3-773425514
S1-670070076	S2-472483112
S1-670070076	S3-202269824
S1-257807908	S2-746867605
S1-257807908	S3-235603827
S1-614294187	S3-24530113
S1-157492843	S2-77914509
S1-157492843	S3-414923974
S1-157492843	S2-555827066
S1-358879882	S3-153766665
S1-394008988	S2-507853873
S1-162119221	S2-923339971
S1-179430152	S2-107803594
S1-179430152	S2-712344188
S1-179430152	S3-653302633
S1-425815199	S3-491284082
S1-205100432	S3-563245784
S1-205100432	S3-478089308
S1-205100432	S2-992370779
S1-867692503	S2-195819844
S1-940106086	S3-325642988
S1-940106086	S3-789215619
S1-940106086	S2-68479194
S1-145108140	S2-769611735
S1-145108140	S3-175536284
S1-145108140	S3-267383488
S1-229635574	S2-258370429
S1-797760502	S3-684634289
S1-669968483	S3-478390360
S1-394877151	S3-324167362
S1-800177462	S3-500708182
S1-800177462	S2-409889357
S1-800177462	S2-581780824
S1-124582982	S2-352988036
S1-245540282	S3-445531604
S1-245540282	S2-463625928
S1-967524252	S3-913788872
S1-95445959	S3-972376616
S1-864910272	S3-240859318
S1-864910272	S2-527165523
S1-864910272	S2-234674231
S1-864910272	S2-207852634
S1-329037003	S2-416349719
S1-464507940	S3-973789052
S1-681085189	S3-165349014
S1-681085189	S3-193850110
S1-434832606	S2-456678402
S1-434832606	S2-171560994
S1-434832606	S2-359102041
S1-201093943	S3-653502599
S1-201093943	S3-97182292
S1-998677315	S2-488229498
S1-998677315	S3-78113186
S1-603271901	S3-991108544
S1-657785708	S3-385980300
S1-73407193	S3-484724144
S1-440500689	S2-104876140
S1-556481169	S3-473006457
S1-556481169	S2-914693293
S1-556481169	S2-461801564
S1-539738922	S3-363409531
S1-565353134	S3-260925693
S1-565353134	S3-678636838
S1-565353134	S2-313367455
S1-56212574	S3-963096840
S1-56212574	S2-173756659
S1-47571097	S3-375704925
S1-47571097	S3-908180668
S1-388912464	S3-156744363
S1-388912464	S2-889433770
S1-711713009	S2-180420654
S1-711713009	S3-789763901
S1-442296073	S2-352236670
S1-358398202	S3-803074532
S1-358398202	S2-677285500
S1-358398202	S2-650945616
S1-487499423	S3-84006632
S1-763279314	S3-98050341
S1-763279314	S3-313084784
S1-679069805	S3-783115835
S1-679069805	S3-259912854
S1-679069805	S3-218020565
S1-236918949	S2-855582115
S1-236918949	S2-202502964
S1-607439683	S2-118902477
S1-607439683	S3-255441137
S1-607439683	S2-313069222
S1-60558773	S3-224482449
S1-60558773	S3-222310642
S1-35388971	S2-406733184
S1-35388971	S2-613845173
S1-35388971	S3-315473403
S1-82961218	S2-836913562
S1-82961218	S3-664607953
S1-90017864	S3-257747792
S1-90017864	S3-945299199
S1-90017864	S2-872156683
S1-90017864	S2-541453112
S1-579264014	S3-697630068
S1-983299802	S3-436340194
S1-875468454	S3-34554780
S1-875468454	S3-228598745
S1-878550002	S3-448822245
S1-247397850	S3-779777116
S1-750870666	S3-999860778
S1-750870666	S3-820725587
S1-750870666	S2-613704276
S1-750870666	S2-107300876
S1-750870666	S3-516535271
S1-106799278	S3-242884041
S1-407975987	S2-389510325
S1-407975987	S3-72025638
S1-266055910	S2-667478714
S1-47542297	S2-944128555
S1-98946992	S2-828880820
S1-711302002	S3-662669116
S1-676448100	S2-374989676
S1-942361258	S3-27626012
S1-942361258	S3-505354590
S1-257050989	S3-275447021
S1-132743548	S3-827038523
S1-132743548	S2-686560260
S1-896339157	S2-356731009
S1-613832629	S2-309375590
S1-751590314	S2-50341948
S1-769860133	S2-238040419
S1-769860133	S2-944170371
S1-769860133	S2-382315406
S1-672465414	S3-998261658
S1-672465414	S3-900736711
S1-672465414	S3-352587081
S1-658383791	S3-786127180
S1-92640926	S2-596183980
S1-92640926	S2-150395596
S1-92640926	S3-454253868
S1-494565694	S2-866400372
S1-494565694	S2-685718087
S1-582806015	S3-247557733
S1-582806015	S3-711626831
S1-582806015	S2-905442718
S1-27844147	S3-263732341
S1-27844147	S2-665632749
S1-858116143	S3-24604455
S1-858116143	S2-984120432
S1-42558495	S2-972912465
S1-42558495	S2-195633035
S1-965883842	S3-644714128
S1-849358867	S3-541787161
S1-849358867	S3-977549704
S1-849358867	S3-23090545
S1-849358867	S2-109447707
S1-572056148	S2-688736503
S1-572056148	S3-848846274
S1-253577109	S3-185527871
S1-253577109	S2-291786824
S1-253577109	S3-581211994
S1-253577109	S3-657159698
S1-253577109	S2-68411850
S1-83397117	S3-534712742
S1-83397117	S3-32155187
S1-83397117	S3-412903895
S1-400502740	S3-444714370
S1-400502740	S3-453553575
S1-649727924	S2-408142086
S1-649727924	S3-625685890
S1-649727924	S3-947513316
S1-789261796	S3-895031386
S1-397104880	S3-27694820
S1-397104880	S3-987010531
S1-397104880	S3-511776806
S1-162038194	S3-164242244
S1-476192614	S3-315984340
S1-854232275	S2-447329738
S1-854232275	S3-791782092
S1-474699711	S2-913521390
S1-474699711	S3-722383115
S1-474699711	S3-305025867
S1-279653436	S3-846361933
S1-279653436	S3-617872054
S1-279653436	S3-559675798
S1-279653436	S3-122241206
S1-279653436	S2-226042092
S1-538633055	S2-275419541
S1-81160095	S2-23504010
S1-853415599	S3-627973671
S1-853415599	S3-282559270
S1-853415599	S3-967392563
S1-808767688	S2-707054176
S1-808767688	S3-152918720
S1-380635219	S3-339078041
S1-380635219	S2-290720306
S1-247724554	S2-858366696
S1-947937182	S3-715658435
S1-947937182	S3-443640931
S1-947937182	S3-329565617
S1-947937182	S3-652524527
S1-764669574	S3-129474939
S1-766862494	S2-99099612
S1-766862494	S2-761125649
S1-496496930	S2-498585822
S1-496496930	S3-505828345
S1-496496930	S2-907692110
S1-11078894	S2-834805280
S1-275073809	S3-52711087
S1-275073809	S2-202920099
S1-495712408	S3-342168531
S1-495712408	S2-236205100
S1-495712408	S2-937010315
S1-434470078	S2-508831006
S1-434470078	S3-80479204
S1-712744023	S3-880705870
S1-533351061	S3-980257810
S1-533351061	S3-872019443
S1-116626198	S3-168872497
S1-116626198	S3-905870002
S1-116626198	S2-621775411
S1-321884671	S2-354682352
S1-838443723	S2-667179911
S1-838443723	S3-514253467
S1-838443723	S3-172780779
S1-970722164	S2-694477330
S1-970722164	S3-665934833
S1-834260801	S3-652681049
S1-868320040	S3-352680222
S1-349668969	S3-482852581
S1-123512848	S2-50305152
S1-123512848	S2-67309429
S1-123512848	S2-359917264
S1-571777559	S2-105253566
S1-334824623	S2-468037687
S1-334824623	S2-539065986
S1-334824623	S2-270437173
S1-334824623	S3-799281637
S1-444243681	S2-23844234
S1-444243681	S3-726568901
S1-709485413	S2-891057230
S1-709485413	S2-60208246
S1-122090766	S3-475596472
S1-122090766	S3-209167195
S1-122090766	S3-273076169
S1-302247505	S2-412984000
S1-832227048	S3-375745031
S1-832227048	S2-92186715
S1-524787895	S3-490106972
S1-953449163	S3-865937714
S1-436197489	S3-566026543
S1-658427961	S2-574392387
S1-658427961	S2-157528272
S1-658427961	S3-996170020
S1-658427961	S3-715221830
S1-699810327	S3-63126519
S1-617009217	S3-238667909
S1-934461604	S2-967876765
S1-934461604	S2-640104429
S1-62085421	S3-386188892
S1-449827305	S2-109349385
S1-80291108	S3-424197021
S1-80291108	S3-866344950
S1-80291108	S2-595100854
S1-734434268	S2-963606408
S1-335726846	S2-664056472
S1-335726846	S3-472877621
S1-335726846	S3-838063737
S1-157467904	S2-985861816
S1-157467904	S3-579890335
S1-157467904	S2-167589674
S1-157467904	S3-427580963
S1-416173575	S3-994525501
S1-22956699	S2-159466500
S1-22956699	S3-615621903
S1-22956699	S3-47412855
S1-600785779	S3-476457708
S1-582437311	S2-38683780
S1-308077820	S3-236361377
S1-170022089	S2-264021267
S1-170022089	S3-513044665
S1-170022089	S3-565519582
S1-170022089	S3-619735860
S1-819824436	S2-172670571
S1-227021776	S2-765823035
S1-227021776	S3-227455279
S1-227021776	S2-759532462
S1-227021776	S3-339579543
S1-288285212	S3-308506775
S1-288285212	S3-846558245
S1-191937467	S3-271143638
S1-191937467	S3-431213646
S1-787609998	S3-18073377
S1-787609998	S3-549542915
S1-787609998	S2-815448897
S1-787609998	S2-210655835
S1-294246721	S3-757241007
S1-294246721	S2-392215471
S1-856341315	S3-709308035
S1-428343359	S3-786649239
S1-58103472	S3-212004648
S1-481513223	S3-774387214
S1-217275117	S2-592257500
S1-217275117	S3-268860149
S1-230267432	S2-520787239
S1-495943120	S3-179482122
S1-139782630	S2-582749777
S1-929753858	S2-445420609
S1-791268226	S2-941436042
S1-791268226	S3-314141391
S1-999451801	S3-465353114
S1-976849521	S3-139170750
S1-248780710	S2-682241545
S1-248780710	S3-851371870
S1-248780710	S3-664300418
S1-695690245	S3-469297573
S1-695690245	S2-467612500
S1-695690245	S3-440308269
S1-695690245	S3-19762390
S1-695690245	S3-184687623
S1-424693390	S2-57516844
S1-424693390	S3-375123538
S1-935468252	S2-779504804
S1-935468252	S3-875281889
S1-935468252	S3-55635839
S1-301159432	S2-469944775
S1-205410031	S2-628486807
S1-205410031	S3-567926468
S1-205410031	S3-683300547
S1-205410031	S2-292152593
S1-205410031	S3-868489438
S1-219379705	S3-212398864
S1-219379705	S2-558848791
S1-219379705	S2-652599914
S1-289129253	S2-619542829
S1-156408400	S3-999230161
S1-156408400	S2-702712933
S1-645084567	S3-536321328
S1-645084567	S2-692928962
S1-645084567	S2-279970843
S1-645084567	S3-742500640
S1-645084567	S3-100083672
S1-874397312	S2-40442478
S1-874397312	S3-502043692
S1-874397312	S3-708094717
S1-216356784	S2-59694947
S1-216356784	S2-344419628
S1-216356784	S2-879721205
S1-590719972	S2-112037628
S1-382732067	S3-940918410
S1-382732067	S2-744562150
S1-382732067	S2-236831929
S1-382732067	S2-169858904
S1-686350043	S2-964668312
S1-686350043	S2-667387685
S1-686350043	S2-931674248
S1-356097157	S2-908385598
S1-397556330	S3-864429014
S1-397556330	S2-146106588
S1-397556330	S3-930643206
S1-397556330	S3-786992733
S1-914976389	S2-143612022
S1-914976389	S2-230429617
S1-736242851	S3-321401645
S1-124384953	S2-61655807
S1-124384953	S2-72727549
S1-124384953	S3-929803709
S1-450445240	S3-229116455
S1-450445240	S2-855076344
S1-787047581	S2-694850764
S1-787047581	S2-828155935
S1-787047581	S2-114100843
S1-833633320	S2-604309116
S1-137987576	S2-636419290
S1-754551993	S3-54775083
S1-464732893	S2-836950387
S1-579840303	S3-343145482
S1-337536611	S2-586436156
S1-337536611	S2-517330842
S1-337536611	S3-324537905
S1-290176373	S2-622365175
S1-264526224	S3-374658871
S1-264526224	S2-222532218
S1-264526224	S3-70208707
S1-264526224	S3-468573819
S1-264526224	S2-285316959
S1-624026887	S2-699118909
S1-904402625	S3-425987967
S1-904402625	S2-418829205
S1-904402625	S2-622402647
S1-502195696	S2-423807988
S1-502195696	S2-118891051
S1-609019645	S2-224581721
S1-609019645	S3-890079208
S1-609019645	S3-754787125
S1-609019645	S3-472849933
S1-540184214	S3-499567138
S1-540184214	S3-691659865
S1-602897391	S3-915472973
S1-821346670	S3-954229232
S1-655022242	S2-308758598
S1-655022242	S2-549097984
S1-655022242	S3-287141869
S1-576590603	S2-897099758
S1-37286595	S2-543653337
S1-37286595	S3-739322613
S1-37286595	S2-412933414
S1-937377737	S3-293380828
S1-555888125	S2-758131755
S1-992872902	S2-797217152
S1-992872902	S3-835357712
S1-945983278	S2-441882336
S1-945983278	S3-992024404
S1-945983278	S3-237026646
S1-945983278	S3-195601607
S1-961471169	S2-777520195
S1-961471169	S2-825287690
S1-961471169	S2-534240810
S1-390979888	S3-45223145
S1-390979888	S2-490566110
S1-395325650	S3-72697988
S1-611074843	S2-915849864
S1-611074843	S2-815819097
S1-611074843	S3-209371303
S1-611074843	S2-408006849
S1-685932973	S2-160622151
S1-685932973	S2-462867288
S1-685932973	S3-393530401
S1-282370379	S3-423460598
S1-282370379	S2-860917670
S1-282370379	S3-16430749
S1-450860193	S2-413534494
S1-702970012	S2-187719816
S1-39928056	S2-151777396
S1-39928056	S2-232466457
S1-39928056	S3-452931453
S1-755199543	S3-960502117
S1-277018207	S2-509333036
S1-277018207	S2-445979536
S1-277018207	S3-175621432
S1-277018207	S3-330570126
S1-277018207	S3-60753504
S1-487860366	S2-210235604
S1-487860366	S2-100130740
S1-487860366	S3-523560855
S1-153819588	S2-447119886
S1-445496513	S2-883361245
S1-445496513	S3-960880042
S1-746491928	S2-868865210
S1-8020960	S3-461651794
S1-113595094	S3-317231744
S1-113595094	S2-272469142
S1-113595094	S3-232037815
S1-113595094	S3-438426978
S1-867818823	S2-522200699
S1-225011811	S3-212859335
S1-225011811	S2-428301827
S1-29679411	S2-733039936
S1-653877124	S2-968920941
S1-500502269	S3-510830397
S1-500502269	S2-517933253
S1-500502269	S3-284054580
S1-881902158	S3-86829875
S1-201027128	S3-347077719
S1-838754694	S3-280694562
S1-838754694	S3-229726611
S1-94750954	S3-761319934
S1-684036228	S3-753837963
S1-684036228	S3-61333432
S1-472391014	S3-262703136
S1-919485155	S2-615317390
S1-601537893	S3-876134573
S1-601537893	S3-578023583
S1-825773306	S2-290723846
S1-523331932	S3-410583253
S1-523331932	S3-998235995
S1-914887967	S2-319058606
S1-914887967	S2-636861803
S1-914887967	S2-995405294
S1-918838609	S2-49916609
S1-683078642	S2-990618692
S1-683078642	S3-767738714
S1-683078642	S2-25930712
S1-683078642	S3-491605481
S1-683078642	S2-775952874
S1-743542988	S2-764514243
S1-743542988	S3-706410727
S1-286715966	S3-861311399
S1-819831242	S2-862319757
S1-819831242	S3-465511
S1-819831242	S3-473175261
S1-765264111	S2-982532058
S1-765264111	S3-930543485
S1-262402968	S2-273899439
S1-549204380	S2-797339988
S1-825891177	S3-495977408
S1-884311763	S2-680028123
S1-452304394	S2-442476406
S1-267882348	S2-473164067
S1-736604949	S2-977477747
S1-736604949	S2-932214193
S1-736604949	S2-53647369
S1-736604949	S2-106747282
S1-242776065	S2-837979657
S1-383286328	S3-780501060
S1-383286328	S3-389374128
S1-383286328	S2-655014985
S1-221622480	S3-303099377
S1-434210127	S2-715104030
S1-416564002	S3-88184408
S1-999435791	S3-405858369
S1-999435791	S3-101305032
S1-920308987	S2-443008342
S1-428388331	S3-565906365
S1-578986680	S3-751125989
S1-978444405	S3-379713555
S1-978444405	S3-346357841
S1-656983459	S2-311814821
S1-656983459	S3-612023436
S1-600991079	S2-813571883
S1-600991079	S3-682535180
S1-636131380	S2-470630533
S1-636131380	S2-561770934
S1-636131380	S3-198273546
S1-585437308	S2-197237
S1-585437308	S2-261643334
S1-585437308	S2-386860919
S1-585437308	S3-214689474
S1-585437308	S3-285930559
S1-477776195	S2-871236056
S1-477776195	S3-109807026
S1-717463078	S3-100675670
S1-717463078	S3-370553315
S1-717463078	S2-326140066
S1-717463078	S2-319443183
S1-18125212	S3-960749445
S1-18125212	S3-712239167
S1-184187959	S2-397675178
S1-143286643	S3-337887063
S1-143286643	S2-282193425
S1-869887091	S3-847877016
S1-417068101	S2-656379069
S1-417068101	S3-861239479
S1-33661529	S3-343594291
S1-33661529	S3-786122082
S1-33661529	S2-973848879
S1-33661529	S3-247858821
S1-319046358	S3-142780515
S1-319046358	S3-406895214
S1-358873868	S3-224028056
S1-358873868	S2-800336147
S1-616918206	S3-435167830
S1-616918206	S3-387780506
S1-403147872	S3-166435147
S1-795071370	S2-863192837
S1-436053523	S2-7797159
S1-813010147	S2-165464705
S1-813010147	S3-214270477
S1-813010147	S3-671494382
S1-988792363	S3-762371151
S1-988792363	S2-417960051
S1-932751397	S3-391347955
S1-288549604	S3-695431131
S1-288549604	S3-442593546
S1-340952269	S2-780471420
S1-794737326	S3-984474729
S1-794737326	S3-417163213
S1-924879590	S3-660835771
S1-568845838	S3-120290054
S1-303286622	S2-701260505
S1-303286622	S2-684616684
S1-417037095	S3-691917182
S1-776500153	S3-231927611
S1-308171969	S2-704314686
S1-308171969	S2-558296012
S1-308171969	S3-214909324
S1-308171969	S2-67377231
S1-34774394	S2-600653392
S1-190244086	S3-340023041
S1-226889726	S2-123766430
S1-226889726	S2-318714588
S1-226889726	S3-851362391
S1-900896176	S2-242643281
S1-2530992	S2-323554399
S1-2530992	S3-535517491
S1-449944944	S3-287452907
S1-449944944	S3-418693800
S1-330672263	S3-889301625
S1-330672263	S2-52488241
S1-714282940	S2-710534719
S1-692155195	S3-776371875
S1-692155195	S2-743896062
S1-692155195	S3-281624739
S1-210113111	S2-726094765
S1-573207109	S3-749121030
S1-573207109	S3-226684944
S1-573207109	S3-676906631
S1-45890057	S3-772236541
S1-45890057	S2-238446400
S1-45890057	S3-652963779
S1-45890057	S3-497143607
S1-25580193	S2-654364291
S1-25580193	S2-952833745
S1-25580193	S2-217207254
S1-230472739	S2-682790641
S1-230472739	S2-611805121
S1-84637072	S3-452750657
S1-789214861	S3-941690085
S1-259330284	S3-848696257
S1-230710866	S3-419275508
S1-230710866	S2-572452381
S1-230710866	S2-602866748
S1-231682706	S2-419565711
S1-971887261	S3-690840702
S1-971887261	S3-16756680
S1-816556069	S2-46126105
S1-816556069	S2-486993357
S1-955253579	S3-415668052
S1-835375498	S3-303494433
S1-835375498	S2-107530269
S1-962032553	S2-562569416
S1-923306449	S3-815341726
S1-141669665	S3-733542231
S1-141669665	S2-698058047
S1-141669665	S3-466584764
S1-141669665	S2-465503115
S1-295101169	S3-840520050
S1-140886817	S3-637443455
S1-140886817	S2-427343727
S1-140886817	S3-353871569
S1-140886817	S2-878715290
S1-199252354	S3-102901449
S1-199252354	S2-181948454
S1-199252354	S3-283307069
S1-822822684	S2-577175366
S1-878531629	S3-635274748
S1-973393714	S3-366660449
S1-526063353	S3-13894898
S1-584403451	S3-175805072
S1-584403451	S2-49526051
S1-46377048	S3-456985756
S1-46377048	S2-645295540
S1-509693146	S2-725764605
S1-509693146	S2-659710699
S1-509693146	S3-470289570
S1-109569762	S3-803145247
S1-147727425	S2-949431775
S1-229942230	S2-718921037
S1-469073224	S3-107104061
S1-719900229	S2-905328789
S1-719900229	S2-130770402
S1-450414076	S2-404388751
S1-450414076	S3-635153797
S1-111223209	S2-763924044
S1-111223209	S2-905536898
S1-111223209	S2-993469538
S1-111223209	S3-225165983
S1-662093653	S3-453109997
S1-878522948	S2-924121465
S1-102383196	S3-304491388
S1-631464567	S3-776433317
S1-811742831	S3-231687936
S1-811742831	S2-973349337
S1-811742831	S3-325241532
S1-696361311	S2-325896495
S1-696361311	S2-669782497
S1-696361311	S3-561678399
S1-696361311	S3-201008514
S1-696361311	S3-385842349
S1-550977627	S2-256983162
S1-331633807	S3-405422620
S1-907863184	S3-390972708
S1-54474436	S3-126741041
S1-54474436	S3-510179162
S1-54474436	S3-237917067
S1-934780382	S3-356092615
S1-934780382	S3-861415142
S1-934780382	S3-390888550
S1-934780382	S3-163159662
S1-934780382	S2-794123864
S1-50665518	S3-400621421
S1-719760384	S2-201266257
S1-719760384	S3-722669495
S1-48784900	S2-624659918
S1-150074284	S2-836100118
S1-150074284	S3-300965013
S1-776809750	S2-742273132
S1-776809750	S3-148257681
S1-776809750	S3-191239102
S1-776809750	S3-334743615
S1-776809750	S3-479148803
S1-487140481	S3-623418234
S1-487140481	S3-308744648
S1-487140481	S2-869361961
S1-487140481	S2-917123787
S1-341407638	S3-660956706
S1-341407638	S3-765714557
S1-735073617	S2-886115881
S1-357516098	S2-783354956
S1-357516098	S3-895616814
S1-857426014	S3-882783617
S1-589849493	S3-64929718
S1-186000987	S2-572432177
S1-186000987	S3-759078602
S1-617352795	S2-524620733
S1-629160310	S2-209846935
S1-629160310	S2-224543455
S1-217009785	S2-44500113
S1-963811214	S2-653813840
S1-359381938	S2-285734025
S1-456973241	S2-315416068
S1-456973241	S3-149679422
S1-232845920	S3-207861509
S1-232845920	S2-750411641
S1-232845920	S3-329593080
S1-722690983	S2-143705325
S1-297136174	S3-658335927
S1-620256582	S3-560095273
S1-169905551	S3-242466006
S1-603176860	S2-833718552
S1-319259946	S3-587435969
S1-319259946	S2-245722052
S1-319259946	S2-255494136
S1-319259946	S2-988161000
S1-218431192	S2-397525580
S1-218431192	S3-390921114
S1-180848055	S2-980068115
S1-156755029	S3-368359732
S1-803521351	S2-159141210
S1-803521351	S2-83426196
S1-803521351	S2-475777310
S1-803521351	S2-490722821
S1-85859742	S3-469087935
S1-85859742	S2-204638707
S1-492508690	S3-268889292
S1-498184031	S3-451651111
S1-498184031	S2-496165836
S1-498184031	S2-561642246
S1-60731414	S3-836958175
S1-301581361	S3-623685982
S1-115040413	S3-474917517
S1-115040413	S3-657095657
S1-115040413	S2-964535084
S1-115040413	S2-305172203
S1-115040413	S3-190656417
S1-115040413	S2-229954415
S1-115040413	S2-917367892
S1-928844636	S2-917309841
S1-520320754	S2-56581329
S1-322145293	S3-269742532
S1-322145293	S2-725702064
S1-322145293	S2-806213881
S1-322145293	S2-97892164
S1-676086739	S2-240667956
S1-639350706	S3-444604190
S1-375273943	S2-350336422
S1-375273943	S2-770022008
S1-375273943	S2-937736288
S1-375273943	S2-796148090
S1-375273943	S3-418770310
S1-580474828	S2-185917758
S1-343641034	S3-365189616
S1-343641034	S2-606276276
S1-343641034	S2-694776014
S1-343641034	S2-192014666
S1-93701789	S3-317214110
S1-101006996	S3-488914643
S1-101006996	S2-47426068
S1-101006996	S3-144992848
S1-835173491	S3-201701238
S1-835173491	S2-668160261
S1-38940716	S3-837797092
S1-38940716	S3-28171049
S1-38940716	S2-517666350
S1-761384571	S2-963494782
S1-70059756	S3-658174288
S1-70059756	S3-665685263
S1-927155160	S2-246436194
S1-927155160	S3-919801897
S1-823015808	S3-689477715
S1-645598977	S3-287281836
S1-26101245	S3-712314664
S1-26101245	S3-689101112
S1-26101245	S3-561910419
S1-349783053	S2-347623175
S1-377578951	S2-18413115
S1-377578951	S2-636471491
S1-713525942	S2-106301030
S1-892936771	S2-146609753
S1-892936771	S2-857022555
S1-892936771	S3-382212204
S1-892936771	S3-664047676
S1-418246662	S2-384695552
S1-257106139	S3-500123487
S1-257106139	S3-155364424
S1-117975758	S2-371947238
S1-117975758	S2-980494454
S1-831308735	S3-887507089
S1-831308735	S3-188887905
S1-831308735	S2-343762280
S1-831308735	S2-260832225
S1-831308735	S3-287669628
S1-559319978	S2-53208731
S1-559319978	S3-402652899
S1-578052676	S3-514136112
S1-53381175	S2-424118107
S1-53381175	S3-433244380
S1-53381175	S2-206341101
S1-53381175	S2-680643892
S1-53381175	S2-983210618
S1-53381175	S3-137530728
S1-53381175	S3-189266756
S1-62123935	S2-881626364
S1-522995331	S3-979440305
S1-522995331	S3-765584814
S1-522995331	S3-927486537
S1-905216973	S3-139128102
S1-905216973	S2-829829815
S1-905216973	S2-911181719
S1-905216973	S2-357598349
S1-300936663	S2-893093987
S1-300936663	S2-545527905
S1-300936663	S3-555661775
S1-507610229	S2-895045238
S1-507610229	S2-804069194
S1-507610229	S2-442912855
S1-734129554	S2-286201851
S1-734129554	S3-9106468
S1-321196087	S2-298509268
S1-773564882	S3-519704017
S1-929834416	S3-665099700
S1-929834416	S3-463763859
S1-913780204	S2-542404379
S1-148770821	S3-851996834
S1-908601809	S3-820961685
S1-908601809	S2-170312805
S1-908601809	S3-598050468
S1-291419333	S2-352538774
S1-990871851	S2-804307998
S1-729617865	S3-865678120
S1-729617865	S3-200041017
S1-875007993	S3-717369483
S1-875007993	S3-331647926
S1-875007993	S3-165714618
S1-875007993	S3-173740842
S1-875007993	S2-263973615
S1-572471663	S3-741533479
S1-572471663	S2-616210984
S1-572471663	S3-873336443
S1-572471663	S2-571512290
S1-984813916	S3-845678497
S1-536702665	S3-867507791
S1-326222909	S3-419274219
S1-562314555	S2-666549344
S1-562314555	S2-855660324
S1-315518305	S2-835513047
S1-122976586	S2-410613245
S1-122976586	S3-683911302
S1-687605153	S3-832147224
S1-508192845	S3-904331230
S1-437838453	S2-628568508
S1-437838453	S2-51922881
S1-763013268	S3-593119223
S1-801271023	S3-392524913
S1-801271023	S2-540965561
S1-135198124	S3-668465804
S1-135198124	S2-993859734
S1-398618908	S2-790322264
S1-398618908	S3-122462042
S1-398618908	S3-429521922
S1-571767446	S2-891800699
S1-914985861	S3-943731685
S1-870764874	S2-380179587
S1-870764874	S3-376392291
S1-870764874	S3-358960365
S1-744070202	S2-228400716
S1-744070202	S3-146526153
S1-744070202	S3-252245736
S1-744070202	S2-87275868
S1-550003377	S2-359497477
S1-788446624	S3-973987779
S1-240779050	S2-385703372
S1-240779050	S3-804153527
S1-359223092	S3-863246058
S1-359223092	S2-421965536
S1-818729845	S3-809449899
S1-818729845	S2-224281587
S1-283707491	S3-585401216
S1-283707491	S3-737104327
S1-77109422	S3-430373381
S1-866730144	S3-601779624
S1-41697677	S3-785376940
S1-41697677	S3-797572712
S1-41697677	S3-206243989
S1-41697677	S3-288178521
S1-217742199	S2-128717497
S1-676282168	S2-177650023
S1-305668480	S2-21736878
S1-305668480	S3-402513743
S1-531413262	S3-513071505
S1-943339680	S3-95205980
S1-943339680	S3-325291048
S1-727765381	S3-454185642
S1-117618477	S2-560724683
S1-117618477	S3-286818548
S1-172435702	S2-59979462
S1-230845866	S2-496285877
S1-835246502	S2-959303087
S1-236838231	S2-999072801
S1-648942770	S3-268724535
S1-4154981	S2-229937898
S1-4154981	S2-466297683
S1-4154981	S3-362637751
S1-286062114	S2-625830773
S1-286062114	S3-643387264
S1-286062114	S2-868335191
S1-930755108	S2-983992533
S1-382391511	S3-853208762
S1-382391511	S3-269959184
S1-96062908	S2-373455218
S1-96062908	S2-571118443
S1-96062908	S2-322528497
S1-992229714	S2-740733407
S1-992229714	S3-225855562
S1-340040032	S2-303853524
S1-340040032	S3-112650717
S1-340040032	S2-983734554
S1-340040032	S2-298544780
S1-340040032	S2-174198699
S1-488888984	S3-780339022
S1-488888984	S3-938967598
S1-724463880	S3-838573020
S1-724463880	S2-647864167
S1-678537003	S3-57480675
S1-386763340	S3-826539705
S1-432881764	S3-580574801
S1-432881764	S3-344466320
S1-432881764	S2-691807364
S1-610726401	S2-931922395
S1-276423797	S3-226542639
S1-276423797	S3-887021350
S1-84885245	S3-185524098
S1-250728224	S2-967966816
S1-444766147	S2-516778704
S1-444766147	S3-472626749
S1-926898486	S2-172967538
S1-926898486	S3-268238551
S1-965473836	S2-256207988
S1-43386365	S3-839514578
S1-43386365	S2-824632655
S1-648452506	S3-110478597
S1-131180313	S3-304624473
S1-486199132	S3-118642634
S1-464210467	S2-42593598
S1-464210467	S2-298803143
S1-464210467	S2-138142569
S1-464210467	S3-847041354
S1-464210467	S2-424893019
S1-464210467	S3-469109451
S1-602345041	S3-437317647
S1-602345041	S2-500710927
S1-364238721	S3-117274476
S1-364238721	S2-334990053
S1-656821071	S2-241284397
S1-656821071	S3-49347087
S1-234092065	S3-24502457
S1-709544050	S3-273929384
S1-709544050	S3-953200225
S1-709544050	S3-724625689
S1-232646048	S2-68715970
S1-861604766	S2-258970475
S1-394133209	S2-675643910
S1-394133209	S2-403605573
S1-394133209	S2-406919320
S1-755346001	S2-177346204
S1-977395913	S2-165054043
S1-977395913	S3-814484447
S1-977395913	S3-709754121
S1-977395913	S3-417876826
S1-853028838	S2-305914452
S1-853028838	S2-394490833
S1-853028838	S3-948730270
S1-520003392	S3-306317928
S1-237982668	S3-521226959
S1-676065491	S3-866170297
S1-676065491	S2-354158544
S1-962651350	S3-155285510
S1-949706787	S2-787523204
S1-949706787	S2-475712600
S1-949706787	S3-251864650
S1-143447785	S3-152153305
S1-664831217	S3-175309732
S1-664831217	S2-161812437
S1-555249040	S2-971129783
S1-555249040	S2-551719018
S1-555249040	S3-371328083
S1-555249040	S2-609076325
S1-283079727	S2-863938286
S1-283079727	S3-260855086
S1-157472347	S2-46372993
S1-897147132	S3-4939487
S1-897147132	S2-536380540
S1-120059503	S2-441228354
S1-330266564	S2-581581151
S1-330266564	S3-550477729
S1-120357142	S2-581079346
S1-390791414	S2-345292528
S1-674701261	S2-564778609
S1-470934240	S2-297699923
S1-470934240	S2-134300884
S1-189879342	S3-47495961
S1-189879342	S3-15585470
S1-376359453	S2-393565915
S1-78381776	S3-145507168
S1-382698175	S3-307986636
S1-899066210	S2-341537322
S1-899066210	S3-224318366
S1-356133821	S2-287130783
S1-356133821	S2-12919910
S1-356133821	S2-62287318
S1-707501317	S2-707621975
S1-707501317	S3-944670983
S1-487758334	S3-550699731
S1-777863470	S2-406750869
S1-777863470	S2-169836337
S1-777863470	S3-622826908
S1-777863470	S2-843562225
S1-777863470	S3-420633491
S1-777863470	S3-687295200
S1-777863470	S3-849782650
S1-777863470	S3-276207339
S1-296654921	S3-155075492
S1-112647162	S3-412738786
S1-709721659	S2-973145537
S1-291976512	S2-645519033
S1-177522296	S3-683931790
S1-177522296	S3-110883441
S1-177522296	S3-114690105
S1-669032915	S2-708594518
S1-669032915	S2-785468264
S1-669032915	S2-139387293
S1-669032915	S3-267979613
S1-531829435	S2-2111111
S1-261298714	S3-241935681
S1-261298714	S2-912807271
S1-261298714	S3-443317641
S1-962723627	S2-497081223
S1-73876337	S3-903352873
S1-73876337	S2-364365759
S1-840331064	S3-687358237
S1-150085781	S3-66197393
S1-937327427	S3-775818275
S1-382858670	S3-289383753
S1-767409163	S3-163636427
S1-299480158	S2-305224959
S1-299480158	S3-107127971
S1-299480158	S2-268529428
S1-504798667	S3-686640556
S1-504798667	S2-345047446
S1-504798667	S3-723392357
S1-504798667	S2-569283304
S1-897199186	S2-772752999
S1-333910776	S3-942612547
S1-333910776	S2-362231387
S1-333910776	S3-359886012
S1-333910776	S2-660248681
S1-519004166	S2-485228144
S1-92481712	S3-810664145
S1-471615057	S2-656809728
S1-269283025	S2-371223347
S1-835105639	S3-995978269
S1-835105639	S2-859329890
S1-933115808	S2-615030100
S1-933115808	S2-576032817
S1-933115808	S2-372315637
S1-933115808	S2-830050302
S1-721499939	S2-955475068
S1-732062138	S2-239494802
S1-732062138	S3-819791300
S1-173576660	S2-686841337
S1-173576660	S2-948119677
S1-173576660	S2-290964926
S1-173576660	S3-383970675
S1-316543678	S2-193838876
S1-892054000	S2-938891390
S1-892054000	S3-290368659
S1-892054000	S3-400220136
S1-986452085	S2-972138104
S1-986452085	S2-686825478
S1-343047966	S2-799885302
S1-343047966	S3-483878102
S1-5255870	S2-313471082
S1-5255870	S3-912127689
S1-5255870	S2-105791213
S1-708977021	S3-544356371
S1-238653630	S2-271192805
S1-238653630	S2-696868655
S1-238653630	S2-712449559
S1-186595394	S3-197489137
S1-511913930	S3-565475984
S1-894165430	S3-848177026
S1-894165430	S2-202530373
S1-497804712	S3-104951194
S1-497804712	S2-289539777
S1-497804712	S3-679028206
S1-485076216	S2-843705332
S1-570066856	S2-145533461
S1-570066856	S2-599855581
S1-953211255	S2-966836458
S1-953211255	S3-216676523
S1-953211255	S2-972481472
S1-605057864	S2-588462120
S1-605057864	S3-394892775
S1-605057864	S3-843227418
S1-605057864	S2-307726594
S1-36659842	S2-936997778
S1-245166211	S3-678649617
S1-245166211	S3-313130458
S1-132092868	S2-143734219
S1-78761636	S2-655625057
S1-800835276	S3-91104453
S1-929133164	S2-905409522
S1-930012941	S2-938351102
S1-930012941	S2-897388262
S1-890968716	S2-667586155
S1-890968716	S2-624566819
S1-890968716	S2-930423296
S1-847905271	S2-714027246
S1-869775982	S2-532730671
S1-869775982	S2-765029382
S1-937832577	S2-482087335
S1-875315471	S2-717151076
S1-875315471	S3-113429882
S1-875315471	S3-158362267
S1-924834224	S3-1589109
S1-815296896	S3-923066245
S1-478724734	S2-891547887
S1-315652953	S2-196941640
S1-476395825	S3-854597506
S1-476395825	S2-398586625
S1-476395825	S2-590833510
S1-476395825	S2-660107711
S1-476395825	S2-107056688
S1-863347011	S2-748870744
S1-863347011	S2-115241902
S1-863347011	S3-837633723
S1-467528445	S2-342391468
S1-774943263	S2-394758031
S1-811764648	S2-621126504
S1-811764648	S3-320182034
S1-811484514	S3-138099122
S1-555090654	S3-866696706
S1-555090654	S2-30001604
S1-260944466	S2-653507190
S1-611462293	S2-321019596
S1-611462293	S3-961360364
S1-611462293	S3-826787846
S1-497325364	S3-737055877
S1-388571578	S3-472888182
S1-404118848	S3-286335718
S1-800755730	S2-750486867
S1-800755730	S3-113033807
S1-800755730	S2-619681031
S1-800755730	S3-497274874
S1-803653039	S3-547901768
S1-346358428	S3-752174785
S1-346358428	S3-399494605
S1-850145562	S2-330217787
S1-265594050	S2-224706906
S1-265594050	S2-176163956
S1-956827403	S2-594836473
S1-956827403	S2-356545628
S1-142244080	S3-781113663
S1-142244080	S3-798541077
S1-323211010	S3-68402832
S1-521716817	S2-840024160
S1-521716817	S3-909598803
S1-626965692	S3-976723834
S1-626965692	S3-224986582
S1-319014674	S3-831633127
S1-791672364	S3-833543468
S1-837046095	S2-774680478
S1-837046095	S3-870931411
S1-191040786	S3-881217189
S1-288531383	S2-763664592
S1-288531383	S3-695125527
S1-498636347	S3-652382593
S1-944975914	S2-569809225
S1-944975914	S2-866077166
S1-944975914	S2-399563902
S1-791007621	S3-245881080
S1-349418332	S3-200542504
S1-12686616	S2-257586234
S1-12686616	S3-195986207
S1-12686616	S2-209977605
S1-12686616	S3-737365294
S1-12686616	S3-953263500
S1-12686616	S2-806079439
S1-922486508	S3-579864108
S1-62162516	S3-234458216
S1-604652971	S3-346187369
S1-274722437	S2-313685789
S1-274722437	S3-481122150
S1-274722437	S3-911168951
S1-381042311	S2-639053938
S1-563001212	S2-198106149
S1-368423564	S2-442528813
S1-953559326	S3-816276082
S1-953559326	S3-563505525
S1-953559326	S2-400278745
S1-953559326	S2-40511505
S1-953559326	S2-651553118
S1-686423684	S3-421338936
S1-686423684	S3-198084311
S1-713124094	S2-94822367
S1-713124094	S2-281078061
S1-713124094	S3-515384157
S1-713124094	S2-297805618
S1-713124094	S2-59333931
S1-791110610	S3-23862946
S1-617803218	S3-59449998
S1-617803218	S2-238585734
S1-261714967	S2-958562445
S1-261714967	S3-775542095
S1-43879970	S2-962136091
S1-43606080	S2-229023497
S1-659697009	S3-278454778
S1-659697009	S3-295457343
S1-659697009	S3-666972315
S1-586729165	S3-363893539
S1-586729165	S3-424003973
S1-595937638	S3-934029970
S1-898192135	S3-918878242
S1-898192135	S2-705490727
S1-898192135	S2-878821439
S1-948671216	S3-594524747
S1-717488536	S3-154850474
S1-982175652	S2-613111835
S1-474218166	S2-675605193
S1-474218166	S3-881877212
S1-540619226	S3-41758739
S1-540619226	S2-127507957
S1-540619226	S3-114168361
S1-893894072	S2-92893441
S1-893894072	S3-330095487
S1-893894072	S2-584236316
S1-159824672	S3-345292085
S1-159824672	S2-809416328
S1-742835848	S3-127201814
S1-742835848	S3-691007715
S1-512720361	S2-996772942
S1-604754475	S3-289254092
S1-604754475	S3-595309550
S1-689713226	S3-27436089
S1-689713226	S3-904600624
S1-275017220	S3-179841059
S1-83236558	S3-546011739
S1-441851258	S3-122625750
S1-441851258	S2-482989290
S1-974874257	S2-100760350
S1-807919517	S2-990426750
S1-46936631	S3-918934537
S1-432184950	S3-441078747
S1-514335205	S2-567952996
S1-29179221	S2-100228530
S1-29179221	S2-988604255
S1-140506360	S3-359803271
S1-446875961	S3-724723258
S1-446875961	S2-798469496
S1-706806802	S3-931009098
S1-559994135	S3-894820918
S1-559994135	S2-672700495
S1-130284384	S3-293058856
S1-181220054	S3-969277128
S1-327658879	S3-96897516
S1-566733406	S3-12884511
S1-253146033	S3-711808161
S1-253146033	S2-273042033
S1-253146033	S3-400213163
S1-253146033	S3-110474285
S1-564223388	S2-447028643
S1-564223388	S2-425089788
S1-564223388	S3-763424066
S1-160107415	S2-756265557
S1-861260464	S2-726222395
S1-188356579	S3-301799307
S1-667771451	S2-392452106
S1-205222504	S3-211441612
S1-222128187	S2-515871074
S1-222128187	S2-270692053
S1-309720280	S2-640834697
S1-430573085	S2-849124123
S1-430573085	S2-191722053
S1-430573085	S3-241885070
S1-601286292	S2-800886858
S1-601286292	S3-435098599
S1-601286292	S3-134447903
S1-601286292	S3-908567167
S1-601286292	S2-967284211
S1-988518452	S2-357872931
S1-988518452	S3-165531046
S1-988518452	S3-55099945
S1-271358062	S3-816578144
S1-271358062	S2-640691535
S1-271358062	S2-592166138
S1-439235508	S3-428087779
S1-579612925	S2-402708902
S1-962888141	S3-520604819
S1-140473568	S2-320507051
S1-230935079	S3-91182230
S1-230935079	S2-886196225
S1-230935079	S2-925520054
S1-125623132	S2-28800705
S1-125623132	S3-271060459
S1-125623132	S3-519524606
S1-125623132	S3-242558174
S1-543280320	S3-730296134
S1-60063221	S2-933336601
S1-649163745	S3-504785000
S1-766484366	S3-693646970
S1-766484366	S2-143559846
S1-201386260	S3-617821801
S1-341212512	S2-624471456
S1-341212512	S3-951227316
S1-211935955	S2-4160066
S1-39783827	S2-835014674
S1-540587878	S2-210065421
S1-540587878	S2-469864162
S1-540587878	S2-255316257
S1-655248630	S2-760215356
S1-655248630	S2-701992537
S1-576819320	S2-133381577
S1-730485969	S2-705242200
S1-730485969	S2-404837599
S1-730485969	S3-654946940
S1-212484230	S3-707655882
S1-212484230	S3-182839102
S1-514973198	S2-314459669
S1-208504587	S3-363143335
S1-286141583	S2-81875949
S1-286141583	S2-869458075
S1-527887023	S3-405867506
S1-527887023	S3-954038410
S1-527887023	S3-614315731
S1-179622157	S2-687287734
S1-179622157	S3-69867537
S1-179622157	S2-431079725
S1-179622157	S3-290886700
S1-179622157	S2-19237165
S1-179622157	S2-52208974
S1-821188281	S2-863080973
S1-821188281	S3-377257281
S1-821188281	S2-299755825
S1-821188281	S3-483516703
S1-79802859	S2-196726376
S1-79802859	S3-978060716
S1-79802859	S2-587675822
S1-381777317	S3-460948453
S1-498107588	S2-506804649
S1-498107588	S3-450591712
S1-498107588	S2-516242992
S1-498107588	S2-624715667
S1-799796783	S2-799237054
S1-799796783	S3-241468576
S1-799796783	S3-547693505
S1-799796783	S2-990514164
S1-799796783	S3-56373905
S1-738763990	S2-69925619
S1-738763990	S3-797545855
S1-738763990	S3-689980237
S1-799794517	S2-469300183
S1-332678499	S2-442089345
S1-644512185	S3-451770588
S1-664765703	S2-227549454
S1-664765703	S3-902377642
S1-664765703	S2-782899491
S1-894751070	S2-257158307
S1-894751070	S2-991459282
S1-894751070	S3-806116898
S1-894751070	S3-352131076
S1-674687852	S3-161100035
S1-195434090	S2-819736046
S1-195434090	S2-757590241
S1-195434090	S3-395200077
S1-195434090	S3-490242456
S1-420967898	S2-43327867
S1-420967898	S3-84283084
S1-420967898	S3-537248988
S1-420967898	S3-599963590
S1-152445126	S3-894334326
S1-570107806	S2-43864290
S1-289938515	S2-616462343
S1-406382408	S3-899071421
S1-89368529	S3-902634505
S1-89368529	S3-660357487
S1-646519214	S3-527778687
S1-646519214	S2-567986395
S1-78758602	S2-5589443
S1-207735878	S3-447741636
S1-255369424	S2-418558465
S1-216921515	S2-950102238
S1-404720706	S2-848053049
S1-404720706	S2-107240774
S1-404720706	S3-317369823
S1-297724311	S2-412188227
S1-297724311	S3-684236624
S1-297724311	S2-978839069
S1-297724311	S2-9123594
S1-591504260	S2-1838269
S1-479665898	S2-333641953
S1-479665898	S3-225001330
S1-757357861	S3-396361370
S1-603661674	S2-891622272
S1-863473871	S2-502972883
S1-275660872	S2-165203208
S1-275660872	S3-126587030
S1-275660872	S3-322201979
S1-443402074	S2-144160129
S1-837759481	S2-728853787
S1-46103045	S3-261580456
S1-46103045	S3-98783161
S1-46103045	S3-22235116
S1-46103045	S3-877927384
S1-46103045	S2-895512456
S1-46103045	S2-215437637
S1-505917433	S2-532502316
S1-518340015	S2-771852346
S1-142024746	S2-359766177
S1-142024746	S2-160656714
S1-349935418	S2-522769949
S1-453880026	S3-472011982
S1-453880026	S2-335593380
S1-258887742	S2-270881935
S1-258887742	S2-476229801
S1-654598889	S2-687128249
S1-900061171	S3-577945514
S1-900061171	S3-327060035
S1-790376453	S3-236361088
S1-395065372	S3-329799047
S1-906244094	S2-722662711
S1-906244094	S2-78189628
S1-906244094	S2-761980271
S1-211660056	S2-459299506
S1-34083792	S2-175562105
S1-34083792	S3-994022099
S1-364427356	S2-328921727
S1-364427356	S3-219426523
S1-318076066	S2-616811082
S1-318076066	S3-642052874
S1-246656884	S2-368977127
S1-246656884	S3-560667922
S1-246656884	S2-911194624
S1-715008760	S2-313560750
S1-715008760	S3-980390317
S1-715008760	S2-642967899
S1-816438477	S2-307122413
S1-816438477	S3-36810555
S1-195329466	S3-446256615
S1-195329466	S3-619755937
S1-195329466	S2-917091971
S1-195329466	S2-60955377
S1-195329466	S3-223519428
S1-378451737	S2-45684485
S1-996146481	S2-335286230
S1-996146481	S3-686373016
S1-83090745	S3-712967278
S1-856946117	S2-358509336
S1-87060012	S2-574620665
S1-87060012	S3-293658323
S1-307763694	S3-724720506
S1-366068299	S2-377472159
S1-861525302	S2-413957813
S1-861525302	S2-928179062
S1-699445525	S3-440813072
S1-43242364	S2-965608776
S1-916270256	S3-554356195
S1-916270256	S3-790057966
S1-916270256	S2-81193290
S1-182401884	S2-457198385
S1-398688568	S2-795190383
S1-398688568	S2-165552582
S1-318590181	S2-872527269
S1-901830474	S3-98443847
S1-868536644	S2-505839613
S1-286555222	S2-31645187
S1-478478975	S2-110258141
S1-478478975	S2-883819459
S1-478478975	S3-583635807
S1-833190995	S3-175304723
S1-479892203	S3-700518735
S1-479892203	S2-848267593
S1-292906158	S3-131103667
S1-292906158	S2-436789733
S1-292906158	S3-760530068
S1-292906158	S3-123438456
S1-48114759	S2-209216476
S1-48114759	S3-895152313
S1-48114759	S3-379883739
S1-48114759	S2-356767362
S1-48114759	S3-925429059
S1-767677637	S3-330420890
S1-35559286	S3-981165868
S1-505278166	S3-943027612
S1-974854822	S3-210369727
S1-853130159	S3-203734320
S1-831149555	S2-121586668
S1-587832365	S2-536529187
S1-962404355	S2-621579945
S1-395138810	S2-148071504
S1-259467641	S2-230978872
S1-259467641	S3-824263678
S1-983732083	S3-475549958
S1-983732083	S2-573896895
S1-80014923	S2-22694543
S1-80014923	S2-263993119
S1-680102197	S2-328351112
S1-225938312	S2-951890233
S1-225938312	S2-703773219
S1-225938312	S2-303697001
S1-718562196	S2-794966699
S1-718562196	S3-738606519
S1-277119108	S2-991172001
S1-277119108	S3-100440586
S1-237012490	S2-978401919
S1-237012490	S3-143828966
S1-889058040	S3-275518426
S1-437892624	S2-425512303
S1-671932072	S2-658552249
S1-671932072	S2-734919
S1-671932072	S3-718588009
S1-414239758	S2-538709773
S1-414239758	S3-346875755
S1-414239758	S2-354501306
S1-750817979	S2-386624772
S1-957157775	S3-875951120
S1-957157775	S2-157525339
S1-957157775	S3-114147868
S1-957157775	S3-189969047
S1-957157775	S3-774282489
S1-646254004	S2-77798309
S1-303341596	S2-845804411
S1-520779491	S3-946606220
S1-520779491	S2-590438806
S1-628977626	S2-883781994
S1-628977626	S3-434520617
S1-628977626	S2-138561799
S1-628977626	S2-934100130
S1-327529974	S3-889163997
S1-498954264	S2-813461502
S1-498954264	S2-67207533
S1-498954264	S3-28504920
S1-498954264	S3-239280919
S1-498954264	S3-202446326
S1-867350325	S3-727477551
S1-596481986	S2-508563187
S1-596481986	S3-70590881
S1-744174430	S2-687047903
S1-200768090	S3-829546599
S1-687969327	S2-133702923
S1-85138336	S3-637391128
S1-748184740	S3-40419230
S1-596155194	S2-370491088
S1-596155194	S3-89163196
S1-596155194	S3-189628092
S1-991322797	S2-248998202
S1-991322797	S2-601708903
S1-991322797	S3-390988502
S1-788433421	S2-394417640
S1-788433421	S3-195239987
S1-107561500	S3-692311725
S1-107561500	S2-380880
S1-222167154	S2-915844445
S1-222167154	S3-250141470
S1-715429561	S3-584243707
S1-79041111	S3-683012625
S1-603380330	S2-620988261
S1-604671381	S2-882138342
S1-604671381	S3-28017318
S1-410812052	S2-423938540
S1-410812052	S2-624414533
S1-410812052	S2-978857833
S1-410812052	S2-588076131
S1-410812052	S3-982416845
S1-681172439	S3-427148829
S1-681172439	S2-264975813
S1-983867622	S3-93765992
S1-223234730	S3-846023853
S1-223234730	S2-647855116
S1-686507520	S2-11575263
S1-383510253	S3-176925970
S1-383510253	S3-600067914
S1-383510253	S3-394748344
S1-383510253	S2-826169121
S1-320959764	S2-661412546
S1-320959764	S3-289897203
S1-591890671	S3-905968009
S1-460573618	S2-21709992
S1-777947657	S2-595495356
S1-777947657	S2-745515470
S1-777947657	S2-441952550
S1-820619630	S3-540763329
S1-820619630	S3-979648048
S1-820619630	S2-722884575
S1-194718632	S3-315296989
S1-194718632	S3-907357373
S1-638522647	S2-197762219
S1-638522647	S2-564861958
S1-746568201	S2-417712683
S1-342567124	S2-641996612
S1-342567124	S3-852401689
S1-740293156	S2-843009372
S1-740293156	S3-966006075
S1-740293156	S3-123933877
S1-740293156	S3-113369857
S1-773644946	S3-649991260
S1-773644946	S3-412394772
S1-695843592	S3-116353764
S1-428749665	S2-471075273
S1-154701168	S3-431231959
S1-65429332	S2-534278508
S1-675099633	S3-238080202
S1-769917251	S2-876308922
S1-740687713	S2-165697645
S1-797946163	S3-731486261
S1-541707728	S3-547706558
S1-541707728	S2-593536499
S1-39063923	S2-369577975
S1-39063923	S3-826418623
S1-39063923	S3-606993038
S1-344973173	S3-663415528
S1-649692111	S3-53460456
S1-803171770	S3-474960450
S1-485474243	S2-490866662
S1-485474243	S2-565995407
S1-285782221	S3-514851505
S1-285782221	S2-350044785
S1-307830775	S2-264920633
S1-307830775	S3-895931334
S1-922784301	S2-593538741
S1-922784301	S2-824623402
S1-711580245	S2-279195581
S1-302773516	S3-329944695
S1-290948770	S3-624658485
S1-290948770	S2-371432643
S1-290948770	S2-976795729
S1-16879454	S3-908521371
S1-992091512	S3-163406818
S1-992091512	S3-651604660
S1-669529377	S2-211989108
S1-905668116	S3-954696493
S1-51876893	S2-544772990
S1-523761254	S3-456300948
S1-523761254	S3-587358296
S1-521874112	S2-423932586
S1-521874112	S3-182776710
S1-521874112	S2-282790583
S1-521874112	S3-665769285
S1-521874112	S2-83990774
S1-56190620	S3-534347798
S1-734074587	S2-867671651
S1-396474929	S2-824421575
S1-840229860	S2-431892778
S1-840229860	S3-738268654
S1-840229860	S3-837736339
S1-840229860	S3-537552785
S1-224366087	S2-433615888
S1-224366087	S2-760555304
S1-224366087	S3-335975103
S1-224366087	S3-949978937
S1-163076311	S3-273942287
S1-625187561	S2-177877468
S1-625187561	S3-773090748
S1-625187561	S2-918785197
S1-978672459	S2-271547085
S1-373762798	S3-760604404
S1-373762798	S3-861313317
S1-373762798	S2-46473817
S1-952113414	S2-495961501
S1-948893451	S3-986233622
S1-948893451	S2-367163931
S1-2277742	S3-566818143
S1-34664312	S3-178132759
S1-34664312	S2-885461966
S1-34664312	S2-686352763
S1-74883674	S2-134147289
S1-688282890	S2-147399461
S1-688282890	S3-572921262
S1-223716807	S3-86473901
S1-223716807	S2-163094511
S1-223716807	S2-196832170
S1-801314402	S3-656843366
S1-801314402	S3-660478024
S1-877028173	S3-532669948
S1-877028173	S3-703629182
S1-877028173	S3-677125273
S1-428416026	S2-45082127
S1-943102308	S2-381559728
S1-159380728	S3-603253420
S1-968588958	S3-593630073
S1-288158223	S3-303051445
S1-351959922	S3-161208871
S1-351959922	S2-726464044
S1-351959922	S2-614093713
S1-972036492	S3-130033157
S1-567948551	S3-754968931
S1-24616502	S3-581169868
S1-246828600	S2-66612236
S1-353857901	S3-665511719
S1-226110252	S3-386393855
S1-154379030	S2-134721063
S1-154379030	S2-651061491
S1-154379030	S3-110316292
S1-154379030	S3-820059121
S1-154379030	S3-836137154
S1-926669571	S3-39674546
S1-984540731	S3-901520137
S1-984540731	S3-430399188
S1-984540731	S3-124636734
S1-984540731	S3-255959672
S1-326142859	S2-874518235
S1-1521525	S3-347757813
S1-1521525	S3-697201613
S1-1521525	S3-191287756
S1-714917627	S2-583380216
S1-714917627	S3-191576714
S1-714917627	S2-341726839
S1-658957156	S2-968815991
S1-826323784	S2-41892324
S1-888734641	S2-485579226
S1-888734641	S3-899016463
S1-888734641	S2-466107563
S1-40275447	S3-508213613
S1-997007543	S3-285111532
S1-997007543	S2-290350178
S1-404176946	S2-665550152
S1-404176946	S3-582169333
S1-465012627	S2-440166465
S1-465012627	S3-602870741
S1-465012627	S3-972603323
S1-846717880	S3-656568757
S1-846717880	S3-169541056
S1-227118584	S2-477289506
S1-227118584	S2-640863703
S1-54053828	S3-698479236
S1-395519162	S3-858764625
S1-318714516	S2-337835588
S1-372549037	S2-403762664
S1-72191439	S3-76983205
S1-534097218	S2-256750496
S1-19645840	S2-103697880
S1-19645840	S3-172038477
S1-403563431	S3-494546269
S1-521604019	S2-341429752
S1-393841946	S2-326689876
S1-889148130	S2-839546547
S1-889148130	S3-671909002
S1-889148130	S2-821770250
S1-457099572	S2-441370599
S1-211329840	S2-800349119
S1-211329840	S3-50728193
S1-211329840	S2-513447841
S1-211329840	S3-129614395
S1-307959590	S3-428121568
S1-818505100	S3-856399674
S1-818505100	S2-840978999
S1-818505100	S3-225778438
S1-844766948	S2-923105159
S1-488268561	S3-359003855
S1-291993254	S2-706930651
S1-918637335	S2-19689896
S1-16094434	S2-858424189
S1-16094434	S3-442399912
S1-16094434	S3-307810584
S1-16094434	S2-778493420
S1-16094434	S2-448241120
S1-100917058	S3-94808720
S1-714755875	S3-214558441
S1-783393880	S2-98614429
S1-783393880	S3-958714348
S1-754346570	S3-620711589
S1-392946023	S3-145574269
S1-392946023	S3-261089160
S1-500523362	S2-878506015
S1-534239962	S2-356365366
S1-244839133	S3-414220749
S1-244839133	S2-5791505
S1-244839133	S3-643388916
S1-133624164	S3-496467306
S1-697027797	S2-317802320
S1-697027797	S3-364303771
S1-697027797	S3-76565763
S1-679161739	S2-282372696
S1-257291466	S3-984478459
S1-529529313	S2-110220904
S1-67011397	S3-829114441
S1-119677210	S2-918297340
S1-119677210	S2-903824308
S1-678052159	S2-544270204
S1-678052159	S2-746600393
S1-536453404	S2-833460050
S1-536453404	S2-198039224
S1-674553873	S2-769083846
S1-674553873	S3-282036259
S1-110602510	S3-967353699
S1-110602510	S2-486730997
S1-518632974	S3-576460640
S1-518632974	S3-422298965
S1-518632974	S2-316449012
S1-393066224	S2-553048205
S1-393066224	S2-325454800
S1-781709685	S2-956309963
S1-519824415	S2-428978942
S1-519824415	S2-596884240
S1-228174036	S3-155552326
S1-471333186	S3-592393563
S1-600501040	S2-268159803
S1-625600840	S2-285817219
S1-625600840	S2-248937309
S1-625600840	S3-633626677
S1-942146496	S2-389286298
S1-942146496	S3-98933362
S1-540597513	S2-379259547
S1-540597513	S3-706504927
S1-540597513	S3-171628951
S1-739716660	S3-359603948
S1-894092582	S2-350099795
S1-648780579	S2-678904001
S1-942341704	S3-868944888
S1-159018896	S3-294184303
S1-159018896	S3-542335769
S1-54901595	S3-560267489
S1-961473206	S3-619812603
S1-961473206	S2-564515961
S1-623108930	S2-350302644
S1-623108930	S2-645151472
S1-876905329	S2-840363541
S1-976551223	S2-968056083
S1-56923071	S2-100844654
S1-56923071	S2-236661399
S1-86948109	S2-768357554
S1-86948109	S3-937997847
S1-825543538	S2-777978621
S1-803949005	S3-528288196
S1-299537108	S2-177674712
S1-976319470	S2-850446960
S1-976319470	S2-587229047
S1-821304883	S2-338933003
S1-821304883	S3-417830607
S1-520986172	S3-417666911
S1-520986172	S3-359498530
S1-520986172	S3-569255601
S1-587401797	S2-269709614
S1-896999735	S3-451255258
S1-896999735	S3-343631569
S1-896999735	S3-724459622
S1-701911597	S2-201729612
S1-79859169	S2-388851760
S1-179938301	S2-778292027
S1-179938301	S2-445638577
S1-650620664	S2-929486025
S1-650620664	S3-154366503
S1-387760422	S2-230951918
S1-284440719	S3-348374210
S1-157607064	S3-77329592
S1-414867938	S3-892910506
S1-223868606	S2-257791824
S1-191662834	S2-873045247
S1-191662834	S2-151380220
S1-482669855	S2-64664525
S1-151293010	S3-168891795
S1-151293010	S3-975542500
S1-673568421	S3-639218789
S1-673568421	S3-702888975
S1-673568421	S3-312478910
S1-11301606	S3-147464833
S1-11301606	S2-643076401
S1-195570428	S3-859714198
S1-403214989	S2-505272069
S1-403214989	S2-928247760
S1-66913348	S2-905943545
S1-316819189	S3-805849244
S1-18123850	S2-46937217
S1-397061310	S2-116482847
S1-413480172	S2-392695175
S1-987110340	S2-259457061
S1-987110340	S3-153938586
S1-987110340	S2-103260456
S1-45315804	S3-111078451
S1-968945516	S2-988369176
S1-968945516	S3-314033010
S1-968945516	S3-916156377
S1-460366612	S2-539590953
S1-309437120	S2-844971740
S1-309437120	S2-534343114
S1-914355587	S3-564747492
S1-139132792	S2-376260185
S1-139132792	S3-938855165
S1-139132792	S3-530926106
S1-657724238	S3-421689470
S1-300309799	S2-57864581
S1-468680706	S3-991598016
S1-468680706	S3-726024562
S1-468680706	S3-531757291
S1-94667163	S3-238622139
S1-482135225	S3-831566281
S1-482135225	S2-137512946
S1-482135225	S2-405674526
S1-482135225	S3-412497232
S1-482135225	S3-820840399
S1-199649067	S2-539816767
S1-199649067	S2-207486949
S1-224454284	S3-318269092
S1-224454284	S3-440324459
S1-539921658	S2-472017694
S1-539921658	S2-136029826
S1-514921415	S3-129796217
S1-99603713	S3-225809284
S1-978723719	S2-933854243
S1-978723719	S2-717895561
S1-978723719	S3-171876924
S1-49518619	S2-896339046
S1-771747709	S3-244285394
S1-771747709	S3-920235804
S1-992410207	S3-790952158
S1-263895297	S2-45716702
S1-175374294	S3-184483148
S1-574991702	S2-265674550
S1-574991702	S2-462435459
S1-574991702	S3-792484455
S1-574991702	S2-787475184
S1-574991702	S3-29697544
S1-574991702	S2-579721730
S1-526130844	S2-356902289
S1-299364354	S2-187428678
S1-660611144	S3-867761780
S1-660611144	S3-453265282
S1-660611144	S2-893895290
S1-22148505	S3-331856084
S1-23430805	S2-795691439
S1-23430805	S2-262530167
S1-619526121	S2-437864469
S1-833271742	S2-572334063
S1-833271742	S3-186199593
S1-833271742	S3-269907968
S1-833271742	S3-628223559
S1-234653784	S2-951983670
S1-271820012	S2-359844097
S1-366988600	S2-40277978
S1-366988600	S3-192913095
S1-661592356	S2-639153477
S1-365004048	S3-798907150
S1-365004048	S2-656741236
S1-429508989	S3-636684517
S1-353493520	S2-480728968
S1-353493520	S2-419354284
S1-896156449	S3-716419229
S1-896156449	S2-708906361
S1-896156449	S3-612234555
S1-896156449	S3-911592293
S1-896156449	S3-186737685
S1-902545857	S3-162190370
S1-902545857	S2-471728841
S1-115885362	S2-103561463
S1-99181631	S2-526870768
S1-735771354	S3-971414170
S1-223354910	S2-421520804
S1-223354910	S3-330199909
S1-131628225	S3-517590519
S1-98895829	S3-117901127
S1-214860814	S3-843645605
S1-214860814	S3-389151757
S1-2504058	S2-304998763
S1-2504058	S3-877174567
S1-2504058	S3-114103951
S1-918762481	S2-905623147
S1-780892707	S3-52321899
S1-865685099	S3-485089774
S1-865685099	S3-659480905
S1-883566161	S3-323089390
S1-595381579	S3-192960226
S1-947733127	S3-797028374
S1-947733127	S2-171757011
S1-877289624	S3-706759136
S1-877289624	S2-373098480
S1-467712030	S3-984983803
S1-754845239	S2-836875699
S1-438828544	S2-319487091
S1-438828544	S3-964072742
S1-438828544	S3-40360025
S1-585548793	S2-367153365
S1-585548793	S2-467029220
S1-957989975	S2-274863189
S1-144965865	S3-516606323
S1-144965865	S2-580618859
S1-144965865	S2-976675119
S1-244810289	S3-742580559
S1-803690836	S3-86685989
S1-881460113	S2-852362964
S1-492845235	S3-987618273
S1-544899066	S2-1070740
S1-100312303	S3-717744945
S1-100312303	S3-281870664
S1-492399245	S3-281052080
S1-379252624	S2-369787126
S1-379252624	S3-804420928
S1-379252624	S3-823730750
S1-379252624	S3-885289011
S1-164759645	S3-183699896
S1-164759645	S2-488838201
S1-116254160	S2-410143596
S1-116254160	S3-741916683
S1-116254160	S3-280294632
S1-425040370	S3-624002508
S1-158856913	S2-139048785
S1-158856913	S3-239113154
S1-158856913	S2-914589954
S1-158856913	S3-386846890
S1-716361713	S3-1598900
S1-961973498	S3-532367784
S1-961973498	S2-696871631
S1-961973498	S3-540302921
S1-665911220	S2-2188836
S1-228741199	S3-105443975
S1-228741199	S3-498616104
S1-571407678	S3-10306206
S1-111042251	S2-856926492
S1-111042251	S3-984288747
S1-111042251	S3-66919290
S1-682461137	S2-453041802
S1-682461137	S3-236646762
S1-682461137	S3-78225802
S1-682461137	S2-244782394
S1-343147802	S2-213197066
S1-160896003	S2-687774446
S1-160896003	S3-439921265
S1-561258373	S2-49497754
S1-939620441	S2-792694403
S1-939620441	S2-846528877
S1-939620441	S2-559161077
S1-746319597	S3-184227274
S1-257832322	S2-195024780
S1-561479161	S2-755506275
S1-561479161	S2-422989255
S1-237112423	S3-31018089
S1-237112423	S2-637092955
S1-237112423	S3-821773467
S1-71682064	S2-380218678
S1-71682064	S2-57561737
S1-482905594	S2-234644514
S1-482905594	S3-701989485
S1-482905594	S3-73406671
S1-535440854	S2-739881869
S1-832602612	S2-991826401
S1-832602612	S2-640780059
S1-832602612	S3-292568635
S1-832602612	S2-387819508
S1-175757159	S2-973317533
S1-175757159	S2-838041893
S1-739080165	S2-34809571
S1-954118833	S2-294866106
S1-454221124	S3-93981918
S1-789034740	S3-869586868
S1-789034740	S2-133320994
S1-789034740	S3-258721278
S1-944202259	S3-569799651
S1-504425182	S2-778839593
S1-504425182	S3-133683293
S1-843767433	S3-678259424
S1-843767433	S2-968793838
S1-389999875	S2-823164720
S1-389999875	S3-183535144
S1-389999875	S3-871808506
S1-389999875	S3-403912428
S1-939958995	S2-564086651
S1-939958995	S2-771262330
S1-939958995	S3-759492965
S1-939958995	S2-7177747
S1-872296771	S3-627023853
S1-150444194	S2-645339749
S1-929654528	S2-136776578
S1-654193359	S2-308977915
S1-855453725	S2-238450692
S1-85050580	S3-118078101
S1-386748511	S3-488933964
S1-334722555	S3-960511161
S1-334722555	S3-536023240
S1-450429728	S3-780063570
S1-376129810	S3-996456999
S1-844703192	S2-931435517
S1-788175732	S3-107383193
S1-909879809	S3-339983545
S1-204336075	S2-712550456
S1-204336075	S2-454279575
S1-639640670	S3-477848242
S1-639640670	S2-342003530
S1-639640670	S3-700896880
S1-492132638	S3-714873691
S1-492132638	S2-367124844
S1-837119597	S3-952817290
S1-837119597	S2-816643824
S1-170357750	S2-312952389
S1-998941107	S3-331605567
S1-633156008	S2-887749955
S1-633156008	S3-113882315
S1-27397619	S2-767087636
S1-387571600	S3-570076126
S1-387571600	S3-906179595
S1-541833576	S2-369648234
S1-541833576	S2-483237922
S1-504043318	S2-888766270
S1-192251927	S2-571375645
S1-405982574	S2-227756657
S1-384613509	S3-149874301
S1-546669704	S2-927661001
S1-546669704	S2-122028255
S1-546669704	S3-735982916
S1-186918106	S2-532917847
S1-294218992	S2-391863253
S1-294218992	S3-121462123
S1-294218992	S3-295827384
S1-294218992	S3-766596459
S1-251943342	S3-262510080
S1-251943342	S2-731019671
S1-811638793	S3-123278701
S1-91068583	S3-900818576
S1-585447741	S2-199472173
S1-585447741	S2-851939405
S1-378343013	S3-858182564
S1-378343013	S3-693305573
S1-378343013	S2-852796176
S1-47072402	S2-469784707
S1-501128428	S3-610537097
S1-501128428	S3-850362283
S1-501128428	S3-349829599
S1-296275626	S3-65184895
S1-296275626	S2-318764726
S1-960685084	S3-533942546
S1-120646200	S2-588179300
S1-684491005	S3-698903457
S1-873263660	S3-61126053
S1-619615367	S3-137398328
S1-290613952	S3-377786322
S1-208605866	S2-673135063
S1-208605866	S3-799948778
S1-16162964	S2-655116184
S1-852819289	S2-530866621
S1-943280555	S3-788564533
S1-943280555	S3-136272669
S1-466323180	S3-372880993
S1-410458265	S3-277989012
S1-423417776	S3-320414206
S1-975795934	S2-56822677
S1-903245175	S3-666135574
S1-903245175	S3-380847346
S1-431066858	S3-815662709
S1-431066858	S2-476053629
S1-431066858	S2-444949195
S1-56927753	S3-828828880
S1-56927753	S3-819251944
S1-56927753	S3-138635370
S1-943026350	S2-5092734
S1-777952435	S3-149949436
S1-343292542	S3-715872646
S1-343292542	S2-806566463
S1-343292542	S3-799497051
S1-343292542	S2-942942026
S1-216849662	S3-147850206
S1-872070916	S3-741017829
S1-840499174	S3-831331666
S1-840499174	S3-690891289
S1-79113379	S2-546862049
S1-79113379	S2-345113490
S1-79113379	S3-181605283
S1-335868687	S3-211164348
S1-286837261	S2-398717913
S1-938023274	S2-106053490
S1-300796493	S2-392555360
S1-300796493	S3-929574082
S1-636270240	S2-596529505
S1-156907087	S3-300167890
S1-156907087	S2-178111311
S1-156907087	S3-676311121
S1-981879805	S3-694591914
S1-981879805	S3-514644831
S1-552663426	S3-182660664
S1-268673932	S3-580306527
S1-268673932	S2-881856595
S1-912744973	S3-176765118
S1-85316075	S3-11566724
S1-85316075	S3-958003782
S1-119538640	S2-981874682
S1-827638705	S2-882681766
S1-827638705	S2-191990851
S1-975564193	S2-710634240
S1-975564193	S3-754776349
S1-197080745	S3-971021980
S1-122167544	S3-641447704
S1-224034323	S3-26653722
S1-224034323	S3-263636876
S1-156135256	S3-749420814
S1-290770972	S3-794850746
S1-502134584	S3-477217562
S1-502134584	S3-639850379
S1-502134584	S3-53672329
S1-517418123	S3-466988798
S1-141405264	S3-705203119
S1-141405264	S3-317701007
S1-141405264	S3-155425855
S1-195347463	S3-204454447
S1-537826082	S2-326336219
S1-53462314	S2-71468067
S1-694429211	S2-612397504
S1-253448746	S2-99128572
S1-608190549	S3-66209379
S1-895676801	S2-911253910
S1-629939907	S2-213336788
S1-986661151	S2-267174341
S1-986661151	S3-382894446
S1-138749771	S3-300615377
S1-138749771	S3-114318442
S1-138749771	S2-176764429
S1-138749771	S3-949998000
S1-138749771	S2-618682379
S1-138749771	S3-583134934
S1-121404300	S3-252356199
S1-121404300	S2-957649807
S1-121404300	S3-262295632
S1-466856067	S2-907535104
S1-18639807	S3-261811647
S1-18639807	S3-721627098
S1-18639807	S2-243127229
S1-18639807	S3-258436803
S1-626022784	S2-685439629
S1-626022784	S3-421152670
S1-626022784	S2-690192128
S1-626022784	S3-720108094
S1-109871411	S3-943994109
S1-881956119	S2-327643130
S1-610160536	S3-459427488
S1-338343802	S3-292579011
S1-64608795	S2-414341274
S1-441580235	S3-908356733
S1-928564187	S3-119078354
S1-928564187	S2-85458558
S1-928564187	S3-347168208
S1-928564187	S3-29240379
S1-928564187	S2-682833525
S1-79523328	S3-642474327
S1-79523328	S2-585896761
S1-79523328	S3-521998470
S1-73807091	S2-832132165
S1-716873995	S3-248163701
S1-716873995	S3-734601579
S1-716873995	S3-310932620
S1-716873995	S2-915887841
S1-686754082	S3-563002995
S1-686754082	S3-520618815
S1-686754082	S2-650615317
S1-183023418	S2-777760200
S1-425347310	S2-864550197
S1-610207409	S2-996625303
S1-742153882	S3-48706353
S1-926560233	S2-390718912
S1-926560233	S3-355455912
S1-926560233	S2-106203672
S1-926560233	S3-3912445
S1-926560233	S2-907782303
S1-926560233	S3-208575713
S1-314909841	S3-616207427
S1-314909841	S3-129738662
S1-314909841	S3-675240579
S1-581885234	S3-142040662
S1-864144996	S2-362465455
S1-864144996	S2-687857109
S1-728863483	S3-83903202
S1-728863483	S3-512368397
S1-596683399	S3-273371444
S1-759786749	S2-342549624
S1-13074283	S3-34365565
S1-13074283	S3-888959910
S1-13074283	S3-146100786
S1-33496704	S2-944645545
S1-33496704	S2-220883686
S1-33496704	S3-17584773
S1-33496704	S2-972813
S1-320401850	S3-268413581
S1-84680813	S3-93035645
S1-417932005	S3-267045130
S1-417932005	S2-438447462
S1-417932005	S3-753990343
S1-417932005	S3-527155008
S1-417932005	S3-532525739
S1-417932005	S2-164342001
S1-417932005	S3-816110937
S1-551603633	S3-356498495
S1-848464728	S3-796257340
S1-72600235	S3-12192934
S1-72600235	S2-163765963
S1-72600235	S2-656511775
S1-840617701	S2-570784951
S1-52131372	S3-982911984
S1-52131372	S3-459445924
S1-52131372	S3-421649908
S1-52131372	S2-911986281
S1-52131372	S2-317103042
S1-52131372	S2-421428660
S1-233044125	S3-514219623
S1-723386990	S2-641665895
S1-723386990	S2-684865814
S1-52455903	S2-737221993
S1-52455903	S2-765178317
S1-52455903	S3-83234208
S1-458421728	S2-987978658
S1-138212589	S3-189561723
S1-138212589	S2-852707749
S1-138212589	S3-328943166
S1-900374835	S2-170875087
S1-98221475	S3-441785779
S1-797863358	S3-616972805
S1-455226274	S3-280898601
S1-380554052	S2-62987831
S1-964736806	S2-216688334
S1-608684140	S2-40771812
S1-45066700	S3-866041575
S1-45066700	S2-977756119
S1-243560698	S2-806939731
S1-243560698	S3-543992196
S1-570533944	S3-567111680
S1-570533944	S3-731325375
S1-200360238	S2-622977524
S1-200360238	S2-642351452
S1-36009882	S3-641303504
S1-43769094	S2-62556464
S1-43769094	S3-924182495
S1-43769094	S2-431701439
S1-43769094	S3-347241346
S1-43769094	S3-951730329
S1-24776007	S2-339934091
S1-987099861	S2-517357612
S1-987099861	S3-941185512
S1-580649230	S2-514064401
S1-580649230	S3-946820329
S1-914744503	S3-691262293
S1-914744503	S2-630779511
S1-661982905	S2-552550048
S1-661982905	S2-639972978
S1-393087864	S3-931444835
S1-848222925	S3-656047672
S1-649784929	S2-330890671
S1-53873830	S2-601719582
S1-53873830	S3-588738386
S1-53873830	S2-633420528
S1-53873830	S3-724361645
S1-53873830	S3-972392893
S1-53873830	S2-83167421
S1-53873830	S2-357031885
S1-276257557	S3-579922161
S1-811535223	S3-153599615
S1-811535223	S2-868094240
S1-221359096	S2-225203309
S1-221359096	S3-89106512
S1-812847957	S2-775016936
S1-158683439	S3-529838688
S1-158683439	S3-368893819
S1-158683439	S3-753716065
S1-158683439	S2-248446795
S1-158683439	S3-656015137
S1-158683439	S3-104902596
S1-623773875	S2-907130867
S1-646676310	S2-95494574
S1-127501808	S2-536090150
S1-127501808	S2-382478270
S1-127501808	S2-404158250
S1-127501808	S3-320071999
S1-495461275	S2-823855562
S1-934848042	S3-431879768
S1-934848042	S3-911287229
S1-248097970	S2-134639537
S1-248097970	S3-79443075
S1-248097970	S3-174034883
S1-248097970	S3-102342841
S1-248097970	S2-103386956
S1-248097970	S3-385342889
S1-248097970	S3-542631328
S1-220837398	S2-877612916
S1-220837398	S2-907123103
S1-612806923	S2-637010075
S1-324193487	S2-223475752
S1-324193487	S2-832808593
S1-711822550	S3-221120666
S1-730467307	S3-943619659
S1-26116152	S3-357310100
S1-26116152	S2-225255434
S1-316244307	S2-574786949
S1-316244307	S3-772760742
S1-316244307	S3-765167148
S1-500771333	S3-486808165
S1-500771333	S2-257782328
S1-259261869	S2-332524014
S1-21786365	S2-118915496
S1-21786365	S2-496958351
S1-461696276	S3-438138370
S1-461696276	S3-580281465
S1-891349206	S3-381858040
S1-814774506	S3-31298093
S1-843035450	S2-168850143
S1-843035450	S2-94645489
S1-843035450	S2-994138477
S1-246549546	S3-740172655
S1-536230848	S3-501448683
S1-536230848	S3-496754815
S1-536230848	S3-269966326
S1-536230848	S3-715667351
S1-536230848	S2-285415041
S1-428251310	S3-373072692
S1-878813837	S2-125316974
S1-878813837	S2-220658876
S1-539158461	S2-219549336
S1-219376484	S3-842196433
S1-219376484	S3-242397681
S1-219376484	S2-796465807
S1-549505668	S3-43780225
S1-549505668	S3-867949210
S1-957071840	S2-109299721
S1-941009845	S2-395299705
S1-689349119	S3-791244936
S1-849546759	S3-856290001
S1-849546759	S3-392660230
S1-734493649	S2-30779205
S1-734493649	S2-628471164
S1-800086419	S2-383690522
S1-800086419	S3-418326335
S1-344252548	S2-868585403
S1-344252548	S3-612984024
S1-344252548	S3-556429352
S1-754689597	S2-27269616
S1-754689597	S3-639606504
S1-748400535	S2-391426478
S1-778255350	S3-659172091
S1-141529207	S2-802967885
S1-898425826	S3-515160801
S1-834113650	S3-790374543
S1-402451364	S2-489044980
S1-295853802	S3-790471490
S1-295853802	S3-244175126
S1-319115221	S3-427446097
S1-241165683	S2-613749914
S1-763647138	S3-332772294
S1-271414927	S2-796712909
S1-271414927	S2-176681337
S1-513309634	S2-933866207
S1-980888634	S3-430271370
S1-440415858	S3-280986963
S1-203971744	S2-542550208
S1-981671211	S3-420984937
S1-462143608	S3-318082893
S1-462143608	S2-42471030
S1-462143608	S2-876741506
S1-462143608	S3-140095681
S1-462143608	S3-600938090
S1-462143608	S2-898204864
S1-462143608	S2-157373176
S1-835418157	S2-104074886
S1-835418157	S3-621980527
S1-763025400	S3-309327886
S1-733307595	S3-185222815
S1-449923445	S2-248448272
S1-240799105	S2-687644281
S1-949225755	S3-740715418
S1-924289432	S3-693137584
S1-924289432	S3-415328280
S1-248089382	S2-286433038
S1-697063454	S3-453778746
S1-665524765	S2-707126736
S1-933804526	S3-489670095
S1-237161416	S3-192443102
S1-237161416	S2-851195551
S1-148846502	S2-647696683
S1-783508717	S2-867418895
S1-783508717	S3-647936754
S1-783508717	S3-996500499
S1-798159361	S2-335024095
S1-798159361	S3-834927050
S1-117625029	S2-484033573
S1-25295747	S2-210670491
S1-924551625	S2-150089528
S1-924551625	S3-632937987
S1-924551625	S2-692169922
S1-924551625	S3-601090712
S1-893848920	S3-470694524
S1-893848920	S3-734749255
S1-523448896	S2-51325656
S1-523448896	S3-514869374
S1-468535905	S3-514762827
S1-665787600	S3-999892505
S1-665787600	S2-969901912
S1-674279525	S2-422713627
S1-674279525	S3-146122228
S1-587782393	S3-340995577
S1-26687605	S3-271622429
S1-834086996	S2-396630338
S1-834086996	S3-647747360
S1-39499046	S3-893743612
S1-131102443	S3-946055116
S1-484720362	S3-907681265
S1-882407819	S2-540218940
S1-882407819	S3-73460313
S1-967083423	S3-923686734
S1-967083423	S2-52036241
S1-967083423	S2-174814722
S1-827186211	S3-360425773
S1-827186211	S2-597337379
S1-747815945	S2-918402050
S1-750999804	S3-66028594
S1-750999804	S3-522157205
S1-675140621	S2-292771407
S1-440062997	S2-564504948
S1-440062997	S2-105661804
S1-801474886	S2-724161332
S1-729328264	S2-247097416
S1-33022002	S3-995179094
S1-998358984	S2-161790281
S1-998358984	S2-356603100
S1-217420633	S2-354597535
S1-676642815	S3-9437692
S1-312540307	S2-168989992
S1-312540307	S3-224233473
S1-312540307	S2-12106729
S1-312540307	S2-370896288
S1-312540307	S2-682112814
S1-687585848	S3-281406735
S1-776370685	S3-285492281
S1-776370685	S2-287724427
S1-692919945	S2-853445846
S1-156812738	S3-914471427
S1-156812738	S3-340126627
S1-156812738	S2-71853444
S1-928385480	S3-766590435
S1-761576995	S3-503108819
S1-4635116	S3-670176812
S1-585213746	S2-701552524
S1-585213746	S2-468776553
S1-877342129	S2-321001938
S1-877342129	S3-236561284
S1-976129724	S2-974020691
S1-378157889	S2-693977310
S1-198697054	S2-305221632
S1-715109456	S2-631386015
S1-621904086	S3-22926573
S1-621904086	S2-568647250
S1-621904086	S3-258890555
S1-916829153	S3-165969872
S1-916829153	S3-705625582
S1-127094375	S3-425696853
S1-127094375	S3-64427544
S1-829870892	S3-407404132
S1-373636798	S2-755486273
S1-373636798	S2-398925354
S1-373636798	S3-639141030
S1-373636798	S2-257298261
S1-343143575	S3-365639786
S1-449577692	S2-410261770
S1-449577692	S2-131133559
S1-449577692	S3-458210452
S1-523682412	S3-528471074
S1-523682412	S2-703115194
S1-523682412	S3-131048734
S1-260175393	S3-600666655
S1-260175393	S2-254396950
S1-529468328	S2-644257587
S1-529468328	S3-568335179
S1-706188545	S2-490543528
S1-130873192	S2-955818375
S1-659602595	S2-791700115
S1-659602595	S2-354246672
S1-659602595	S3-401871694
S1-659602595	S2-768687340
S1-49249360	S3-4362928
S1-618685580	S2-402643606
S1-284697760	S2-586743834
S1-284697760	S2-120644496
S1-284697760	S2-740577743
S1-284697760	S3-915128020
S1-382839669	S3-792623767
S1-382839669	S3-429880971
S1-382839669	S3-572920562
S1-6864444	S2-788823215
S1-6864444	S3-906658677
S1-121762029	S3-960203334
S1-121762029	S2-87060834
S1-120942881	S2-549256434
S1-765367457	S3-591167933
S1-765367457	S3-191021311
S1-765367457	S2-657721072
S1-973389845	S2-96476618
S1-973389845	S3-3776832
S1-973389845	S2-24782951
S1-973389845	S3-466151130
S1-970796984	S3-405085912
S1-643368334	S2-140834697
S1-824311576	S2-266339167
S1-907236250	S3-523285904
S1-907236250	S3-534471550
S1-907236250	S3-118404228
S1-907236250	S3-812021024
S1-245028862	S3-175165743
S1-268169636	S3-618348676
S1-268169636	S2-192879460
S1-819630181	S3-496362629
S1-295888549	S3-682948352
S1-629142684	S3-644364887
S1-629738094	S2-888338079
S1-779035373	S2-659502609
S1-263811635	S2-256842262
S1-263811635	S3-332113620
S1-342812322	S3-802344506
S1-737879768	S3-688365313
S1-737879768	S2-165993608
S1-452442296	S2-643530883
S1-113344773	S2-322193181
S1-198234384	S2-902525014
S1-572077867	S2-215442536
S1-977137390	S2-591375014
S1-977137390	S2-928769242
S1-977137390	S3-671381059
S1-977137390	S3-580605202
S1-977137390	S2-564757214
S1-977137390	S3-930388782
S1-363018580	S2-351566290
S1-363018580	S2-248165551
S1-363018580	S3-94949870
S1-363018580	S3-347502180
S1-553815361	S3-243751640
S1-975911237	S3-182206378
S1-975911237	S3-438303234
S1-975911237	S2-59577690
S1-362569338	S2-779559439
S1-42027851	S3-566615831
S1-42027851	S3-886738742
S1-138732240	S2-15462815
S1-138732240	S3-914820449
S1-138732240	S3-492730847
S1-753657072	S3-174746309
S1-753657072	S3-54956496
S1-753657072	S3-699122201
S1-17887550	S2-698706007
S1-462557041	S3-168406264
S1-462557041	S3-752599141
S1-462557041	S3-990305676
S1-462557041	S3-254460223
S1-502056100	S3-881859383
S1-574020053	S2-164946148
S1-303000525	S3-102977811
S1-840528455	S2-95944885
S1-840528455	S2-325043523
S1-840528455	S3-955805117
S1-298689713	S3-6519842
S1-527350394	S3-891591034
S1-527350394	S3-279326685
S1-527350394	S2-606224625
S1-830833167	S3-985132426
S1-999928282	S3-309079215
S1-999928282	S2-186066097
S1-999928282	S2-51291469
S1-911493817	S3-964755263
S1-621549835	S2-838024369
S1-621549835	S3-206695776
S1-550024868	S2-569048471
S1-113950542	S3-861375851
S1-113950542	S2-967092180
S1-113950542	S2-42284542
S1-19094619	S3-143201935
S1-19094619	S3-91368488
S1-313745186	S2-998699360
S1-635561377	S2-494295950
S1-635561377	S3-447270827
S1-86220077	S3-942370320
S1-863125248	S2-578159023
S1-899237250	S3-589708837
S1-360767188	S3-326112927
S1-269224474	S3-276278619
S1-269224474	S3-134039768
S1-269224474	S3-78777283
S1-269224474	S3-699286746
S1-269224474	S2-428631706
S1-671133016	S2-324678786
S1-671133016	S2-473432893
S1-671133016	S2-363064727
S1-442958710	S2-430009765
S1-442958710	S3-16420849
S1-442958710	S3-637701805
S1-870495355	S2-822129306
S1-870495355	S2-700989975
S1-870495355	S2-649584985
S1-870495355	S3-553732625
S1-918768876	S2-723454010
S1-258224781	S3-177288481
S1-258224781	S2-965970805
S1-258224781	S2-772943587
S1-839969512	S3-176792604
S1-839969512	S2-687104223
S1-839969512	S2-565407878
S1-294607524	S2-887991205
S1-294607524	S2-915957513
S1-294607524	S3-425271767
S1-878516471	S2-490095560
S1-138961958	S3-149923863
S1-855948787	S3-930378813
S1-855948787	S2-409356845
S1-855948787	S2-135826636
S1-47822162	S2-614110152
S1-47822162	S3-331799527
S1-534881851	S3-546064493
S1-534881851	S2-198938682
S1-534881851	S2-637712215
S1-534881851	S2-496004245
S1-766858809	S3-107451514
S1-766858809	S3-928880278
S1-766858809	S2-921360226
S1-237122767	S3-747693763
S1-565872744	S2-457159488
S1-900266680	S3-248887084
S1-900266680	S2-101614076
S1-900266680	S3-245864273
S1-764030002	S3-168455924
S1-926201382	S2-792768234
S1-926201382	S2-700412650
S1-536989778	S3-315252079
S1-536989778	S2-395259727
S1-536989778	S2-843064963
S1-536989778	S3-377946675
S1-536989778	S2-639859278
S1-418046375	S2-262706510
S1-60266576	S3-315514451
S1-60266576	S3-679416359
S1-60266576	S2-335958258
S1-432709901	S3-581828244
S1-432709901	S2-48142504
S1-432709901	S2-912216619
S1-432709901	S3-908313333
S1-351586995	S3-525944408
S1-129630006	S3-24656023
S1-834229191	S2-32351521
S1-526691624	S2-430615158
S1-526691624	S2-991479203
S1-526691624	S3-100208110
S1-51986095	S3-443644543
S1-51986095	S2-357914401
S1-234676534	S2-609949819
S1-234676534	S2-486433780
S1-234676534	S3-718900996
S1-882655369	S3-516785900
S1-75656125	S2-998035654
S1-620600851	S3-134704181
S1-620600851	S2-797082614
S1-79181799	S2-180432623
S1-79181799	S2-432220686
S1-756676975	S3-337779666
S1-86990650	S3-262677174
S1-86990650	S2-813109905
S1-312999040	S2-384907932
S1-351919479	S2-423427355
S1-163356264	S3-910872112
S1-163356264	S2-116792470
S1-702111297	S2-482877908
S1-536492460	S3-907924819
S1-867089880	S3-801103443
S1-65688597	S3-682165594
S1-65688597	S3-222382751
S1-971211181	S3-907963179
S1-885101561	S2-880557953
S1-885101561	S2-560615943
S1-861925401	S2-724888059
S1-861925401	S3-919242353
S1-8802014	S3-64610847
S1-8802014	S3-129869908
S1-8802014	S3-390962337
S1-695872196	S2-3057599
S1-179894038	S2-628018045
S1-179894038	S2-3114636
S1-781773979	S3-888089060
S1-971354141	S3-741198798
S1-530687775	S3-761617511
S1-530687775	S3-86420473
S1-878295409	S3-848617527
S1-922278897	S2-650001018
S1-124426658	S2-88587630
S1-658389635	S2-919881622
S1-658389635	S3-963184401
S1-235409699	S3-337571944
S1-235409699	S2-57659869
S1-235409699	S2-48189362
S1-235409699	S3-167966841
S1-533716211	S2-114529509
S1-533716211	S2-292700608
S1-533716211	S3-678991110
S1-145785674	S3-556248119
S1-471795885	S3-949996112
S1-141821685	S2-237553687
S1-141821685	S2-241472046
S1-141821685	S3-197690550
S1-141821685	S3-750182379
S1-966568332	S3-636618923
S1-966568332	S2-430672851
S1-439505373	S2-306811053
S1-905440246	S2-590638775
S1-905440246	S2-350414132
S1-717482440	S2-354166237
S1-717482440	S2-24402412
S1-717482440	S2-371166108
S1-72150077	S3-191532538
S1-72150077	S3-772048077
S1-72150077	S3-290871275
S1-72150077	S2-307608203
S1-451558890	S2-558618361
S1-646274134	S2-402817986
S1-646274134	S3-170743858
S1-646274134	S3-874884260
S1-646274134	S3-337525694
S1-864412807	S3-912150450
S1-389376898	S3-125991019
S1-794433476	S3-229129232
S1-794433476	S2-604645348
S1-524567721	S2-264785358
S1-524567721	S2-252216877
S1-524567721	S3-585557898
S1-524567721	S3-372614184
S1-519333949	S2-347556497
S1-427535978	S3-544675442
S1-427535978	S3-425491926
S1-725817985	S2-472911029
S1-680088712	S3-36096402
S1-680088712	S2-815316742
S1-126572168	S2-889697506
S1-474730467	S2-251507634
S1-474730467	S3-416512649
S1-455307521	S3-666414548
S1-479271554	S2-987493767
S1-349241576	S3-190075593
S1-349241576	S2-213646535
S1-171752378	S2-730527861
S1-171752378	S3-764881576
S1-775540753	S2-689598183
S1-421131005	S2-378457898
S1-421131005	S3-850639166
S1-421131005	S2-256534155
S1-131810847	S2-128693637
S1-131810847	S3-205612919
S1-518036716	S3-34822601
S1-518036716	S2-150379779
S1-518036716	S2-848887171
S1-518036716	S2-106128845
S1-61918088	S2-30382203
S1-479770489	S2-95374513
S1-479770489	S3-768263600
S1-479770489	S3-660436648
S1-965681446	S2-746155758
S1-806678392	S2-516379418
S1-806678392	S3-331128929
S1-879672149	S3-305199068
S1-328721458	S2-340030159
S1-328721458	S2-12849191
S1-131523279	S2-485241821
S1-131523279	S2-707922700
S1-131523279	S2-844656125
S1-178712862	S3-113417523
S1-172642039	S3-647829026
S1-72453213	S2-352369927
S1-72453213	S2-713774278
S1-188825095	S2-409789489
S1-188825095	S3-76800206
S1-252911871	S2-196146570
S1-787877034	S3-419286758
S1-787877034	S2-580877011
S1-787877034	S3-559860351
S1-787877034	S3-111894880
S1-787877034	S3-888112783
S1-214946696	S3-891805153
S1-214946696	S2-433774126
S1-214946696	S2-840874844
S1-214898543	S2-368882139
S1-251372141	S3-791407768
S1-704257917	S2-99912061
S1-263395231	S2-550091284
S1-238620205	S3-82965778
S1-238620205	S3-112106974
S1-238620205	S2-866161409
S1-238620205	S2-11030500
S1-238620205	S3-230288580
S1-567931871	S3-332921456
S1-432387908	S3-86606457
S1-254812899	S3-197977994
S1-254812899	S3-639685170
S1-254812899	S2-796696530
S1-733846080	S3-181752433
S1-89592205	S2-545344984
S1-89592205	S2-740274587
S1-394000853	S3-82338648
S1-394000853	S2-998046991
S1-394000853	S3-530505176
S1-394000853	S3-422516213
S1-130567487	S2-750401572
S1-130567487	S3-632164667
S1-130567487	S2-527490731
S1-130567487	S2-989047474
S1-495803637	S2-435488866
S1-968544305	S2-527663830
S1-968544305	S2-868998394
S1-968544305	S3-510581119
S1-968544305	S3-921313335
S1-968544305	S2-783554826
S1-14509291	S3-893693272
S1-14509291	S2-28263855
S1-478823480	S2-249804052
S1-478823480	S3-978769684
S1-450820423	S3-784089766
S1-145706645	S3-533556562
S1-656953180	S2-675508760
S1-739334388	S3-981249471
S1-739334388	S2-213997018
S1-529166291	S3-356808861
S1-507946941	S3-647973653
S1-391969481	S2-332135308
S1-391969481	S2-554838522
S1-443180618	S3-221713707
S1-620316161	S2-830981874
S1-620316161	S2-185270699
S1-707842795	S2-292035403
S1-707842795	S3-402306751
S1-861398733	S3-281374007
S1-861398733	S2-919426144
S1-637681194	S2-357076119
S1-637681194	S3-302117443
S1-637681194	S3-375239187
S1-513177567	S3-623310869
S1-308931561	S3-957690328
S1-795396451	S3-212826060
S1-795396451	S3-400698878
S1-955813982	S3-391117238
S1-458045233	S3-668758720
S1-458045233	S3-588853095
S1-458045233	S2-626159227
S1-534709048	S2-838422054
S1-549594533	S2-865965269
S1-4020670	S3-378344573
S1-4020670	S2-667180648
S1-606982295	S3-978511235
S1-44312432	S3-413169074
S1-44312432	S2-117831078
S1-600891007	S3-626080319
S1-244948869	S3-142634657
S1-244948869	S3-617455166
S1-183893100	S3-873652067
S1-402164361	S2-704164055
S1-574222200	S2-566442573
S1-574222200	S2-344702796
S1-647804962	S3-336001820
S1-463320933	S2-527971923
S1-398045605	S2-169378406
S1-479763441	S2-781636721
S1-479763441	S3-40986766
S1-113777991	S2-617108464
S1-373878566	S3-887817305
S1-373878566	S2-282981523
S1-78898803	S2-76360963
S1-338189458	S2-253860550
S1-338189458	S3-246469532
S1-338189458	S2-867045700
S1-224300508	S3-252957743
S1-224300508	S3-89986817
S1-224300508	S2-438830785
S1-720186254	S2-295263778
S1-107876308	S2-719591726
S1-107876308	S3-654356384
S1-955728497	S2-641436844
S1-902315075	S2-695700453
S1-375852485	S2-602893086
S1-158641781	S3-301470843
S1-566657358	S3-708682967
S1-538477905	S3-274487791
S1-480111715	S3-252355765
S1-650490254	S2-22013992
S1-650490254	S3-849085846
S1-131108086	S3-309410343
S1-131108086	S3-320512950
S1-119789771	S2-323441847
S1-109727237	S3-644732622
S1-109727237	S3-305812433
S1-748355244	S2-446831680
S1-748355244	S3-118284013
S1-210624466	S2-132681096
S1-210624466	S2-220875621
S1-210624466	S3-521314413
S1-565476109	S3-678644357
S1-565476109	S2-813775828
S1-242838941	S2-371744440
S1-242838941	S3-336414121
S1-260029595	S3-636234809
S1-948466954	S2-287838094
S1-252064258	S3-159123277
S1-340418809	S2-353662696
S1-340418809	S2-795650141
S1-340418809	S2-208406364
S1-54966404	S2-389318712
S1-54966404	S3-377715555
S1-283555171	S2-14321360
S1-283555171	S2-910907939
S1-283555171	S3-906992391
S1-598547097	S3-773497167
S1-598547097	S2-150021122
S1-463458879	S2-171514024
S1-463458879	S2-769932253
S1-463458879	S3-737536437
S1-463458879	S3-644447890
S1-791544453	S3-823074662
S1-791544453	S2-512486786
S1-791544453	S3-712615232
S1-406522688	S3-649665461
S1-406522688	S3-896917019
S1-406522688	S2-385257277
S1-637734508	S2-846703914
S1-753913272	S2-379658195
S1-321488445	S2-123880727
S1-321488445	S3-293967241
S1-250467162	S2-331336432
S1-550201595	S3-932922431
S1-66813873	S2-961413241
S1-284547816	S3-265373722
S1-214683883	S2-913622782
S1-214683883	S2-6641355
S1-214683883	S2-305032275
S1-214683883	S3-280153996
S1-214683883	S3-895760795
S1-841364825	S3-770731138
S1-812778241	S2-402635865
S1-710149429	S2-737516941
S1-710149429	S3-658042905
S1-710149429	S3-66249994
S1-607521705	S2-598579699
S1-268834317	S3-543079398
S1-959864437	S3-829977803
S1-191674032	S2-971648448
S1-31710417	S3-635633367
S1-31710417	S2-176092112
S1-31710417	S3-659077590
S1-736344894	S3-439913956
S1-736344894	S3-824515812
S1-736344894	S3-942248261
S1-380099852	S2-773754970
S1-100474024	S2-87023409
S1-100474024	S2-199429734
S1-100474024	S3-438132284
S1-310165112	S3-435018869
S1-310165112	S3-814143911
S1-310165112	S2-446838059
S1-310165112	S3-513012261
S1-366567209	S2-146329170
S1-666537534	S3-216303949
S1-919491305	S3-715145243
S1-919491305	S3-920478163
S1-167969697	S3-951940700
S1-323878078	S2-849699745
S1-323878078	S2-24097947
S1-323878078	S2-684822987
S1-214153310	S3-880549234
S1-477698708	S3-380690411
S1-225580384	S2-714274277
S1-225580384	S3-292979075
S1-774601512	S2-286806176
S1-819943663	S3-490283663
S1-819943663	S2-820390526
S1-819943663	S2-738933104
S1-631863753	S2-125710826
S1-631863753	S2-24020711
S1-631863753	S3-931611293
S1-318152638	S3-134756
S1-809143654	S3-139394571
S1-618983305	S3-715060114
S1-618983305	S3-192265579
S1-310350695	S3-958828864
S1-434473770	S2-158144898
S1-434473770	S3-647459896
S1-659781100	S2-104695125
S1-659781100	S2-256290383
S1-659781100	S3-571576787
S1-365525279	S2-406397533
S1-365525279	S3-737407018
S1-995298786	S2-198811667
S1-681100809	S3-7434546
S1-576261125	S2-423892671
S1-480980268	S3-782950879
S1-480980268	S3-655069973
S1-63302156	S3-721372136
S1-151393031	S2-733860127
S1-133908483	S2-162930154
S1-805725852	S2-337192461
S1-275235507	S2-303615036
S1-235529718	S2-521171544
S1-235529718	S2-105956706
S1-866147023	S3-689464751
S1-866147023	S2-66351749
S1-962104839	S3-191706829
S1-962104839	S3-126351123
S1-101254366	S3-208705334
S1-101254366	S3-580342158
S1-101254366	S2-417922169
S1-101254366	S3-942612465
S1-101254366	S2-953717425
S1-101254366	S3-961304449
S1-786610513	S3-824555499
S1-293459110	S3-545553406
S1-707370116	S2-656729775
S1-954506449	S3-138398410
S1-366904620	S2-305070393
S1-366904620	S3-195713325
S1-366904620	S3-338565525
S1-366904620	S2-447253184
S1-16149767	S2-881897990
S1-158181872	S2-697662931
S1-158181872	S2-476956103
S1-158181872	S2-38871511
S1-56545867	S2-585824856
S1-56545867	S2-476624981
S1-56545867	S2-134215420
S1-56545867	S3-668123563
S1-123638666	S3-245352416
S1-123638666	S3-285343281
S1-497897487	S3-203908272
S1-497897487	S2-637063887
S1-497897487	S3-886955074
S1-772501304	S2-759392139
S1-813191679	S3-313620211
S1-573895206	S2-208894970
S1-657003548	S2-63969515
S1-657003548	S2-250224140
S1-657003548	S3-950397799
S1-713007771	S2-310211612
S1-922136815	S2-186044453
S1-746628765	S2-891233622
S1-746628765	S2-820707769
S1-882404432	S3-550989071
S1-882404432	S3-285803953
S1-558503832	S2-20743334
S1-759399103	S3-76713762
S1-759399103	S3-888079565
S1-759399103	S3-437544
S1-194509639	S3-360071448
S1-650535433	S3-893781531
S1-299637475	S2-446845423
S1-77471916	S3-989974520
S1-77471916	S3-537567602
S1-77471916	S3-582493177
S1-991066407	S2-780918344
S1-251958963	S2-482967099
S1-251958963	S3-932702233
S1-648870772	S3-747362341
S1-648870772	S2-952256287
S1-951772982	S3-669298652
S1-424192073	S2-145123030
S1-424192073	S3-571676575
S1-414549090	S3-299911002
S1-742645898	S2-671550434
S1-742645898	S3-47788423
S1-901843816	S3-699471565
S1-901843816	S3-97040610
S1-308694931	S3-585426976
S1-308694931	S2-796353777
S1-878395021	S2-903079729
S1-878395021	S3-155591701
S1-287580439	S3-541417668
S1-462599141	S2-579157691
S1-462599141	S2-34403779
S1-859822373	S3-821367072
S1-720115309	S3-53182990
S1-720115309	S2-104825895
S1-720115309	S2-759709759
S1-668424794	S3-873244399
S1-240688261	S2-637615702
S1-898647427	S3-467630929
S1-898647427	S2-601938993
S1-898647427	S2-804388057
S1-898647427	S3-744784335
S1-290441787	S3-551412822
S1-290441787	S3-91138727
S1-290441787	S2-875706625
S1-888072640	S2-229294803
S1-500867622	S3-725026555
S1-500867622	S2-554626474
S1-500867622	S2-596344138
S1-330721679	S2-219275962
S1-208080991	S2-660657300
S1-438830056	S2-583215000
S1-984312656	S2-35175315
S1-933854192	S2-190392381
S1-933854192	S3-425454509
S1-130753158	S2-729929328
S1-130753158	S2-910812118
S1-697807994	S3-675187886
S1-697807994	S3-54273969
S1-697807994	S2-970370320
S1-32014215	S3-96735594
S1-32014215	S2-204941111
S1-32014215	S3-928251007
S1-214622103	S3-61100196
S1-214622103	S3-580931442
S1-351993542	S2-622776519
S1-351993542	S2-550990536
S1-352211276	S3-457962092
S1-586250926	S3-114578933
S1-210825137	S3-601530829
S1-210825137	S3-668281153
S1-2973021	S2-789127904
S1-2973021	S2-114429061
S1-2973021	S2-688296247
S1-867696197	S2-839409422
S1-867696197	S2-53846777
S1-594791977	S3-229638398
S1-321825526	S3-874532342
S1-321825526	S2-832167329
S1-142996404	S3-982962209
S1-26541584	S2-229344307
S1-811302601	S3-249956338
S1-811302601	S3-858348897
S1-390671904	S2-715474365
S1-390671904	S2-238385148
S1-390671904	S3-204875564
S1-792732763	S2-166780121
S1-792732763	S3-789067791
S1-808718190	S3-675512006
S1-373605419	S3-532159369
S1-650588303	S3-152250669
S1-283164329	S3-929728414
S1-283164329	S2-64557139
S1-283164329	S3-329415313
S1-283164329	S2-145180513
S1-693925391	S3-91870566
S1-693925391	S2-437467692
S1-34411344	S3-795632531
S1-576560749	S3-39012060
S1-576560749	S3-212837447
S1-57489913	S2-20763935
S1-980980887	S2-961174948
S1-980980887	S3-552154995
S1-510752526	S2-306822668
S1-510752526	S3-953979835
S1-510752526	S3-939419087
S1-753604639	S2-7616142
S1-753604639	S2-798353487
S1-753604639	S3-595954533
S1-753604639	S2-549585807
S1-753604639	S2-712380430
S1-335190988	S2-689450716
S1-790195330	S3-946679647
S1-790195330	S3-92448676
S1-38411328	S2-834657880
S1-375320704	S2-175310175
S1-676752574	S2-326255069
S1-676752574	S2-842521170
S1-676752574	S3-727521468
S1-676752574	S3-121076032
S1-505978334	S2-958279289
S1-820190667	S2-529652032
S1-820190667	S3-911854405
S1-539048583	S2-927688368
S1-539048583	S2-402272515
S1-750954114	S2-257255035
S1-750954114	S2-973806165
S1-750954114	S2-82499564
S1-817547253	S3-91259819
S1-817547253	S2-44940219
S1-486992225	S2-930040157
S1-486992225	S3-87747021
S1-486992225	S3-376303257
S1-530910815	S2-111925642
S1-530910815	S3-735919169
S1-561381334	S2-860067403
S1-608578979	S2-625014148
S1-608578979	S2-176728164
S1-600976242	S3-587528395
S1-600976242	S2-908628431
S1-936053965	S2-960160563
S1-936053965	S3-595099531
S1-174824509	S3-602244401
S1-71833448	S2-326075333
S1-601878342	S3-519795548
S1-862136793	S3-787008983
S1-787784610	S3-646796759
S1-787784610	S2-705754210
S1-841036882	S2-38504609
S1-841036882	S3-305255810
S1-986466814	S3-522923675
S1-541015817	S2-809024023
S1-541015817	S3-487294223
S1-541015817	S2-251933206
S1-541015817	S3-533685303
S1-679940388	S3-439793833
S1-714218830	S3-936533681
S1-714218830	S2-815051830
S1-714218830	S3-771082061
S1-765791748	S2-145145716
S1-574805111	S3-504651500
S1-995166984	S3-821258625
S1-784878562	S3-308140834
S1-240222413	S3-311651990
S1-760229799	S3-948635867
S1-760229799	S2-314562409
S1-957055978	S3-95060311
S1-957055978	S2-25190124
S1-957055978	S2-986065674
S1-957055978	S3-990600334
S1-975654685	S3-58271581
S1-975654685	S3-471621945
S1-852258732	S3-236041931
S1-852258732	S2-721637773
S1-852258732	S3-663871103
S1-852258732	S3-706041725
S1-613756941	S2-547270283
S1-150563893	S2-963906969
S1-465734081	S2-893336476
S1-465734081	S2-800137163
S1-465734081	S3-522902218
S1-465734081	S2-906384969
S1-479183453	S3-634609610
S1-899536579	S2-697286403
S1-899536579	S2-755363837
S1-899536579	S3-476205876
S1-899536579	S3-232442814
S1-678154895	S3-361343486
S1-678154895	S3-354855227
S1-678154895	S2-532259553
S1-106599319	S2-991451106
S1-39393702	S2-732791139
S1-470837640	S3-230922232
S1-220973484	S3-590939036
S1-220973484	S2-753560159
S1-220973484	S2-400290045
S1-804944504	S3-385756953
S1-123233033	S2-550086729
S1-557513872	S3-332724359
S1-26342988	S3-631214055
S1-26342988	S3-655060474
S1-26342988	S2-882173244
S1-92905098	S2-722939410
S1-92905098	S3-770634716
S1-92905098	S2-320094871
S1-859910531	S3-673597579
S1-859910531	S3-835396689
S1-859910531	S2-343107521
S1-859910531	S3-480754061
S1-945242269	S2-443353473
S1-739428962	S2-494261989
S1-739428962	S2-527060574
S1-739428962	S3-16852288
S1-567129487	S2-913090334
S1-567129487	S2-333800083
S1-513614695	S2-772290482
S1-513614695	S3-290921597
S1-513614695	S3-886006343
S1-513614695	S2-431448775
S1-772866704	S3-166394150
S1-772866704	S3-773078514
S1-23366143	S2-934312963
S1-348108163	S3-100905774
S1-40969065	S3-476531226
S1-783572390	S3-290677644
S1-107472133	S3-282686272
S1-107472133	S2-50204173
S1-96690419	S2-540581031
S1-876505577	S2-727185113
S1-222704400	S3-514180981
S1-882665034	S3-111872490
S1-882665034	S2-891063441
S1-473253965	S2-714460399
S1-556410321	S3-181100012
S1-556410321	S2-745201166
S1-810836092	S3-521507572
S1-810836092	S3-388162484
S1-328241033	S3-109116584
S1-125599597	S2-112546203
S1-125599597	S3-907372956
S1-125599597	S3-852684633
S1-125599597	S2-655887130
S1-448412488	S2-475827436
S1-448412488	S3-671985294
S1-237249549	S2-520677637
S1-237249549	S2-409438752
S1-180134959	S2-863357412
S1-180134959	S2-231522937
S1-731617546	S3-579346865
S1-594450900	S2-780672692
S1-594450900	S2-939027863
S1-670236319	S3-15270520
S1-670236319	S3-134417466
S1-541392941	S3-303200770
S1-350078932	S3-604501770
S1-974507960	S3-408919271
S1-828522169	S3-837403787
S1-345254458	S3-561202866
S1-345254458	S3-522648044
S1-345254458	S2-721931483
S1-654469565	S3-871912280
S1-654469565	S3-879107629
S1-122681894	S3-412045465
S1-122681894	S3-650086182
S1-519580053	S2-232412980
S1-866212105	S2-81578220
S1-86404648	S2-164492979
S1-976610010	S2-292362483
S1-353083350	S2-573651324
S1-857257219	S3-144284043
S1-857257219	S2-692113564
S1-166031307	S3-712306292
S1-171785813	S3-507446105
S1-171785813	S2-208944624
S1-16430624	S3-626343967
S1-16430624	S2-917501309
S1-16430624	S2-617634025
S1-16430624	S2-470546381
S1-16430624	S3-263282757
S1-794748788	S2-176436747
S1-697878518	S2-834762487
S1-697878518	S3-409394131
S1-729316519	S3-622944500
S1-905599704	S2-717651839
S1-905599704	S2-907308210
S1-952427695	S3-515180765
S1-952427695	S2-884897523
S1-952427695	S3-875068175
S1-952427695	S3-984940998
S1-120221405	S2-943741382
S1-867228247	S2-481046280
S1-867228247	S2-449566332
S1-900220389	S2-924081888
S1-900220389	S2-679371629
S1-145626807	S3-687029467
S1-229069290	S3-60698093
S1-35192899	S2-79347845
S1-117928242	S2-303924137
S1-117928242	S3-106401373
S1-84334387	S3-335335928
S1-84334387	S2-147522875
S1-84334387	S2-520360613
S1-234153417	S3-359171667
S1-234153417	S2-977357819
S1-234153417	S2-441939463
S1-234153417	S2-274391226
S1-234153417	S3-870132872
S1-234153417	S2-812360907
S1-36659877	S2-810993207
S1-766769413	S2-29275574
S1-255312377	S3-606236239
S1-125086575	S3-950645148
S1-659887759	S2-763666783
S1-392466150	S3-130795405
S1-392466150	S3-380886107
S1-392466150	S2-37319293
S1-392466150	S2-920690124
S1-126905740	S2-140198050
S1-126905740	S2-731854318
S1-684486769	S3-638250401
S1-626933724	S3-79876708
S1-668563080	S3-678627370
S1-3902436	S3-661736888
S1-3902436	S2-29349610
S1-3902436	S2-543630176
S1-3902436	S2-5951439
S1-43034019	S3-927499083
S1-360588070	S3-139604484
S1-360588070	S3-348200669
S1-360588070	S3-191106298
S1-360588070	S2-623255774
S1-764896519	S2-379486608
S1-764896519	S3-950087772
S1-764896519	S2-979976492
S1-554944945	S3-380667252
S1-56221101	S2-62444938
S1-100416613	S3-374055212
S1-271935028	S2-121428482
S1-862773389	S2-429187182
S1-563979385	S3-591631308
S1-536479473	S3-100690072
S1-747082547	S3-858256304
S1-747082547	S3-523380446
S1-79776253	S2-320541835
S1-211698198	S3-870507681
S1-893409700	S3-764591963
S1-77718602	S3-97606651
S1-77718602	S2-28740218
S1-77718602	S3-374488891
S1-368140343	S2-564794566
S1-670055279	S2-500853898
S1-609432115	S3-510827122
S1-609432115	S2-984360025
S1-609432115	S3-138328807
S1-256538308	S3-990668795
S1-256538308	S2-75304196
S1-376553261	S2-938778081
S1-280791870	S2-415017751
S1-280791870	S2-303164919
S1-280791870	S2-451903807
S1-280791870	S2-585134820
S1-302077657	S2-811263697
S1-302077657	S3-664427241
S1-314556631	S3-138873396
S1-984163035	S2-309878897
S1-380826143	S3-842813435
S1-426538504	S2-82708123
S1-822039788	S2-986311394
S1-822039788	S2-882156453
S1-609758235	S3-479735972
S1-157737038	S2-346732011
S1-876930907	S3-996422795
S1-876930907	S2-463592319
S1-290693478	S3-444762722
S1-457829865	S2-946704296
S1-475884808	S3-425092139
S1-422212337	S3-379912079
S1-382248934	S3-369024957
S1-382248934	S2-536669459
S1-382248934	S3-950527695
S1-684063187	S3-91585016
S1-694262688	S2-854701072
S1-694262688	S3-800626717
S1-730034919	S2-706070731
S1-730034919	S3-348513900
S1-730034919	S3-31273170
S1-730034919	S3-114651494
S1-730034919	S2-575810891
S1-782888357	S2-852797132
S1-782888357	S2-395551255
S1-239149288	S3-926482327
S1-606337600	S2-13158351
S1-606337600	S2-220759140
S1-640836547	S2-947936389
S1-164677240	S3-907806960
S1-164677240	S3-455556766
S1-24659637	S3-191224401
S1-841515706	S2-671903808
S1-37677881	S2-124635759
S1-31112603	S3-617417814
S1-947583378	S3-410998734
S1-716241825	S3-214386172
S1-15096534	S2-579353590
S1-404888847	S3-87636739
S1-778173804	S3-583751060
S1-703084304	S2-780141505
S1-703084304	S3-719022117
S1-870183890	S3-550761679
S1-870183890	S3-16805842
S1-287747602	S2-361860150
S1-2697968	S3-428104547
S1-2697968	S2-871437145
S1-682109016	S3-425782118
S1-362241117	S3-203117920
S1-816735949	S2-853038227
S1-816735949	S2-343794535
S1-816735949	S3-958504890
S1-927516829	S3-740067436
S1-927516829	S3-994663289
S1-786844829	S3-484429375
S1-786844829	S3-241854819
S1-786844829	S2-222195286
S1-786844829	S3-581116645
S1-196813758	S3-967156231
S1-479702888	S3-613538908
S1-479702888	S2-428211280
S1-446922788	S2-649254844
S1-267700565	S2-779999292
S1-267700565	S3-441267167
S1-507090098	S2-765009880
S1-316993243	S3-29562417
S1-611603116	S3-58647594
S1-593964647	S3-736203835
S1-791512528	S3-523232052
S1-791512528	S2-251266815
S1-85212640	S3-893628041
S1-986710338	S3-621889702
S1-986710338	S2-689417102
S1-856196969	S3-243830818
S1-891330177	S3-922158868
S1-807726713	S3-600498836
S1-641134610	S3-905873119
S1-912109311	S3-83130835
S1-912109311	S3-578660062
S1-912109311	S2-845981106
S1-912109311	S3-579513555
S1-72187561	S3-716125369
S1-72187561	S2-415278096
S1-347707050	S3-884711563
S1-528691465	S2-338164327
S1-283126933	S3-593228509
S1-161365804	S3-565634020
S1-161365804	S3-344971324
S1-513936328	S2-762213406
S1-513936328	S3-479317023
S1-513936328	S3-800429462
S1-493759170	S3-171847648
S1-808753928	S2-808175738
S1-382752242	S2-758458429
S1-222399337	S3-150180319
S1-222399337	S3-913509694
S1-643058009	S3-558068299
S1-643058009	S3-965454611
S1-643058009	S2-724199160
S1-643058009	S3-219931785
S1-177771156	S3-293309120
S1-177771156	S2-450518103
S1-216196838	S3-62735058
S1-216196838	S3-34957179
S1-125799705	S2-380353064
S1-370180972	S3-142920052
S1-370180972	S2-723606178
S1-370180972	S2-509857670
S1-890370277	S2-415613973
S1-196091401	S2-554925395
S1-436135120	S2-723380553
S1-881821038	S2-293811289
S1-881821038	S2-682000529
S1-69875592	S2-710633966
S1-639851290	S3-416535274
S1-639851290	S2-163043346
S1-924032328	S2-373708932
S1-924032328	S2-857107320
S1-924032328	S3-279980840
S1-924032328	S2-459256035
S1-82803226	S2-232961331
S1-260559375	S2-733122738
S1-580818210	S2-994172510
S1-580818210	S2-133318458
S1-580818210	S2-375177097
S1-497257576	S3-354131130
S1-67698378	S2-41007183
S1-67698378	S3-675608007
S1-67698378	S2-671964352
S1-7624818	S2-958240513
S1-7624818	S3-305021550
S1-7624818	S2-974470000
S1-7624818	S2-818351155
S1-758365312	S3-622881542
S1-758365312	S2-979831261
S1-81674899	S2-941334599
S1-81674899	S2-861370280
S1-779398284	S2-16289709
S1-282547901	S2-255716049
S1-658686514	S2-773880433
S1-881770037	S2-976978257
S1-852555542	S3-309859067
S1-76637527	S3-207250185
S1-76637527	S2-539566236
S1-76637527	S3-183025392
S1-76637527	S3-106540365
S1-680797346	S3-505187686
S1-528661653	S3-975078518
S1-900802246	S3-366659990
S1-876099202	S2-841410928
S1-876099202	S3-56743044
S1-876099202	S2-80087703
S1-876099202	S2-582183192
S1-565725972	S2-50963834
S1-565725972	S2-7553593
S1-944688776	S2-910042096
S1-944688776	S3-838014821
S1-944688776	S2-896336275
S1-37045193	S2-78051010
S1-14145234	S3-891629616
S1-458608894	S3-801440532
S1-458608894	S2-961986088
S1-458608894	S3-410423638
S1-80506749	S3-526187959
S1-80506749	S2-626919731
S1-80506749	S3-548319595
S1-594652824	S2-289352206
S1-594652824	S2-171838040
S1-594652824	S3-496629912
S1-535097881	S2-623909378
S1-535097881	S3-608872726
S1-158393563	S3-681568773
S1-177709193	S3-960339067
S1-177709193	S3-83756348
S1-842272400	S2-431760740
S1-842272400	S3-546496557
S1-867215508	S2-647193131
S1-867215508	S2-237035324
S1-52911732	S3-723464756
S1-497774832	S3-700164146
S1-497774832	S3-343114743
S1-497774832	S3-801168815
S1-497774832	S2-442841605
S1-737708607	S3-433971766
S1-740148854	S2-872541111
S1-740148854	S3-843161500
S1-740148854	S2-959349561
S1-341843695	S2-618492867
S1-422326925	S2-113585596
S1-261726023	S2-292890086
S1-261726023	S3-19922854
S1-714680161	S2-471040803
S1-284958274	S3-408793570
S1-273233833	S2-510876864
S1-273233833	S3-793321318
S1-273233833	S2-454077168
S1-81642919	S2-832154996
S1-81642919	S3-633957591
S1-220903790	S2-872961452
S1-668811689	S2-420774587
S1-853607552	S2-69588503
S1-482152306	S2-284639843
S1-482152306	S3-407918589
S1-817881338	S2-882832743
S1-635506670	S2-182859150
S1-180627865	S3-783906836
S1-710988982	S3-230337847
S1-866922445	S3-308236229
S1-13894566	S2-766575848
S1-546885621	S3-17726103
S1-827712502	S3-980508767
S1-800840139	S3-159442222
S1-950443309	S3-322846304
S1-950443309	S2-440808986
S1-950443309	S2-170564346
S1-352073404	S3-741966754
S1-988978566	S2-859923895
S1-983500638	S3-773322213
S1-378647023	S2-436522346
S1-378647023	S3-494239154
S1-378647023	S2-123412753
S1-378647023	S3-437766710
S1-916428671	S3-997442655
S1-791719808	S2-680715551
S1-962333083	S2-749812511
S1-816455407	S2-606129834
S1-501595389	S3-11063579
S1-501595389	S3-669477391
S1-860358561	S3-139281090
S1-258451563	S3-614771153
S1-258451563	S3-60768350
S1-258451563	S3-728286543
S1-258451563	S2-858475450
S1-462530511	S2-504168606
S1-462530511	S3-820212508
S1-462530511	S3-580101233
S1-133883156	S2-997831377
S1-133883156	S3-655204501
S1-166250007	S3-358917129
S1-721481887	S3-940783264
S1-808055369	S3-427618528
S1-808055369	S2-934337357
S1-808055369	S3-502681585
S1-319822938	S3-390057290
S1-236940684	S2-365915683
S1-707907593	S2-134804302
S1-951996840	S2-846276041
S1-171943187	S2-237824853
S1-897693911	S3-81180853
S1-897693911	S3-274780220
S1-461398557	S3-892518440
S1-461398557	S3-40140998
S1-82105416	S3-446715679
S1-760899123	S2-774780842
S1-12541752	S2-662879752
S1-203982372	S2-430001873
S1-596545975	S2-475729472
S1-889902708	S2-449887706
S1-889902708	S2-663899611
S1-758175473	S2-706445470
S1-758175473	S3-295070629
S1-262768143	S2-429309513
S1-480251427	S3-839228730
S1-844438395	S3-837892676
S1-844438395	S3-253290459
S1-844438395	S3-438931583
S1-781232832	S2-762585007
S1-628007168	S2-300924712
S1-336234901	S2-634036902
S1-336234901	S3-553538643
S1-61280316	S3-33670441
S1-398249288	S3-889873496
S1-497482968	S2-39283178
S1-971863066	S2-84146432
S1-532048729	S2-723210139
S1-532048729	S2-910093882
S1-187398463	S3-979314155
S1-187398463	S3-468240867
S1-187398463	S3-420435987
S1-811085765	S3-262350687
S1-891885214	S2-526445925
S1-891885214	S3-769709770
S1-891885214	S2-335409031
S1-923235923	S3-216679669
S1-852072519	S3-338599681
S1-739671275	S3-985788833
S1-813910885	S2-631592137
S1-781513798	S3-317669968
S1-225743940	S3-793084015
S1-666204431	S2-286192804
S1-552608356	S2-510694284
S1-552608356	S3-176061411
S1-552608356	S3-610510774
S1-995239695	S2-144777507
S1-781519624	S3-395621992
S1-781519624	S3-435482900
S1-781519624	S3-589339948
S1-314381637	S3-974687679
S1-314381637	S2-588647815
S1-898433015	S2-899254196
S1-898433015	S3-571588997
S1-898433015	S3-951131693
S1-202196861	S2-980200408
S1-202196861	S2-542301424
S1-204003108	S2-190911112
S1-204003108	S3-201857174
S1-215319997	S3-537972628
S1-215319997	S3-483659848
S1-397134564	S3-468756062
S1-290989026	S3-23697360
S1-290989026	S3-190904038
S1-652568603	S3-848686021
S1-413146450	S3-891421899
S1-413146450	S2-377517525
S1-413146450	S3-585084814
S1-413146450	S3-387362633
S1-413146450	S2-745201978
S1-413146450	S3-806804189
S1-387007929	S3-551049596
S1-387007929	S3-962462899
S1-387007929	S2-928109628
S1-305306621	S3-686396308
S1-207997704	S2-975535076
S1-446596891	S2-145708742
S1-777317125	S2-225891266
S1-888915945	S2-108873697
S1-357621247	S3-197597056
S1-809878709	S3-72131472
S1-886092086	S2-139059239
S1-602030983	S3-151468220
S1-71968804	S2-320762843
S1-71968804	S2-587887960
S1-71968804	S3-404697660
S1-71968804	S2-1258399
S1-71968804	S3-851314839
S1-268524303	S3-217834717
S1-777982098	S3-715424884
S1-777982098	S2-525966862
S1-220052584	S3-57290119
S1-454484084	S3-300354820
S1-454484084	S3-239343940
S1-454484084	S3-451314995
S1-454484084	S2-779036751
S1-297546584	S3-902089778
S1-297546584	S2-43119013
S1-11551111	S2-898135609
S1-11551111	S3-214293993
S1-531273596	S3-971925032
S1-653064162	S3-30096709
S1-834035887	S2-190660545
S1-834035887	S2-698451281
S1-834035887	S3-778132149
S1-834035887	S3-230976157
S1-431753052	S2-820735755
S1-547115612	S2-390172032
S1-487533733	S3-540686307
S1-487533733	S3-621794896
S1-938578902	S3-812410180
S1-938578902	S3-194244447
S1-170320378	S2-732475597
S1-409191993	S3-350271744
S1-355569070	S3-888877301
S1-355569070	S3-361926706
S1-355569070	S3-300546253
S1-355569070	S3-553338525
S1-355569070	S2-327737691
S1-775338669	S3-815130635
S1-916354086	S3-409631732
S1-221053708	S3-888684007
S1-222880712	S3-915569126
S1-222880712	S2-195625244
S1-222880712	S3-173200687
S1-156668389	S2-384869306
S1-222361402	S3-309323041
S1-219503798	S2-299498149
S1-219503798	S3-757138342
S1-219503798	S2-704211489
S1-219503798	S3-232601981
S1-50026744	S3-796170194
S1-50026744	S2-780767465
S1-50026744	S3-466351356
S1-631325122	S2-447092533
S1-509555960	S3-17152375
S1-509555960	S3-753900331
S1-509555960	S2-1693725
S1-831656676	S3-959886472
S1-941787272	S2-71970148
S1-941787272	S2-180788849
S1-941787272	S2-178269963
S1-892060060	S3-352553526
S1-522605926	S2-513555575
S1-132389346	S2-745233298
S1-266468261	S3-452932995
S1-997823983	S2-497953657
S1-997823983	S3-849925623
S1-341548807	S3-966997461
S1-341548807	S2-926392301
S1-341548807	S2-950300246
S1-79588129	S3-121789282
S1-79588129	S2-32705596
S1-649652639	S3-56146213
S1-649652639	S2-374280045
S1-573687926	S3-870394399
S1-573687926	S3-350691893
S1-803169361	S2-964539027
S1-583926149	S3-359578207
S1-583926149	S2-935931601
S1-960321068	S2-149464637
S1-104206770	S3-26743586
S1-104206770	S2-765376459
S1-5296867	S3-449133092
S1-668414710	S2-707842796
S1-668414710	S2-99464890
S1-668414710	S3-294524880
S1-668414710	S3-201252858
S1-652472611	S2-359816089
S1-652472611	S2-664123117
S1-573634450	S3-825487736
S1-573634450	S2-73924428
S1-843617479	S2-252772739
S1-592833508	S3-889698049
S1-912361100	S3-776498108
S1-676915171	S3-222702431
S1-212595488	S3-579538909
S1-155898617	S2-556791025
S1-155898617	S2-517425172
S1-155898617	S3-972537382
S1-902499002	S3-694309142
S1-902499002	S2-270410588
S1-840965837	S2-567335648
S1-93359993	S3-726676931
S1-93359993	S3-117257557
S1-93359993	S2-250075078
S1-93359993	S2-259345793
S1-935723684	S2-40438442
S1-935723684	S3-362356070
S1-935723684	S3-657099950
S1-466437706	S2-71375287
S1-466437706	S2-472235705
S1-466437706	S3-954762926
S1-466437706	S3-831004145
S1-466437706	S2-26203661
S1-962905562	S2-56274368
S1-154379675	S2-874154969
S1-909118787	S3-835361151
S1-909118787	S3-330092325
S1-441548101	S2-498563310
S1-441548101	S3-815940888
S1-441548101	S2-516176432
S1-724727719	S3-629186092
S1-724727719	S2-790935717
S1-724727719	S2-225068122
S1-811056416	S2-710754315
S1-811056416	S3-665936283
S1-811056416	S3-460725370
S1-811056416	S2-570824078
S1-811056416	S3-246158301
S1-888394568	S3-150198927
S1-888394568	S2-647878502
S1-888394568	S2-302261317
S1-888394568	S3-694724590
S1-888394568	S2-623318930
S1-888394568	S2-449232320
S1-888394568	S2-393610005
S1-421650524	S3-365150466
S1-507821979	S3-205433841
S1-836038581	S3-369492092
S1-785039554	S3-171224760
S1-838264483	S2-391784860
S1-838264483	S3-108365027
S1-565524984	S3-148357816
S1-565524984	S2-741863541
S1-565524984	S2-817708114
S1-931145769	S3-1852806
S1-931145769	S2-209032655
S1-35551816	S3-270971799
S1-35551816	S2-7549237
S1-403922594	S3-957837839
S1-874075982	S3-549446909
S1-275689766	S3-299293648
S1-275689766	S2-191271048
S1-275689766	S2-792807483
S1-302832757	S3-750306726
S1-556358224	S3-54548683
S1-556358224	S2-973208387
S1-370399027	S2-918664124
S1-370399027	S2-102013555
S1-370399027	S3-954082255
S1-370399027	S3-577509824
S1-190376454	S3-857741088
S1-628638908	S3-194392400
S1-628638908	S3-277056362
S1-377741928	S3-136640753
S1-267936502	S2-919295093
S1-944910953	S2-752773459
S1-85496738	S2-307242210
S1-85496738	S2-516714939
S1-758927024	S3-113636023
S1-143537610	S2-195480295
S1-143537610	S2-107475947
S1-967505109	S3-107523062
S1-967505109	S3-533142677
S1-967505109	S2-329597087
S1-967505109	S2-378370183
S1-967505109	S2-903107771
S1-626974426	S2-892050777
S1-229787487	S2-295694398
S1-229787487	S2-369984646
S1-229787487	S3-828517008
S1-229787487	S3-404271826
S1-229787487	S2-596986855
S1-117662279	S3-361453741
S1-186930439	S2-283606612
S1-186930439	S3-430297693
S1-186930439	S2-149338422
S1-186930439	S3-177253786
S1-186930439	S3-408236738
S1-207307689	S3-696942885
S1-207307689	S3-524851091
S1-968116616	S3-330770448
S1-968116616	S3-726896735
S1-280904150	S2-526808211
S1-198728713	S3-475005718
S1-198728713	S2-411167342
S1-198728713	S2-345500834
S1-576854427	S3-794730529
S1-576854427	S2-617330352
S1-576854427	S3-852523373
S1-576854427	S2-798067650
S1-392620080	S3-442543101
S1-373797463	S2-312722498
S1-373797463	S2-812321673
S1-373797463	S2-950466776
S1-687963334	S3-233502443
S1-435373675	S2-852746876
S1-435373675	S2-981666731
S1-628907660	S3-896003671
S1-418198835	S3-942158510
S1-170816203	S2-484180485
S1-170816203	S3-453814053
S1-170816203	S3-87962469
S1-555848826	S3-250576258
S1-286998541	S3-352400124
S1-186651302	S3-767502870
S1-495450193	S3-586204088
S1-78868424	S3-580594317
S1-78868424	S3-475024299
S1-78868424	S3-540982066
S1-78868424	S2-658404637
S1-78868424	S3-436411496
S1-472732218	S2-994878853
S1-472732218	S2-301987973
S1-86750111	S2-630836180
S1-86750111	S2-912200593
S1-86750111	S3-6711969
S1-744113315	S2-684663670
S1-744113315	S2-460982275
S1-368662054	S2-213238581
S1-714163765	S3-111369345
S1-828525214	S3-935986887
S1-126890738	S3-336102220
S1-126890738	S3-414105092
S1-576674428	S3-72818676
S1-576674428	S2-18274303
S1-351554107	S2-813055376
S1-449153863	S3-993351863
S1-416049521	S3-635405882
S1-416049521	S2-675055060
S1-416049521	S2-795542438
S1-580532705	S3-859410195
S1-117673932	S2-911975971
S1-117673932	S2-103310180
S1-117673932	S3-234159154
S1-117673932	S3-688403729
S1-770270810	S3-980566749
S1-660438767	S3-631990046
S1-660438767	S2-440051038
S1-894694706	S2-886384665
S1-894694706	S3-91797022
S1-738474522	S2-304325894
S1-738474522	S3-550075653
S1-738474522	S3-84669657
S1-738474522	S3-896204275
S1-738474522	S3-719661047
S1-179722005	S2-797542257
S1-179722005	S2-634439356
S1-176639047	S3-635366171
S1-176639047	S2-408297375
S1-913995043	S3-406343652
S1-913995043	S3-491508553
S1-913995043	S2-729818969
S1-913995043	S2-59662496
S1-218215282	S2-785166091
S1-218215282	S2-67826732
S1-218215282	S3-501403198
S1-218215282	S3-2509211
S1-871313424	S3-29112200
S1-871313424	S2-48219820
S1-723082722	S2-699103692
S1-717267489	S3-550912283
S1-538218782	S2-781961611
S1-821649005	S2-108729637
S1-287413810	S2-130149483
S1-287413810	S3-625724320
S1-886913171	S3-675275961
S1-886913171	S3-347501547
S1-839461589	S2-413739571
S1-478580190	S2-56271875
S1-478580190	S2-289916682
S1-478580190	S2-690854705
S1-546057041	S3-112303605
S1-546057041	S2-865891624
S1-546057041	S3-418911610
S1-546057041	S2-576529324
S1-541268489	S3-151715257
S1-779179708	S2-223109460
S1-779179708	S3-2252096
S1-467585888	S3-29562624
S1-114731183	S2-605923530
S1-436287510	S2-85015916
S1-300850966	S3-936399896
S1-106085909	S3-675925427
S1-106085909	S3-621909234
S1-95552011	S2-18822775
S1-72416933	S2-394209466
S1-869602122	S3-614264383
S1-869602122	S2-837197019
S1-869602122	S2-166144964
S1-869602122	S3-574931277
S1-869602122	S2-102719628
S1-869602122	S3-496423969
S1-959367963	S2-847318503
S1-987126221	S2-730568186
S1-514311956	S2-22267007
S1-932413565	S3-308044864
S1-932413565	S2-370188536
S1-421413319	S3-928288295
S1-421413319	S2-437371943
S1-421413319	S3-590188771
S1-452085373	S3-327331466
S1-750419693	S3-128236159
S1-750419693	S3-432550898
S1-5400306	S2-235968029
S1-597284675	S2-490798878
S1-597284675	S3-384488425
S1-597284675	S2-655877768
S1-597284675	S3-873741814
S1-512841815	S2-309982833
S1-791581373	S3-324828979
S1-639941037	S2-655167316
S1-238077320	S2-970119620
S1-238077320	S2-451013833
S1-583169259	S3-541801669
S1-583169259	S3-406166261
S1-583169259	S2-728597149
S1-583169259	S2-137810465
S1-631180517	S2-120512478
S1-631180517	S3-19970319
S1-133301009	S3-872524104
S1-800243371	S3-578173415
S1-800243371	S2-121632047
S1-434294496	S2-936090467
S1-434294496	S3-127584237
S1-875725195	S3-119406516
S1-875725195	S3-530597638
S1-38377306	S3-501740971
S1-38377306	S3-436702463
S1-530491884	S3-153590856
S1-530491884	S3-164310402
S1-312926558	S2-496146507
S1-312926558	S2-879870904
S1-996509130	S2-986621709
S1-672084066	S2-273213803
S1-672084066	S3-822088819
S1-672084066	S2-659312302
S1-224963126	S2-515257010
S1-224963126	S2-834225028
S1-224963126	S3-879246760
S1-36004092	S2-468555168
S1-36004092	S2-292807321
S1-961432281	S2-797015100
S1-722825361	S2-390397165
S1-722825361	S3-454398409
S1-722825361	S2-228105513
S1-722825361	S3-572618832
S1-137714044	S3-545993190
S1-246529382	S2-671040867
S1-246529382	S3-925835944
S1-246529382	S2-460816819
S1-968189663	S3-333970027
S1-968189663	S2-609457561
S1-968189663	S3-639913880
S1-968189663	S2-548889366
S1-137754425	S2-811753075
S1-137754425	S2-987683534
S1-975091623	S3-548479585
S1-696610523	S2-928843113
S1-696610523	S3-325511053
S1-121387914	S3-187612180
S1-121387914	S2-970072506
S1-121387914	S3-662628520
S1-121387914	S2-539561810
S1-121387914	S3-757156443
S1-174018647	S3-352832073
S1-174018647	S3-592171473
S1-174018647	S2-48347565
S1-922872736	S3-144986170
S1-709556161	S3-259633254
S1-709556161	S3-78971259
S1-709556161	S3-804916940
S1-709556161	S2-836025234
S1-368906435	S3-462776620
S1-54491332	S2-164376585
S1-61593184	S2-604134304
S1-941258259	S3-671324868
S1-925210670	S2-919537643
S1-820662690	S2-431033652
S1-820662690	S2-700952937
S1-820662690	S3-571282312
S1-395392840	S3-91829443
S1-375917302	S2-387661332
S1-465116073	S3-479736050
S1-608840629	S3-580510734
S1-988169736	S3-637753559
S1-988169736	S3-399659317
S1-988169736	S2-646697941
S1-568811455	S2-974279639
S1-568811455	S3-104363350
S1-568811455	S2-894258297
S1-108913060	S3-148174441
S1-108913060	S3-821379893
S1-933317835	S2-220122322
S1-933317835	S3-560555617
S1-529270932	S3-254131090
S1-529270932	S3-984657624
S1-863335345	S3-906083527
S1-863335345	S3-845335137
S1-866957649	S2-876097163
S1-866957649	S2-613698762
S1-866957649	S2-551458378
S1-262926474	S3-768366905
S1-967691728	S3-722771191
S1-967691728	S3-865061593
S1-967691728	S2-993593013
S1-786261011	S2-254835856
S1-786261011	S3-771025272
S1-786261011	S2-302263023
S1-528450039	S2-38412491
S1-279489470	S3-336587370
S1-279489470	S2-111517432
S1-279489470	S2-303693575
S1-279489470	S3-529296462
S1-279489470	S2-691100192
S1-10011474	S2-868012222
S1-697721578	S3-371986662
S1-140553037	S3-454103125
S1-409846574	S2-610958294
S1-409846574	S2-452014399
S1-195097338	S3-594748414
S1-195097338	S2-747986467
S1-941888822	S3-281210891
S1-941888822	S2-427301468
S1-941888822	S3-447476045
S1-255555645	S2-916195083
S1-255555645	S3-991003960
S1-102966447	S3-571856335
S1-102966447	S3-73857075
S1-102966447	S3-870385876
S1-336118426	S2-41030259
S1-336118426	S3-903476858
S1-336118426	S3-653316039
S1-336118426	S2-76179491
S1-639876877	S2-819885671
S1-639876877	S3-209638751
S1-766026503	S3-668756681
S1-918707478	S2-408340446
S1-918707478	S2-170161373
S1-918707478	S3-45523210
S1-918707478	S2-538357125
S1-918707478	S2-285660464
S1-918707478	S3-565548387
S1-964287724	S3-17839037
S1-792375497	S2-349435071
S1-891925049	S3-429518033
S1-891925049	S2-282682969
S1-891925049	S2-779068816
S1-165095494	S3-479915311
S1-165095494	S2-262025793
S1-165095494	S2-546257410
S1-165095494	S3-363759901
S1-165095494	S2-644174716
S1-830630679	S2-469599395
S1-543152689	S3-264282711
S1-105435974	S2-561290529
S1-105435974	S2-918638947
S1-105435974	S3-310121026
S1-105435974	S3-245039754
S1-714537672	S2-721368949
S1-22169500	S3-978407228
S1-22169500	S2-194907955
S1-22169500	S2-336624546
S1-22169500	S3-186851392
S1-22169500	S2-592063096
S1-22169500	S2-404565495
S1-329558057	S2-331051705
S1-479279352	S3-460514227
S1-479279352	S3-382848205
S1-479279352	S3-162329852
S1-686687992	S2-50470920
S1-686687992	S3-314086449
S1-744545844	S2-189470206
S1-744545844	S3-583573995
S1-744545844	S3-72350526
S1-744545844	S3-840866838
S1-303137790	S3-70733871
S1-308259848	S2-663905316
S1-308259848	S2-374010755
S1-308259848	S2-556727515
S1-308259848	S3-44153101
S1-308259848	S2-509353793
S1-308259848	S3-201044767
S1-106756764	S2-969410582
S1-106756764	S2-255095558
S1-106756764	S3-88554477
S1-99883532	S3-693297266
S1-99883532	S2-963995288
S1-99883532	S3-895879341
S1-99883532	S2-908150699
S1-99883532	S2-121477600
S1-99883532	S3-516339865
S1-99883532	S3-340316498
S1-99883532	S3-292106034
S1-99883532	S2-160249390
S1-372125851	S2-961988269
S1-741946513	S2-533651017
S1-503600319	S3-623450045
S1-519075242	S2-246268124
S1-182531689	S2-842011386
S1-266605342	S2-20197112
S1-266605342	S2-990135418
S1-150050112	S2-268185036
S1-150050112	S3-14997154
S1-150050112	S3-646075217
S1-624282975	S2-441940982
S1-944201276	S3-112547845
S1-944201276	S3-147062891
S1-528840259	S3-645367775
S1-708499994	S3-2779518
S1-813054007	S2-814664949
S1-813054007	S2-910939793
S1-233309723	S3-72224541
S1-161985863	S2-740592283
S1-582928457	S2-119932408
S1-771356774	S3-346742973
S1-585419699	S3-937097479
S1-585419699	S3-594370202
S1-585419699	S2-491975647
S1-585419699	S2-922008330
S1-585419699	S2-457013418
S1-908315186	S2-968621455
S1-907661059	S2-113973070
S1-907661059	S3-568419706
S1-120544708	S2-644457991
S1-48661435	S3-499573222
S1-48661435	S2-516666842
S1-48661435	S3-751951390
S1-48661435	S3-561087208
S1-658914973	S2-280117258
S1-658914973	S2-35930298
S1-769399776	S2-792036007
S1-313975948	S3-309718411
S1-275393832	S2-698204037
S1-275393832	S3-84628816
S1-275393832	S2-597111079
S1-443472231	S3-418048526
S1-443472231	S2-337267876
S1-175451371	S2-581358826
S1-175451371	S2-105784556
S1-964084590	S2-7416285
S1-670013515	S3-869035240
S1-670013515	S2-325724786
S1-670013515	S3-860317525
S1-670013515	S3-285660021
S1-5860164	S2-58945626
S1-814607140	S3-532686591
S1-814607140	S2-765065061
S1-411744906	S2-202924182
S1-823438140	S3-997403357
S1-823438140	S2-256778669
S1-823438140	S2-266057328
S1-823438140	S3-122450902
S1-383418341	S3-217425846
S1-228366867	S2-647249482
S1-179102410	S2-635812243
S1-179102410	S3-819055413
S1-63155810	S3-154128651
S1-690884747	S3-682571291
S1-822394554	S2-525352231
S1-760115376	S2-896424639
S1-882373572	S2-934428026
S1-284337644	S3-378547650
S1-284337644	S3-377753824
S1-8679008	S2-247225759
S1-8679008	S2-606528705
S1-8679008	S2-180651178
S1-384866949	S2-573178464
S1-819454485	S2-307124398
S1-401054599	S2-260457960
S1-401054599	S2-542277001
S1-943889841	S3-438190612
S1-943889841	S3-493178034
S1-943889841	S3-582927697
S1-132282365	S2-176397261
S1-132282365	S2-582066184
S1-101865880	S3-191651116
S1-870200225	S3-932558224
S1-548982001	S3-239830769
S1-285689335	S2-593941752
S1-674354760	S3-841215382
S1-914253279	S2-984629825
S1-673187673	S3-618983191
S1-673187673	S3-413105635
S1-555493938	S3-971123391
S1-584705923	S3-106613786
S1-68665015	S3-352192272
S1-994836725	S2-77250948
S1-994836725	S3-870209303
S1-994836725	S2-799158072
S1-994836725	S2-858073127
S1-994836725	S2-14968960
S1-139850875	S3-719939397
S1-139850875	S3-952198213
S1-919417192	S3-554312501
S1-919417192	S2-207683221
S1-919417192	S3-889570648
S1-701525365	S3-712996147
S1-701525365	S2-864909003
S1-701525365	S2-80284326
S1-701525365	S3-658994806
S1-878532370	S2-495490220
S1-878532370	S3-923046883
S1-878532370	S3-474467535
S1-841431161	S2-554136835
S1-175406606	S3-781983748
S1-215599152	S2-356300884
S1-215599152	S3-685806970
S1-215599152	S3-716038327
S1-831610970	S2-799645349
S1-775204412	S2-403379494
S1-775204412	S3-873652716
S1-266216937	S3-656887457
S1-266216937	S3-659960954
S1-735503135	S3-848207238
S1-511652412	S3-348815783
S1-511652412	S2-234018779
S1-538972297	S2-184996448
S1-538972297	S2-391512571
S1-335407871	S2-567485041
S1-542427244	S2-798053358
S1-542427244	S3-788580292
S1-533515437	S2-547935901
S1-239596699	S3-628754952
S1-447016115	S2-350158199
S1-200403154	S2-544944227
S1-200403154	S2-154295508
S1-200403154	S3-954807643
S1-163438831	S2-452230814
S1-830692231	S3-374242299
S1-334872624	S2-148312969
S1-458672101	S3-942004492
S1-341267224	S2-667145006
S1-341267224	S3-200721893
S1-341267224	S3-241903925
S1-367128781	S3-989133284
S1-718830086	S2-230839629
S1-718830086	S3-749043804
S1-870160025	S3-695491090
S1-847659919	S3-770687745
S1-114764032	S3-783487624
S1-114764032	S3-175166141
S1-214400789	S3-195289172
S1-214400789	S2-269489616
S1-44643504	S3-540118725
S1-44643504	S3-483074705
S1-44643504	S3-133246607
S1-634305679	S2-65998353
S1-553813993	S3-994622983
S1-444210803	S2-97675496
S1-399533477	S2-406289416
S1-907466080	S3-992629603
S1-338506604	S3-26531589
S1-338506604	S3-460973783
S1-338506604	S2-801413395
S1-339150427	S3-398335953
S1-542338728	S3-938980068
S1-777786013	S3-794269903
S1-777786013	S2-910447643
S1-777786013	S3-596524560
S1-165964095	S2-195004565
S1-165964095	S2-68921891
S1-165964095	S3-18802442
S1-165964095	S3-257890006
S1-463835010	S2-696209443
S1-662683604	S3-432297345
S1-662683604	S2-850337082
S1-662683604	S3-100972723
S1-662683604	S2-950689260
S1-645540368	S2-523311125
S1-346876336	S3-133447999
S1-346876336	S3-717477428
S1-346876336	S2-354825559
S1-423748638	S3-188559328
S1-626379544	S2-61104412
S1-398506102	S3-28652703
S1-398506102	S2-46333025
S1-215836029	S2-831696358
S1-215836029	S2-587276219
S1-236394172	S3-756472465
S1-236394172	S2-465540066
S1-665113420	S3-345107372
S1-152446143	S2-40851922
S1-187816486	S2-919133448
S1-187816486	S3-125562974
S1-187816486	S2-682909767
S1-443048064	S2-457785014
S1-303734004	S3-737975524
S1-261046837	S3-401863536
S1-111981104	S2-450845048
S1-920541875	S2-29822011
S1-611246352	S2-671913953
S1-611246352	S3-440112839
S1-611246352	S2-905131874
S1-611246352	S3-292115795
S1-611246352	S2-203068479
S1-28035249	S2-230672437
S1-853514283	S3-379895941
S1-308724099	S2-620143195
S1-308724099	S3-929524450
S1-213909811	S2-831602781
S1-213909811	S2-276315773
S1-213909811	S2-296235573
S1-213909811	S2-173217555
S1-839660292	S2-729831455
S1-839660292	S2-928342410
S1-931817982	S2-275300909
S1-931817982	S2-463930012
S1-746610434	S2-921841515
S1-746610434	S3-79067855
S1-221703708	S3-949556396
S1-93197256	S2-150064170
S1-758553994	S2-224761702
S1-758553994	S2-861173942
S1-758553994	S2-640517158
S1-758553994	S3-840198493
S1-871501309	S2-857713773
S1-871501309	S3-640905287
S1-98992402	S2-287115915
S1-98992402	S3-134038849
S1-836309102	S2-8702534
S1-836309102	S2-592633315
S1-417499494	S2-751194161
S1-687371395	S3-499110393
S1-687371395	S3-109905692
S1-3484334	S3-767368968
S1-3484334	S3-939099184
S1-488612925	S2-966720705
S1-488612925	S2-373361607
S1-724185696	S2-653816587
S1-741639528	S3-37378804
S1-741639528	S2-195922640
S1-741639528	S3-697882440
S1-699703530	S2-510590527
S1-466032258	S3-577917286
S1-466032258	S3-25212779
S1-780014602	S2-583130079
S1-780014602	S2-852035811
S1-429846900	S2-236692196
S1-903459555	S2-173585348
S1-903459555	S3-751334910
S1-903459555	S2-92547431
S1-903459555	S2-12734458
S1-903459555	S2-189627447
S1-193497915	S2-315779133
S1-648975107	S2-96598965
S1-648975107	S2-504197491
S1-101930094	S2-359013613
S1-351955209	S2-236365764
S1-623711956	S3-3120282
S1-623711956	S2-352414032
S1-623711956	S2-240089376
S1-411357562	S2-254666341
S1-411357562	S2-490804704
S1-411357562	S3-428790204
S1-766087878	S2-182437874
S1-67923667	S2-144044361
S1-67923667	S2-438208165
S1-67923667	S3-926539590
S1-67923667	S3-487428497
S1-67923667	S3-157154243
S1-642965332	S3-887066333
S1-750578505	S3-370476614
S1-974422248	S2-573862472
S1-963951024	S2-942342805
S1-902653816	S3-874968570
S1-902653816	S2-390579034
S1-902653816	S3-690202964
S1-313103012	S2-986024306
S1-313103012	S3-887531046
S1-510324546	S3-797941097
S1-510324546	S2-794063465
S1-470626766	S2-15491138
S1-994505265	S3-709856641
S1-743895820	S3-835488884
S1-743895820	S2-933907821
S1-371773870	S3-788475996
S1-318925212	S2-395247119
S1-318925212	S3-19895293
S1-512278807	S3-276334841
S1-512278807	S3-774238285
S1-148260033	S3-471224774
S1-148260033	S3-773905657
S1-148260033	S2-528637914
S1-849079949	S3-30553324
S1-955540768	S2-72949062
S1-320139622	S2-625604289
S1-912382957	S3-778138974
S1-247766923	S3-620832737
S1-530049230	S3-294564103
S1-530049230	S2-483725087
S1-640155111	S2-712307731
S1-834236589	S3-707694228
S1-402484330	S3-580260507
S1-402484330	S3-845288707
S1-626801962	S2-35442323
S1-303534989	S3-981607666
S1-303534989	S2-493133240
S1-303534989	S3-278122878
S1-303534989	S2-643506841
S1-631170245	S2-942202495
S1-631170245	S3-229503641
S1-685220451	S2-781193856
S1-685220451	S3-864915647
S1-452176093	S3-618014508
S1-605973059	S3-907196585
S1-910495413	S3-551480649
S1-910495413	S3-860745235
S1-317666957	S2-267462358
S1-317666957	S3-109317455
S1-317666957	S3-561153525
S1-888041957	S2-806496609
S1-47365064	S3-237868927
S1-603673535	S2-273903317
S1-390880705	S2-169733886
S1-908467127	S2-188149070
S1-577960329	S3-469320402
S1-647235466	S3-809431059
S1-331033164	S2-34310411
S1-38465917	S2-411524631
S1-38465917	S3-801891232
S1-358074132	S3-77944551
S1-358074132	S3-518336305
S1-358074132	S2-974118559
S1-308814736	S2-712668807
S1-308814736	S3-369051967
S1-437722182	S3-20505229
S1-44384965	S2-283975487
S1-44384965	S3-429832415
S1-44384965	S3-950779223
S1-808758535	S2-338099938
S1-25057253	S2-565503839
S1-25057253	S3-455524345
S1-44568935	S2-177263083
S1-589079219	S3-375327789
S1-792420652	S2-362402166
S1-792420652	S3-405921250
S1-364720861	S3-260741308
S1-697619977	S3-988592035
S1-697619977	S2-553948392
S1-127897335	S3-87904073
S1-685388427	S3-999040462
S1-685388427	S3-13346982
S1-189210072	S3-559347739
S1-870625150	S3-27311321
S1-870625150	S3-938560442
S1-870625150	S2-155536227
S1-968964572	S2-955945147
S1-968964572	S3-276212324
S1-968964572	S3-374220437
S1-28079804	S3-519066925
S1-476939443	S2-492510102
S1-476939443	S2-620389764
S1-476939443	S2-721804904
S1-537664493	S3-560509375
S1-762636840	S3-22517695
S1-759129666	S2-186524235
S1-330381361	S2-741876562
S1-397938037	S3-941720310
S1-397938037	S3-93098578
S1-681456683	S3-536528085
S1-827133302	S3-126202835
S1-990842751	S2-829630992
S1-990842751	S2-42234163
S1-990842751	S2-462049172
S1-51299068	S2-950125808
S1-219961828	S2-699457990
S1-148502227	S3-383108114
S1-853487726	S2-804137201
S1-504683104	S3-985975177
S1-313160501	S2-293635878
S1-278958910	S3-172411088
S1-278958910	S3-619363253
S1-8897446	S3-138632444
S1-495388464	S2-392874645
S1-495388464	S3-606470709
S1-495388464	S2-282104340
S1-456983891	S2-246992297
S1-456983891	S3-890751044
S1-326360578	S2-953836335
S1-300717854	S3-404000798
S1-193898892	S3-943924417
S1-193898892	S2-221022754
S1-343313642	S3-499427509
S1-343313642	S2-481132338
S1-963389122	S2-897160955
S1-465328211	S2-528093765
S1-531455647	S2-763387334
S1-531455647	S3-97296095
S1-754682498	S3-44388598
S1-754682498	S2-586849943
S1-754682498	S2-978778528
S1-754682498	S3-782907172
S1-161520462	S3-256470435
S1-161520462	S2-697246152
S1-713304306	S3-415684387
S1-109884656	S2-293972182
S1-957353956	S2-556891276
S1-957353956	S2-537830872
S1-173726262	S2-759970010
S1-173726262	S2-451425812
S1-173726262	S3-347519859
S1-173726262	S3-321703433
S1-149851114	S3-49340671
S1-424843803	S2-422022471
S1-343667096	S3-371904685
S1-368489337	S3-464586018
S1-368489337	S3-898689675
S1-368489337	S2-334785762
S1-368489337	S2-544423249
S1-328497396	S2-167747411
S1-270121358	S3-40208662
S1-270121358	S2-250429230
S1-338849564	S2-675736949
S1-338849564	S2-526886404
S1-338849564	S2-6465409
S1-338849564	S3-963427286
S1-338849564	S2-765607405
S1-338849564	S3-488769150
S1-566671619	S3-484276169
S1-566671619	S3-178975328
S1-566671619	S2-409653974
S1-245990096	S2-598286976
S1-245990096	S3-703679854
S1-504021426	S2-957118617
S1-23014888	S3-342474303
S1-416644942	S2-449620522
S1-416644942	S2-402518264
S1-416644942	S3-220306716
S1-416644942	S2-142747928
S1-519848637	S3-993894772
S1-519848637	S2-431594239
S1-519848637	S3-922167202
S1-519848637	S2-13423350
S1-519848637	S2-982028647
S1-126575306	S3-746983582
S1-130249811	S3-907408953
S1-130249811	S3-940520846
S1-130249811	S2-164538337
S1-130249811	S2-377108185
S1-239471487	S2-925783473
S1-861862766	S3-629411072
S1-861862766	S3-858833035
S1-861862766	S3-204944658
S1-633743580	S2-902768007
S1-944774952	S2-983328919
S1-294621484	S2-869220347
S1-294621484	S2-446783453
S1-294621484	S3-382924398
S1-294621484	S3-931134656
S1-148229055	S2-835612975
S1-148229055	S2-762157400
S1-148229055	S3-767647675
S1-148229055	S2-133101242
S1-893801718	S3-326440648
S1-408253591	S3-420981103
S1-984264530	S2-282190230
S1-543874770	S2-382512538
S1-367277610	S2-840354378
S1-271752667	S3-660597408
S1-542687067	S2-234147104
S1-542687067	S3-330032432
S1-542687067	S3-917416635
S1-419824421	S2-678366995
S1-419824421	S2-23642954
S1-419824421	S3-16021879
S1-419824421	S2-757102830
S1-201549576	S3-49552708
S1-201549576	S2-258452214
S1-368253889	S3-925017717
S1-490653274	S2-82933963
S1-490653274	S3-778537609
S1-490653274	S2-785640276
S1-267562158	S2-825204206
S1-190010507	S3-421251439
S1-190010507	S3-650283028
S1-932622257	S2-653249596
S1-932622257	S3-644678918
S1-952251377	S2-664719890
S1-214425181	S2-928879378
S1-214425181	S3-680627038
S1-214425181	S3-698127699
S1-214425181	S3-242983591
S1-869359907	S3-167580409
S1-244463134	S3-551412259
S1-165156033	S2-254215793
S1-525078119	S2-579227654
S1-525078119	S3-904062590
S1-525078119	S2-449203932
S1-22070373	S2-91623058
S1-535175176	S2-690861955
S1-535175176	S2-695656568
S1-535175176	S2-695867262
S1-535175176	S3-615680046
S1-115130539	S2-192282287
S1-115130539	S2-412975527
S1-738680491	S2-930739405
S1-64901468	S2-863856994
S1-110527550	S3-451197204
S1-110527550	S3-204084521
S1-616030094	S3-676990563
S1-616030094	S3-570241098
S1-616030094	S2-998531942
S1-616030094	S3-181885558
S1-982372160	S3-869735578
S1-982372160	S3-909205096
S1-39439050	S2-537674514
S1-882193670	S2-875949363
S1-252122667	S2-738392416
S1-252122667	S3-802922509
S1-169515966	S3-232706325
S1-169515966	S2-921343056
S1-232898837	S3-569347130
S1-232898837	S2-60767377
S1-232898837	S2-540402510
S1-700417738	S2-494726470
S1-700417738	S2-986973782
S1-700417738	S2-183931957
S1-106966303	S2-915177454
S1-106966303	S3-720640436
S1-106966303	S3-926026052
S1-990789054	S3-8182005
S1-990789054	S3-999679560
S1-990789054	S2-1620186
S1-615461696	S3-146353309
S1-902239441	S3-76831161
S1-198753013	S2-397882647
S1-648928757	S2-261560688
S1-335656321	S2-827791336
S1-239745604	S3-484213251
S1-736228068	S3-316781625
S1-736228068	S2-110066204
S1-760625856	S3-147637024
S1-842209980	S2-516300116
S1-842209980	S3-174715489
S1-842209980	S3-223186663
S1-842209980	S2-127473400
S1-229609440	S2-822977761
S1-229609440	S3-949428140
S1-229609440	S2-250761372
S1-229609440	S3-256561796
S1-229609440	S2-47413259
S1-601579459	S3-575650249
S1-601579459	S2-872729965
S1-601579459	S3-669015298
S1-633521258	S3-345613138
S1-126315591	S2-250447536
S1-126315591	S2-968696369
S1-126315591	S3-722172692
S1-210329219	S2-857078659
S1-210329219	S2-853650530
S1-681205241	S3-626866980
S1-343698880	S3-739270361
S1-343698880	S2-134572154
S1-343698880	S2-913442766
S1-890542732	S2-40489910
S1-890542732	S3-272450068
S1-11361429	S3-946486710
S1-11361429	S3-927140412
S1-358446008	S3-556169169
S1-781206004	S2-508347360
S1-781206004	S3-736969615
S1-138382489	S2-378483788
S1-138382489	S3-88732114
S1-29606006	S2-392389593
S1-824642593	S3-802857398
S1-824642593	S2-53317933
S1-824642593	S3-831979658
S1-595943537	S2-782768775
S1-346219097	S3-701072326
S1-716236697	S3-853250833
S1-197156982	S2-93092814
S1-889401187	S3-267430463
S1-61484713	S3-321726672
S1-57010502	S2-362983865
S1-863129068	S2-98262639
S1-863129068	S2-829479543
S1-240318446	S3-463889990
S1-989824899	S3-780741676
S1-989824899	S2-557730044
S1-989824899	S3-910621514
S1-706238496	S2-642331531
S1-706238496	S2-206432298
S1-197182652	S2-33922153
S1-197182652	S3-255543829
S1-527430121	S2-302624087
S1-755166550	S2-146167805
S1-66127939	S3-413875050
S1-407258504	S3-155065507
S1-407258504	S3-256991104
S1-527247037	S3-191147524
S1-986108408	S3-531340398
S1-690885313	S3-330747084
S1-690885313	S3-259865477
S1-690885313	S2-506175796
S1-690885313	S2-966747965
S1-242252083	S2-615747513
S1-273084577	S3-103377093
S1-115269644	S3-949630358
S1-115269644	S3-806845199
S1-115269644	S2-59810645
S1-724628638	S2-270814942
S1-724628638	S2-893899156
S1-724628638	S2-969077308
S1-724628638	S2-752237515
S1-523463494	S2-321286341
S1-917806960	S2-743306109
S1-507431092	S3-589995942
S1-507431092	S3-69641582
S1-507431092	S3-216582013
S1-507431092	S3-527329605
S1-507431092	S2-511589909
S1-267804010	S3-413056064
S1-267804010	S3-835862332
S1-267804010	S2-864185539
S1-267804010	S2-806797267
S1-267804010	S2-260911435
S1-116027231	S3-793186597
S1-116027231	S3-75037953
S1-132778267	S2-597164502
S1-674704496	S2-109246930
S1-110632373	S2-545448627
S1-48112041	S2-565586938
S1-48112041	S3-682869336
S1-807616004	S2-432750990
S1-807616004	S3-357524199
S1-606618687	S2-772176251
S1-827808517	S2-316432691
S1-234836211	S3-168448628
S1-234836211	S2-53845968
S1-234836211	S2-339632930
S1-234836211	S3-212252792
S1-234836211	S3-158309086
S1-466379234	S3-151223329
S1-445298002	S2-61210970
S1-976100539	S2-894419664
S1-180247731	S3-11919001
S1-491580901	S3-798108202
S1-491580901	S3-726473581
S1-813424113	S2-85533727
S1-398573784	S2-352175614
S1-398573784	S2-811699247
S1-398573784	S3-867145077
S1-769780039	S2-506046639
S1-364849335	S3-134200854
S1-364849335	S3-892023657
S1-364849335	S3-91073999
S1-364849335	S3-698452441
S1-364849335	S2-626958140
S1-877722151	S2-650034490
S1-235993601	S3-330486662
S1-955046651	S3-282607785
S1-955046651	S3-867908408
S1-955046651	S3-884774159
S1-477538037	S2-15330777
S1-763893649	S2-42394978
S1-689328768	S3-21162790
S1-434237610	S2-770111341
S1-434237610	S3-195557012
S1-434237610	S2-62136498
S1-434237610	S3-478858596
S1-8090046	S3-186645980
S1-373684022	S2-128046941
S1-373684022	S2-777877497
S1-372564163	S2-68651532
S1-372564163	S3-211773162
S1-934049007	S3-387984235
S1-254179421	S2-970385117
S1-397059625	S2-218617118
S1-397059625	S3-456670222
S1-145942117	S2-66066317
S1-145942117	S2-830048323
S1-122622277	S2-78599877
S1-122622277	S2-662210744
S1-375233544	S2-371946142
S1-269766676	S3-114985506
S1-269766676	S3-998903496
S1-269766676	S3-353797445
S1-269766676	S2-447068795
S1-269766676	S2-485973283
S1-879206501	S2-788236443
S1-879206501	S3-567808802
S1-879206501	S3-750577549
S1-77326975	S2-421109714
S1-58184599	S3-11585854
S1-589306390	S3-173903347
S1-589306390	S3-483151231
S1-589306390	S2-650357745
S1-111350391	S2-243597345
S1-111350391	S2-680895983
S1-111350391	S3-279103570
S1-111350391	S2-503470937
S1-305091684	S2-565688688
S1-977550595	S3-800162213
S1-977550595	S2-330217186
S1-127634681	S3-224106844
S1-208271311	S3-313722276
S1-549605666	S2-598603305
S1-549605666	S3-548397767
S1-45464715	S2-806548284
S1-207248616	S2-951165634
S1-977082286	S3-467937904
S1-962110173	S2-695775845
S1-962110173	S2-217203933
S1-207743722	S3-398626103
S1-37459115	S2-407254233
S1-16943116	S3-780641285
S1-16943116	S2-608100289
S1-16943116	S2-98827479
S1-546070789	S2-343796780
S1-697157882	S3-485173248
S1-84744802	S3-238694889
S1-693043444	S2-563854565
S1-693043444	S3-294089858
S1-403724534	S2-85035490
S1-403724534	S3-264532942
S1-403724534	S3-42279782
S1-403724534	S2-692180986
S1-403724534	S3-457280430
S1-403724534	S3-253358246
S1-444396223	S2-325812883
S1-232424832	S2-330125739
S1-946715853	S2-242856107
S1-946715853	S3-43174597
S1-946715853	S3-603090609
S1-946715853	S3-94836563
S1-444729119	S3-306190531
S1-660759851	S3-521924222
S1-804948465	S3-23885636
S1-565381477	S2-393536930
S1-202018006	S3-463076607
S1-539491173	S2-24909453
S1-539491173	S2-524260613
S1-580103163	S3-462103485
S1-470227225	S2-887517668
S1-470227225	S3-642521804
S1-540524778	S2-444595259
S1-540524778	S2-212448315
S1-697251121	S3-592223932
S1-306116243	S2-341883154
S1-306116243	S3-674418228
S1-306116243	S2-373522466
S1-228549460	S3-50280876
S1-228549460	S3-402021140
S1-203705977	S3-103090950
S1-203705977	S3-181115384
S1-203705977	S3-543232971
S1-978875783	S2-5133982
S1-978875783	S3-466187626
S1-978875783	S2-58648365
S1-326808015	S3-681872723
S1-248386739	S3-841484791
S1-248386739	S3-52989946
S1-933076971	S2-539906923
S1-933076971	S3-471967975
S1-228805938	S2-190105990
S1-826391081	S2-135084525
S1-826391081	S2-253233379
S1-826391081	S2-189447892
S1-865091022	S2-337954537
S1-865091022	S3-849795355
S1-151663843	S3-263879558
S1-132593199	S2-373491017
S1-132593199	S3-645959623
S1-132593199	S3-86001257
S1-345116164	S2-85980099
S1-345116164	S2-261097921
S1-125896283	S2-425550262
S1-125896283	S3-937220344
S1-869630394	S3-7713894
S1-788795166	S3-63606187
S1-788795166	S2-147006138
S1-348258411	S3-959233348
S1-348258411	S3-115715079
S1-129040301	S2-868016562
S1-129040301	S3-382254432
S1-129040301	S2-985451233
S1-129040301	S2-804245712
S1-457819556	S2-241386869
S1-802767930	S2-140944216
S1-559873664	S3-673490241
S1-559873664	S3-879845563
S1-559873664	S3-519028631
S1-559873664	S3-63252063
S1-270991817	S2-657402056
S1-270991817	S2-8056630
S1-240005391	S3-840590309
S1-240005391	S2-479812150
S1-290495309	S2-939509956
S1-290495309	S3-490746577
S1-290495309	S2-292452374
S1-146295922	S2-909333510
S1-146295922	S2-699453066
S1-146295922	S3-277441784
S1-146295922	S2-333577846
S1-702967125	S2-890791239
S1-887804965	S2-479665753
S1-887804965	S3-681560354
S1-55771160	S2-842695240
S1-55771160	S3-78980604
S1-140480164	S3-398799789
S1-926873552	S3-635828444
S1-931374836	S2-523975851
S1-931374836	S3-460247323
S1-931374836	S2-542141715
S1-931374836	S2-373519408
S1-11244977	S2-239524423
S1-11244977	S2-959344118
S1-245490521	S3-29489198
S1-245490521	S3-129239692
S1-245490521	S3-46169194
S1-812502137	S2-654932000
S1-545750009	S2-752066375
S1-540998527	S3-715991633
S1-572812016	S3-486667402
S1-572812016	S2-206011619
S1-80176095	S3-823374864
S1-467725972	S2-800078980
S1-734638800	S3-719798166
S1-983641136	S3-591034515
S1-983641136	S3-597545810
S1-983641136	S3-130976701
S1-983641136	S3-39302867
S1-718635530	S3-237033820
S1-718635530	S3-162100025
S1-718635530	S2-155074558
S1-509150584	S3-602872748
S1-509150584	S2-931190751
S1-509150584	S3-489153588
S1-984655366	S3-439065115
S1-788894593	S2-459341186
S1-224991538	S2-350503663
S1-224991538	S3-928301844
S1-681727043	S3-962369650
S1-979555857	S2-861681010
S1-922438996	S2-624055250
S1-922438996	S3-233400202
S1-105071463	S3-773378860
S1-132244597	S2-384161010
S1-539513562	S2-754249720
S1-731681179	S3-833475283
S1-731795708	S3-431076129
S1-731795708	S3-741028440
S1-731795708	S3-565631066
S1-731795708	S3-679857365
S1-731795708	S3-799985407
S1-731795708	S2-264388283
S1-802470743	S2-136723064
S1-623147531	S2-958836638
S1-623147531	S2-464678877
S1-575800080	S3-306050050
S1-575800080	S3-806786616
S1-575800080	S2-107354533
S1-376573457	S3-714495414
S1-376573457	S3-247639778
S1-376573457	S3-963611111
S1-376573457	S2-661677880
S1-376573457	S2-239950160
S1-382535025	S2-585261418
S1-865928509	S3-896182583
S1-486133712	S2-140613460
S1-762343872	S3-927125770
S1-762343872	S3-168861651
S1-671239965	S3-456148586
S1-671239965	S2-991558210
S1-408571830	S3-273568086
S1-408571830	S2-129622814
S1-383223721	S3-162573482
S1-383223721	S3-115336704
S1-383223721	S3-305181965
S1-383223721	S2-946856142
S1-535641006	S2-475343025
S1-188548223	S3-904227580
S1-188548223	S2-162893468
S1-188548223	S3-969951714
S1-707099609	S3-426574450
S1-453288673	S3-351954878
S1-453288673	S2-446120177
S1-181704491	S2-39091784
S1-181704491	S3-720619914
S1-181704491	S2-690719450
S1-181704491	S2-986108311
S1-367953281	S2-606081188
S1-796961965	S3-761983305
S1-796961965	S3-720247967
S1-136876406	S3-859664151
S1-136876406	S3-817892179
S1-61061281	S3-660290276
S1-28550803	S3-919717250
S1-28550803	S3-685202575
S1-28550803	S3-17891680
S1-135621193	S2-513678484
S1-944204323	S3-322943590
S1-944204323	S3-484233609
S1-944204323	S3-328161669
S1-87390758	S2-722027601
S1-87390758	S3-673886550
S1-87390758	S2-488777497
S1-87390758	S3-24800404
S1-87390758	S2-374201098
S1-87390758	S2-166497323
S1-46841117	S3-25466721
S1-46841117	S3-204673578
S1-46841117	S3-657374334
S1-922804984	S2-60061633
S1-553609124	S3-566758602
S1-448588501	S3-174888498
S1-53858607	S3-45416136
S1-53858607	S2-23426724
S1-617327694	S2-867812352
S1-617327694	S3-687860175
S1-617327694	S2-637198570
S1-929898187	S2-97658848
S1-528202413	S3-421845019
S1-528202413	S2-772683267
S1-528202413	S2-977595141
S1-528202413	S3-133035843
S1-570503772	S2-767908348
S1-570503772	S2-267631528
S1-570503772	S2-158897031
S1-50615475	S3-889134114
S1-50615475	S3-603092208
S1-50615475	S3-276544020
S1-50615475	S3-522899571
S1-98918326	S3-463871885
S1-98918326	S2-381592918
S1-648033142	S2-282079038
S1-429530519	S3-931084278
S1-13178640	S3-735028684
S1-156662290	S3-829688078
S1-871506425	S2-959961722
S1-871506425	S2-255865190
S1-741543695	S3-972589491
S1-741543695	S2-632351304
S1-741543695	S3-483123163
S1-741543695	S3-968361490
S1-727704773	S2-688624011
S1-397092194	S3-843011336
S1-397092194	S3-208668795
S1-397092194	S2-745032828
S1-397092194	S2-719102405
S1-113197664	S2-66024912
S1-962137991	S3-964040907
S1-189411025	S2-801392951
S1-172652021	S2-671244687
S1-536416096	S2-1467884
S1-246181652	S3-432303042
S1-246181652	S3-549682197
S1-246181652	S2-791315401
S1-246181652	S2-19122991
S1-246181652	S3-946735577
S1-246181652	S3-583351642
S1-679235640	S2-814152588
S1-679235640	S2-265722838
S1-679235640	S2-317714884
S1-679235640	S3-847735834
S1-709032367	S3-212596688
S1-903512590	S3-455914447
S1-903512590	S2-575317237
S1-903512590	S2-795215240
S1-890583942	S3-3266090
S1-890583942	S3-519952523
S1-240770134	S3-776546875
S1-256150869	S2-764252194
S1-256150869	S2-248868387
S1-256150869	S3-315655858
S1-256150869	S3-421765372
S1-19176713	S3-206742119
S1-813292653	S2-922177920
S1-643090311	S2-171455925
S1-643090311	S2-904050210
S1-422606558	S2-912919349
S1-155022091	S3-340526297
S1-554715726	S2-493871080
S1-554715726	S3-305265691
S1-554715726	S2-464767145
S1-245346361	S2-33300396
S1-555077403	S3-685638457
S1-280978608	S2-734301740
S1-139188953	S3-508651805
S1-96200473	S3-821578485
S1-90929653	S2-41587436
S1-721741596	S3-280328834
S1-301264966	S2-476661016
S1-988527789	S2-717794390
S1-370847537	S2-694843751
S1-58460636	S2-311157365
S1-58460636	S2-526196383
S1-197553992	S3-795842822
S1-608432226	S2-142712499
S1-959282542	S3-947984778
S1-786739831	S3-409724983
S1-126491259	S3-81074658
S1-848348959	S3-962909009
S1-848348959	S2-785386795
S1-417787064	S2-893751029
S1-201329022	S3-875395804
S1-77531863	S3-613677059
S1-376707483	S3-640706558
S1-376707483	S3-70048427
S1-331220554	S2-834409698
S1-47628143	S3-531772083
S1-47628143	S3-846532828
S1-47628143	S2-690633193
S1-175363875	S3-135713389
S1-464075579	S3-142945918
S1-464075579	S2-124027752
S1-464075579	S2-775136679
S1-187161127	S2-538934195
S1-187161127	S2-855505539
S1-187161127	S2-395168033
S1-688824899	S3-807005406
S1-464107679	S2-195129260
S1-464107679	S2-77228603
S1-410151953	S2-71329679
S1-410151953	S2-108405144
S1-410151953	S2-765736167
S1-941800701	S2-730694897
S1-379967886	S2-77443189
S1-379967886	S2-257134449
S1-379967886	S3-764004985
S1-82309349	S3-100718828
S1-518358282	S2-95966230
S1-518358282	S2-153383134
S1-518358282	S3-628461828
S1-518358282	S3-679988912
S1-518358282	S2-888180457
S1-25116217	S3-693878978
S1-25116217	S2-71173217
S1-25116217	S3-913954063
S1-25116217	S2-723074901
S1-25116217	S2-574369211
S1-25116217	S2-681285436
S1-633829247	S3-68802328
S1-633829247	S2-265281205
S1-486408188	S2-697760977
S1-31277589	S3-77172579
S1-31277589	S3-504042163
S1-31277589	S3-21112838
S1-186858410	S2-228057742
S1-885807399	S3-320788496
S1-885807399	S2-560839628
S1-549738562	S2-418309799
S1-798746563	S2-239785117
S1-846715088	S3-880508774
S1-846715088	S2-317848192
S1-846715088	S3-154771760
S1-846715088	S3-730277836
S1-846715088	S2-148943135
S1-846715088	S3-253279857
S1-510672566	S2-408656211
S1-985501707	S2-148263668
S1-75709489	S2-784351571
S1-812979015	S2-153808190
S1-807045125	S2-193747259
S1-807045125	S3-288864760
S1-807045125	S3-872289529
S1-807045125	S2-500862170
S1-339108853	S2-842462889
S1-339108853	S2-358795279
S1-569324949	S3-492708660
S1-927848473	S2-79074338
S1-969155550	S2-634561147
S1-969155550	S2-850823629
S1-969155550	S3-432284466
S1-294396721	S2-503936470
S1-806584505	S2-774318384
S1-806584505	S2-241175127
S1-806584505	S3-153912048
S1-895255574	S2-76654404
S1-895255574	S3-170959214
S1-895255574	S2-804441256
S1-643575428	S3-508768636
S1-643575428	S2-13316120
S1-643575428	S3-787603225
S1-677927219	S3-433542069
S1-677927219	S2-3265444
S1-270644570	S3-489014917
S1-519650828	S3-382416168
S1-271535	S3-407338806
S1-620398609	S3-913010924
S1-620398609	S3-263289447
S1-429555047	S3-991231648
S1-980485071	S2-226968541
S1-853960975	S3-638653786
S1-65639	S3-726789786
S1-65639	S3-395967899
S1-65639	S2-699110251
S1-65639	S2-984596841
S1-65639	S2-347921534
S1-225812307	S2-20743337
S1-406952803	S3-773007279
S1-406952803	S3-162448122
S1-406952803	S3-592226501
S1-406952803	S3-168207929
S1-646482399	S2-56010896
S1-912883308	S3-558231736
S1-413804104	S2-87054312
S1-810815518	S2-464443912
S1-810815518	S3-469086683
S1-775874744	S2-605799250
S1-775874744	S3-846618710
S1-585516192	S2-194812348
S1-585516192	S2-983856466
S1-245613951	S3-52293859
S1-140808626	S2-928821764
S1-140808626	S3-381874733
S1-140808626	S2-221134380
S1-140808626	S2-519602070
S1-487225681	S2-173175653
S1-487225681	S3-975391783
S1-487225681	S2-184846510
S1-487225681	S3-629073507
S1-346368821	S2-987775078
S1-878680198	S2-103732526
S1-878680198	S2-689088921
S1-878680198	S3-253339640
S1-878680198	S3-475367485
S1-13031664	S2-807896052
S1-13031664	S3-287378159
S1-13031664	S2-566345808
S1-458710436	S3-286925363
S1-333556138	S3-860101677
S1-518037425	S3-693372977
S1-518037425	S2-691991860
S1-518037425	S2-843816663
S1-172850679	S3-244218112
S1-616553605	S3-81222703
S1-616553605	S2-125839847
S1-97680736	S2-709268588
S1-97680736	S2-645091582
S1-890445311	S2-94316330
S1-890445311	S2-502160719
S1-431558066	S2-675513262
S1-431558066	S3-600592707
S1-695981776	S2-150783319
S1-695981776	S3-934521343
S1-695981776	S2-125798701
S1-280602035	S3-126801245
S1-521137555	S3-860555435
S1-521137555	S3-20708939
S1-521137555	S2-289793189
S1-313839264	S2-726898131
S1-32731382	S3-666032897
S1-816583290	S2-762822460
S1-816583290	S2-739578643
S1-816583290	S2-949491680
S1-816583290	S2-302284315
S1-768041275	S2-366523396
S1-768041275	S3-161807397
S1-768041275	S2-197292635
S1-768041275	S3-957175006
S1-116656991	S2-918341640
S1-878556899	S3-809042328
S1-878556899	S3-800441718
S1-878556899	S3-966019614
S1-304605941	S3-617456771
S1-269775008	S3-628184501
S1-580358705	S3-329062428
S1-580358705	S3-24642069
S1-99933827	S3-267974036
S1-208201348	S3-888100376
S1-910254792	S2-739912219
S1-844387293	S3-877602044
S1-844387293	S3-853485247
S1-782032183	S2-438426791
S1-782032183	S2-739085201
S1-638752887	S2-385919953
S1-233352253	S2-291003110
S1-97452027	S3-165033263
S1-341881167	S3-624136580
S1-684222447	S3-8848256
S1-401569371	S3-534702398
S1-401569371	S3-326489805
S1-401569371	S3-810194215
S1-319898441	S3-441229834
S1-319898441	S2-917262886
S1-319898441	S2-458634222
S1-598404868	S2-97245500
S1-715619575	S2-880657752
S1-545370440	S2-86495762
S1-545370440	S2-455810153
S1-15101056	S3-908349992
S1-765803740	S2-456793356
S1-597127202	S2-439703666
S1-128284481	S3-492394474
S1-388716893	S2-400368911
S1-388716893	S2-64428806
S1-547517194	S3-951813633
S1-547517194	S2-264990036
S1-164929165	S3-584551932
S1-80323672	S2-728611590
S1-80323672	S2-205240384
S1-220283303	S2-993904062
S1-220283303	S3-947089034
S1-636747366	S2-948781788
S1-636747366	S3-722458329
S1-827462193	S3-666187600
S1-277200375	S3-178498821
S1-97588115	S2-828128124
S1-97588115	S2-725364039
S1-20292437	S3-598143457
S1-322438437	S3-806183833
S1-322438437	S3-60429117
S1-430190527	S3-350101202
S1-430190527	S2-146188709
S1-485075491	S3-863461693
S1-485075491	S3-803751227
S1-634725300	S3-711110936
S1-538398068	S2-644300124
S1-163414475	S2-733708714
S1-163414475	S3-745961605
S1-946599955	S3-161649080
S1-946599955	S2-526041931
S1-946599955	S2-482738380
S1-946599955	S3-412660633
S1-727403328	S3-186859811
S1-727403328	S3-371091940
S1-699127394	S3-488729809
S1-699127394	S3-408713567
S1-699127394	S3-273280475
S1-598024256	S2-747081182
S1-841537095	S2-683003686
S1-841537095	S2-355734914
S1-991071783	S3-142755762
S1-250546253	S3-299925590
S1-477260246	S3-535731074
S1-20277413	S3-906492377
S1-20277413	S3-865892162
S1-20277413	S3-829935987
S1-20277413	S2-700917327
S1-20277413	S3-639185659
S1-683408345	S2-412028368
S1-683408345	S3-324424423
S1-574540041	S3-606445582
S1-574540041	S3-883886862
S1-574540041	S3-396112264
S1-574540041	S2-260544410
S1-574540041	S3-984939371
S1-348813863	S3-934789846
S1-942882345	S2-975136885
S1-942882345	S2-66944175
S1-942882345	S3-842772803
S1-690383438	S2-76615816
S1-690383438	S3-510447652
S1-768535345	S3-262164470
S1-509694408	S3-244440382
S1-82014678	S2-95267283
S1-82014678	S2-747140641
S1-82014678	S3-514676198
S1-620318112	S3-298394436
S1-348519847	S2-415631949
S1-348519847	S2-416058704
S1-584613308	S3-633627990
S1-584613308	S3-75099701
S1-584613308	S3-393890900
S1-782803571	S3-909460234
S1-782803571	S3-329031955
S1-782803571	S2-399258406
S1-316518221	S3-123070791
S1-316518221	S3-972846924
S1-651980502	S2-206120325
S1-651980502	S3-856003297
S1-478327417	S3-787637522
S1-986397344	S3-659352636
S1-986397344	S3-916147490
S1-290723112	S3-803435828
S1-290723112	S2-576208736
S1-290723112	S2-490313189
S1-844981556	S3-195668206
S1-844981556	S2-422291055
S1-278034179	S2-487683613
S1-922050161	S2-157301769
S1-366489005	S3-278653893
S1-836150446	S2-672489068
S1-782271800	S3-423883327
S1-782271800	S2-4366513
S1-44266774	S2-186190934
S1-287782595	S3-73174148
S1-201368540	S3-958268977
S1-429349930	S3-287621832
S1-429349930	S2-392873975
S1-302364299	S3-610579160
S1-19838559	S2-14473467
S1-985887361	S3-510846925
S1-985887361	S2-746543158
S1-985887361	S3-811217373
S1-372386408	S2-417411596
S1-31836503	S2-378028740
S1-31836503	S3-912126
S1-31836503	S2-261243339
S1-949942391	S3-590755020
S1-563759946	S2-517816779
S1-101151152	S3-654001017
S1-123206768	S2-890828597
S1-976163002	S2-414087282
S1-703878126	S3-138014469
S1-161035563	S2-653040235
S1-543114116	S2-944372687
S1-543114116	S3-226832680
S1-211346225	S2-521538279
S1-290433960	S2-239937653
S1-35114338	S2-633101847
S1-837385375	S2-50110539
S1-663277034	S3-74505055
S1-30305071	S2-477666566
S1-612561107	S2-260679064
S1-612561107	S2-348360790
S1-612561107	S2-669720697
S1-432234187	S2-260525549
S1-432234187	S2-291557086
S1-432234187	S3-655801260
S1-811180984	S2-272170101
S1-811180984	S3-27815075
S1-866560305	S3-808583435
S1-893775312	S2-365182905
S1-893775312	S3-408379377
S1-206804812	S2-686515038
S1-206804812	S2-394622455
S1-206804812	S3-464211205
S1-206804812	S2-575938393
S1-206804812	S3-311783592
S1-784839373	S3-107649858
S1-146356210	S3-414748434
S1-688899137	S2-379206659
S1-688899137	S2-903616818
S1-557158292	S2-142786560
S1-557158292	S3-61053229
S1-656860926	S3-61275404
S1-656860926	S2-392742274
S1-656860926	S3-350157884
S1-656860926	S3-435185528
S1-808347157	S2-536009352
S1-246875470	S2-359487514
S1-108492918	S3-990115653
S1-899374519	S2-758517762
S1-934662287	S2-444804643
S1-238444993	S2-145428008
S1-112659163	S3-258622825
S1-2124799	S2-287086375
S1-2124799	S3-665716558
S1-2124799	S3-774226735
S1-2124799	S3-743212731
S1-404805972	S3-447252552
S1-36168325	S3-459224967
S1-828704559	S3-960437048
S1-428145616	S3-65940597
S1-417916585	S3-608863974
S1-814260472	S3-155117161
S1-814260472	S3-567113922
S1-493064466	S2-809135496
S1-493064466	S3-349113791
S1-493064466	S2-724251372
S1-267127379	S2-336331701
S1-267127379	S3-133848878
S1-506643529	S2-674929309
S1-506643529	S2-84835486
S1-591730819	S2-835857366
S1-591730819	S2-652735301
S1-19225788	S3-465421031
S1-19225788	S3-997202317
S1-19225788	S2-904011510
S1-19225788	S2-29518683
S1-19225788	S3-855729893
