source1_entity_id	target_entity_id	label	split	name_exact	name_sorted_exact	name_char_ratio	name_squashed_ratio	name_token_jaccard	name_token_overlap	name_content_jaccard	name_legal_suffix_jaccard	name_script_equal	name_domain_stem_equal	address_exact	address_sorted_exact	address_char_ratio	address_squashed_ratio	address_token_jaccard	address_token_overlap	address_component_jaccard	address_digit_jaccard	street_number_equal	house_number_equal	address_script_equal	country_both_present	country_equal	left_name_missing	right_name_missing	left_address_missing	right_address_missing	left_country_missing	right_country_missing	blocking_channel_count	blocked_exact_name	blocked_name_rare_token	blocked_addr_rare_token	blocked_street_number	blocked_domain_stem	blocked_squashed_name_domain
S1-103841128	S2-142897369	1	train	0.0	0.0	0.9310344827586207	0.9411764705882352	0.8	1.0	1.0	0.0	1.0	0.0	1.0	1.0	0.9523809523809522	1.0	1.0	1.0	0.0	1.0	1.0	1.0	1.0	1.0	1.0	0.0	0.0	0.0	0.0	0.0	0.0	2.0	0.0	1.0	1.0	0.0	0.0	0.0
S1-103841128	S2-239847612	1	train	1.0	1.0	1.0	1.0	1.0	1.0	1.0	0.0	1.0	0.0	0.0	1.0	0.8095238095238095	0.8823529411764706	1.0	1.0	0.0	1.0	1.0	0.0	1.0	1.0	1.0	0.0	0.0	0.0	0.0	0.0	0.0	3.0	1.0	1.0	1.0	0.0	0.0	0.0
S1-103841128	S2-166915907	0	train	0.0	0.0	0.4590163934426229	0.4814814814814815	0.14285714285714285	0.25	0.16666666666666666	0.0	1.0	0.0	0.0	0.0	0.36363636363636365	0.4	0.0	0.0	0.0	0.0	0.0	0.0	1.0	1.0	1.0	0.0	0.0	0.0	0.0	0.0	0.0	1.0	0.0	1.0	0.0	0.0	0.0	0.0
S1-103841128	S2-16866238	0	train	0.0	0.0	0.41025641025641024	0.36363636363636365	0.14285714285714285	0.25	0.14285714285714285	0.0	1.0	0.0	0.0	0.0	0.33333333333333337	0.31818181818181823	0.0	0.0	0.0	0.0	0.0	0.0	1.0	1.0	1.0	0.0	0.0	0.0	0.0	0.0	0.0	1.0	0.0	1.0	0.0	0.0	0.0	0.0
S1-103841128	S2-177987787	0	train	0.0	0.0	0.47272727272727283	0.4489795918367348	0.14285714285714285	0.25	0.16666666666666666	0.0	1.0	0.0	0.0	0.0	0.2666666666666667	0.2222222222222222	0.0	0.0	0.0	0.0	0.0	0.0	1.0	1.0	1.0	0.0	0.0	0.0	0.0	0.0	0.0	1.0	0.0	1.0	0.0	0.0	0.0	0.0
S1-103841128	S2-186423293	0	train	0.0	0.0	0.44999999999999996	0.4444444444444444	0.2	0.5	0.2	0.0	1.0	0.0	0.0	0.0	0.30000000000000004	0.24	0.1111111111111111	0.25	0.0	0.0	0.0	0.0	1.0	1.0	1.0	0.0	0.0	0.0	0.0	0.0	0.0	1.0	0.0	1.0	0.0	0.0	0.0	0.0
S1-103841128	S2-31838754	0	train	0.0	0.0	0.4	0.41379310344827597	0.125	0.25	0.125	0.0	1.0	0.0	0.0	0.0	0.44999999999999996	0.4375	0.14285714285714285	0.25	0.0	0.0	0.0	0.0	1.0	1.0	1.0	0.0	0.0	0.0	0.0	0.0	0.0	1.0	0.0	1.0	0.0	0.0	0.0	0.0
S1-103841128	S2-335190237	0	train	0.0	0.0	0.3768115942028986	0.3728813559322034	0.09090909090909091	0.25	0.1	0.0	1.0	0.0	0.0	0.0	0.2272727272727273	0.17142857142857137	0.0	0.0	0.0	0.0	0.0	0.0	1.0	1.0	1.0	0.0	0.0	0.0	0.0	0.0	0.0	1.0	0.0	1.0	0.0	0.0	0.0	0.0
S1-103841128	S2-355980214	0	train	0.0	0.0	0.4642857142857143	0.48	0.14285714285714285	0.25	0.14285714285714285	0.0	1.0	0.0	0.0	0.0	0.40816326530612246	0.35	0.0	0.0	0.0	0.0	0.0	0.0	1.0	1.0	1.0	0.0	0.0	0.0	0.0	0.0	0.0	1.0	0.0	1.0	0.0	0.0	0.0	0.0
S1-103841128	S2-378127033	0	train	0.0	0.0	0.41666666666666663	0.41025641025641024	0.1	0.25	0.1	0.0	1.0	0.0	0.0	0.0	0.0	0.0	0.0	0.0	0.0	0.0	0.0	0.0	0.0	1.0	1.0	0.0	0.0	0.0	1.0	0.0	0.0	1.0	0.0	1.0	0.0	0.0	0.0	0.0
S1-103841128	S2-448519988	0	train	0.0	0.0	0.4285714285714286	0.4324324324324324	0.16666666666666666	0.3333333333333333	0.2	0.0	1.0	0.0	0.0	0.0	0.3414634146341463	0.303030303030303	0.14285714285714285	0.25	0.0	0.0	0.0	0.0	1.0	1.0	1.0	0.0	0.0	0.0	0.0	0.0	0.0	1.0	0.0	1.0	0.0	0.0	0.0	0.0
S1-103841128	S2-58833239	0	train	0.0	0.0	0.33333333333333337	0.33333333333333337	0.14285714285714285	0.25	0.16666666666666666	0.0	1.0	0.0	0.0	0.0	0.2692307692307693	0.24390243902439024	0.0	0.0	0.0	0.0	0.0	0.0	1.0	1.0	1.0	0.0	0.0	0.0	0.0	0.0	0.0	1.0	0.0	1.0	0.0	0.0	0.0	0.0
S1-103841128	S2-626401517	0	train	0.0	0.0	0.37735849056603776	0.3829787234042554	0.14285714285714285	0.25	0.16666666666666666	0.0	1.0	0.0	0.0	0.0	0.0	0.0	0.0	0.0	0.0	0.0	0.0	0.0	0.0	1.0	1.0	0.0	0.0	0.0	1.0	0.0	0.0	1.0	0.0	1.0	0.0	0.0	0.0	0.0
S1-103841128	S2-640323102	0	train	0.0	0.0	0.4363636363636364	0.4489795918367348	0.14285714285714285	0.25	0.16666666666666666	0.0	1.0	0.0	0.0	0.0	0.26415094339622647	0.23255813953488372	0.0	0.0	0.0	0.0	0.0	0.0	1.0	1.0	1.0	0.0	0.0	0.0	0.0	0.0	0.0	1.0	0.0	1.0	0.0	0.0	0.0	0.0
S1-103841128	S2-658884103	0	train	0.0	0.0	0.43333333333333335	0.42307692307692313	0.1111111111111111	0.25	0.1111111111111111	0.0	1.0	0.0	0.0	0.0	0.33898305084745756	0.2857142857142857	0.0	0.0	0.0	0.0	0.0	0.0	1.0	1.0	1.0	0.0	0.0	0.0	0.0	0.0	0.0	1.0	0.0	1.0	0.0	0.0	0.0	0.0
S1-103841128	S2-683300617	0	train	0.0	0.0	0.5	0.4761904761904761	0.14285714285714285	0.25	0.16666666666666666	0.0	1.0	0.0	0.0	0.0	0.24561403508771928	0.21276595744680848	0.0	0.0	0.0	0.0	0.0	0.0	1.0	1.0	1.0	0.0	0.0	0.0	0.0	0.0	0.0	1.0	0.0	1.0	0.0	0.0	0.0	0.0
S1-103841128	S2-749586075	0	train	0.0	0.0	0.41025641025641024	0.36363636363636365	0.14285714285714285	0.25	0.14285714285714285	0.0	1.0	0.0	0.0	0.0	0.33333333333333337	0.31818181818181823	0.0	0.0	0.0	0.0	0.0	0.0	1.0	1.0	1.0	0.0	0.0	0.0	0.0	0.0	0.0	1.0	0.0	1.0	0.0	0.0	0.0	0.0
S1-103841128	S3-222376562	0	train	0.0	0.0	0.339622641509434	0.34042553191489366	0.0	0.0	0.0	0.0	1.0	0.0	0.0	0.0	0.34615384615384615	0.2790697674418605	0.125	0.25	0.0	0.5	1.0	1.0	1.0	1.0	1.0	0.0	0.0	0.0	0.0	0.0	0.0	1.0	0.0	0.0	1.0	0.0	0.0	0.0
S1-103841128	S3-408083561	0	train	0.0	0.0	0.11764705882352944	0.12903225806451613	0.0	0.0	0.0	0.0	1.0	0.0	0.0	0.0	0.33333333333333337	0.31818181818181823	0.1111111111111111	0.25	0.0	0.3333333333333333	1.0	1.0	1.0	1.0	1.0	0.0	0.0	0.0	0.0	0.0	0.0	1.0	0.0	0.0	1.0	0.0	0.0	0.0
S1-103841128	S3-494594887	0	train	0.0	0.0	0.339622641509434	0.2978723404255319	0.14285714285714285	0.25	0.16666666666666666	0.0	1.0	0.0	0.0	0.0	0.2564102564102564	0.2222222222222222	0.0	0.0	0.0	0.0	0.0	0.0	1.0	1.0	0.0	0.0	0.0	0.0	0.0	0.0	0.0	1.0	0.0	1.0	0.0	0.0	0.0	0.0
S1-103841128	S3-494742851	0	train	0.0	0.0	0.41666666666666663	0.4285714285714286	0.14285714285714285	0.25	0.16666666666666666	0.0	1.0	0.0	0.0	0.0	0.0	0.0	0.0	0.0	0.0	0.0	0.0	0.0	0.0	1.0	1.0	0.0	0.0	0.0	1.0	0.0	0.0	1.0	0.0	1.0	0.0	0.0	0.0	0.0
S1-103841128	S3-53535569	0	train	0.0	0.0	0.339622641509434	0.29166666666666663	0.0	0.0	0.0	0.0	1.0	0.0	0.0	0.0	0.31746031746031744	0.3076923076923077	0.1	0.25	0.0	0.5	1.0	1.0	1.0	1.0	1.0	0.0	0.0	0.0	0.0	0.0	0.0	1.0	0.0	0.0	1.0	0.0	0.0	0.0
S1-103841128	S3-601916024	0	train	0.0	0.0	0.35	0.33333333333333337	0.2	0.5	0.2	0.0	1.0	0.0	0.0	0.0	0.2033898305084746	0.19999999999999996	0.0	0.0	0.0	0.0	0.0	0.0	1.0	1.0	1.0	0.0	0.0	0.0	0.0	0.0	0.0	1.0	0.0	1.0	0.0	0.0	0.0	0.0
S1-103841128	S3-631386741	0	train	0.0	0.0	0.56	0.5454545454545454	0.14285714285714285	0.25	0.16666666666666666	0.0	1.0	0.0	0.0	0.0	0.1923076923076923	0.13953488372093026	0.0	0.0	0.0	0.0	0.0	0.0	1.0	1.0	1.0	0.0	0.0	0.0	0.0	0.0	0.0	1.0	0.0	1.0	0.0	0.0	0.0	0.0
S1-103841128	S3-710983212	0	train	0.0	0.0	0.3846153846153846	0.3555555555555555	0.14285714285714285	0.25	0.16666666666666666	0.0	1.0	0.0	0.0	0.0	0.25	0.21739130434782605	0.0	0.0	0.0	0.0	0.0	0.0	1.0	1.0	1.0	0.0	0.0	0.0	0.0	0.0	0.0	1.0	0.0	1.0	0.0	0.0	0.0	0.0
S1-103841128	S3-731775176	0	train	0.0	0.0	0.45945945945945943	0.4545454545454546	0.1111111111111111	0.25	0.125	0.0	1.0	0.0	0.0	0.0	0.19999999999999996	0.19999999999999996	0.0	0.0	0.0	0.0	0.0	0.0	1.0	1.0	1.0	0.0	0.0	0.0	0.0	0.0	0.0	1.0	0.0	1.0	0.0	0.0	0.0	0.0
S1-103841128	S3-795384585	0	train	0.0	0.0	0.3793103448275862	0.4	0.1111111111111111	0.25	0.1111111111111111	0.0	1.0	0.0	0.0	0.0	0.3529411764705882	0.2857142857142857	0.0	0.0	0.0	0.0	0.0	0.0	1.0	1.0	1.0	0.0	0.0	0.0	0.0	0.0	0.0	1.0	0.0	1.0	0.0	0.0	0.0	0.0
S1-103841128	S3-851054499	0	train	0.0	0.0	0.37142857142857144	0.3548387096774194	0.1111111111111111	0.25	0.125	0.0	1.0	0.0	0.0	0.0	0.27450980392156865	0.23809523809523814	0.0	0.0	0.0	0.0	0.0	0.0	1.0	1.0	1.0	0.0	0.0	0.0	0.0	0.0	0.0	1.0	0.0	1.0	0.0	0.0	0.0	0.0
S1-103841128	S3-881057794	0	train	0.0	0.0	0.4	0.37209302325581395	0.125	0.25	0.14285714285714285	0.0	1.0	0.0	0.0	0.0	0.32727272727272727	0.30434782608695654	0.0	0.0	0.0	0.0	0.0	0.0	1.0	1.0	1.0	0.0	0.0	0.0	0.0	0.0	0.0	1.0	0.0	1.0	0.0	0.0	0.0	0.0
S1-103841128	S3-921920049	0	train	0.0	0.0	0.4	0.40816326530612246	0.14285714285714285	0.25	0.14285714285714285	0.0	1.0	0.0	0.0	0.0	0.27692307692307694	0.21818181818181814	0.0	0.0	0.0	0.0	0.0	0.0	1.0	1.0	1.0	0.0	0.0	0.0	0.0	0.0	0.0	1.0	0.0	1.0	0.0	0.0	0.0	0.0
S1-103841128	S3-930928855	0	train	0.0	0.0	0.2666666666666667	0.2564102564102564	0.0	0.0	0.0	0.0	1.0	0.0	0.0	0.0	0.3793103448275862	0.34782608695652173	0.09090909090909091	0.25	0.0	0.5	1.0	1.0	1.0	1.0	1.0	0.0	0.0	0.0	0.0	0.0	0.0	1.0	0.0	0.0	1.0	0.0	0.0	0.0
S1-103841128	S3-935132842	0	train	0.0	0.0	0.44999999999999996	0.4444444444444444	0.2	0.5	0.2	0.0	1.0	0.0	0.0	0.0	0.33333333333333337	0.2727272727272727	0.0	0.0	0.0	0.0	0.0	0.0	1.0	1.0	1.0	0.0	0.0	0.0	0.0	0.0	0.0	1.0	0.0	1.0	0.0	0.0	0.0	0.0
S1-11067878	S2-689109304	1	train	1.0	1.0	0.96	1.0	1.0	1.0	1.0	1.0	1.0	0.0	0.0	0.0	0.8378378378378379	0.8666666666666667	0.5555555555555556	0.8333333333333334	0.0	1.0	1.0	0.0	1.0	1.0	1.0	0.0	0.0	0.0	0.0	0.0	0.0	3.0	1.0	1.0	1.0	0.0	0.0	0.0
S1-11067878	S3-884091214	1	train	0.0	0.0	0.6808510638297872	0.75	0.4	0.6666666666666666	0.6666666666666666	0.0	1.0	0.0	0.0	0.0	0.7272727272727273	0.7323943661971832	0.7777777777777778	0.875	0.0	1.0	1.0	0.0	0.0	1.0	1.0	0.0	0.0	0.0	0.0	0.0	0.0	2.0	0.0	1.0	1.0	0.0	0.0	0.0
S1-11067878	S2-118242826	0	train	0.0	0.0	0.2857142857142857	0.29268292682926833	0.0	0.0	0.0	0.0	1.0	0.0	0.0	0.0	0.35	0.3298969072164949	0.045454545454545456	0.125	0.0	0.0	0.0	0.0	0.0	1.0	1.0	0.0	0.0	0.0	0.0	0.0	0.0	1.0	0.0	0.0	1.0	0.0	0.0	0.0
S1-11067878	S2-20010221	0	train	0.0	0.0	0.3870967741935484	0.37735849056603776	0.125	0.25	0.0	0.5	1.0	0.0	0.0	0.0	0.4	0.368421052631579	0.058823529411764705	0.125	0.0	0.0	0.0	0.0	0.0	1.0	1.0	0.0	0.0	0.0	0.0	0.0	0.0	1.0	0.0	0.0	1.0	0.0	0.0	0.0
S1-11067878	S2-317615125	0	train	0.0	0.0	0.3703703703703704	0.3555555555555555	0.3333333333333333	0.5	0.0	1.0	1.0	0.0	0.0	0.0	0.48571428571428577	0.49122807017543857	0.19047619047619047	0.5	0.0	0.0	0.0	0.0	1.0	1.0	1.0	0.0	0.0	0.0	0.0	0.0	0.0	1.0	0.0	0.0	1.0	0.0	0.0	0.0
S1-11067878	S2-329414037	0	train	0.0	0.0	0.4285714285714286	0.375	0.14285714285714285	0.25	0.0	0.5	1.0	0.0	0.0	0.0	0.5178571428571428	0.5168539325842696	0.15	0.375	0.0	0.0	0.0	0.0	1.0	1.0	1.0	0.0	0.0	0.0	0.0	0.0	0.0	1.0	0.0	0.0	1.0	0.0	0.0	0.0
S1-11067878	S2-340381447	0	train	0.0	0.0	0.4	0.37209302325581395	0.0	0.0	0.0	0.0	1.0	0.0	0.0	0.0	0.5909090909090908	0.6176470588235294	0.1875	0.375	0.0	0.0	0.0	0.0	1.0	1.0	1.0	0.0	0.0	0.0	0.0	0.0	0.0	1.0	0.0	0.0	1.0	0.0	0.0	0.0
S1-11067878	S2-390218158	0	train	0.0	0.0	0.39130434782608686	0.3157894736842105	0.3333333333333333	0.5	0.0	1.0	1.0	0.0	0.0	0.0	0.4489795918367348	0.430379746835443	0.2	0.375	0.0	0.0	0.0	0.0	1.0	1.0	1.0	0.0	0.0	0.0	0.0	0.0	0.0	1.0	0.0	0.0	1.0	0.0	0.0	0.0
S1-11067878	S2-455696664	0	train	0.0	0.0	0.7755102040816326	0.7804878048780488	0.6	0.75	0.3333333333333333	1.0	1.0	0.0	0.0	0.0	0.32758620689655177	0.32258064516129037	0.0	0.0	0.0	0.0	0.0	0.0	0.0	1.0	1.0	0.0	0.0	0.0	0.0	0.0	0.0	1.0	0.0	1.0	0.0	0.0	0.0	0.0
S1-11067878	S2-463129117	0	train	0.0	0.0	0.3508771929824561	0.33333333333333337	0.2857142857142857	0.5	0.0	1.0	1.0	0.0	0.0	0.0	0.4117647058823529	0.41379310344827597	0.15384615384615385	0.2857142857142857	0.0	0.0	0.0	0.0	1.0	1.0	1.0	0.0	0.0	0.0	0.0	0.0	0.0	1.0	0.0	0.0	1.0	0.0	0.0	0.0
S1-11067878	S2-600850804	0	train	0.0	0.0	0.4390243902439024	0.4705882352941176	0.16666666666666666	0.3333333333333333	0.0	0.5	1.0	0.0	0.0	0.0	0.5806451612903225	0.5866666666666667	0.4166666666666667	0.625	0.0	0.0	0.0	0.0	0.0	1.0	1.0	0.0	0.0	0.0	0.0	0.0	0.0	1.0	0.0	0.0	1.0	0.0	0.0	0.0
S1-11067878	S2-613670967	0	train	0.0	0.0	0.4545454545454546	0.4444444444444444	0.14285714285714285	0.25	0.0	0.5	1.0	0.0	0.0	0.0	0.3829787234042554	0.3846153846153846	0.16666666666666666	0.3333333333333333	0.0	0.0	0.0	0.0	1.0	1.0	1.0	0.0	0.0	0.0	0.0	0.0	0.0	1.0	0.0	0.0	1.0	0.0	0.0	0.0
S1-11067878	S2-711878186	0	train	0.0	0.0	0.375	0.4	0.3333333333333333	0.5	0.0	1.0	1.0	0.0	0.0	0.0	0.657142857142857	0.7142857142857143	0.4	0.6666666666666666	0.0	0.0	0.0	0.0	1.0	1.0	1.0	0.0	0.0	0.0	0.0	0.0	0.0	1.0	0.0	0.0	1.0	0.0	0.0	0.0
S1-11067878	S2-74598787	0	train	0.0	0.0	0.09523809523809523	0.0	0.0	0.0	0.0	0.0	0.0	0.0	0.0	0.0	0.5769230769230769	0.5714285714285714	0.1875	0.375	0.0	0.0	0.0	0.0	1.0	1.0	1.0	0.0	0.0	0.0	0.0	0.0	0.0	1.0	0.0	0.0	1.0	0.0	0.0	0.0
S1-11067878	S2-747393999	0	train	0.0	0.0	0.5531914893617021	0.5641025641025641	0.3333333333333333	0.5	0.0	1.0	1.0	0.0	0.0	0.0	0.4948453608247423	0.5128205128205128	0.1875	0.375	0.0	0.0	0.0	0.0	1.0	1.0	1.0	0.0	0.0	0.0	0.0	0.0	0.0	1.0	0.0	0.0	1.0	0.0	0.0	0.0
S1-11067878	S2-885599641	0	train	0.0	0.0	0.35	0.36363636363636365	0.16666666666666666	0.3333333333333333	0.0	0.5	1.0	0.0	0.0	0.0	0.5974025974025974	0.6451612903225806	0.15384615384615385	0.2857142857142857	0.0	0.0	0.0	0.0	1.0	1.0	1.0	0.0	0.0	0.0	0.0	0.0	0.0	1.0	0.0	0.0	1.0	0.0	0.0	0.0
S1-11067878	S2-891939611	0	train	0.0	0.0	0.40816326530612246	0.4285714285714286	0.16666666666666666	0.3333333333333333	0.0	0.5	1.0	0.0	0.0	0.0	0.5591397849462365	0.5405405405405406	0.1875	0.375	0.0	0.0	0.0	0.0	1.0	1.0	1.0	0.0	0.0	0.0	0.0	0.0	0.0	1.0	0.0	0.0	1.0	0.0	0.0	0.0
S1-11067878	S2-89988861	0	train	0.0	0.0	0.3793103448275862	0.4	0.0	0.0	0.0	0.0	1.0	0.0	0.0	0.0	0.4193548387096774	0.4077669902912622	0.17647058823529413	0.375	0.0	0.0	0.0	0.0	0.0	1.0	1.0	0.0	0.0	0.0	0.0	0.0	0.0	1.0	0.0	0.0	1.0	0.0	0.0	0.0
S1-11067878	S2-940608580	0	train	0.0	0.0	0.29268292682926833	0.2857142857142857	0.0	0.0	0.0	0.0	1.0	0.0	0.0	0.0	0.5783132530120482	0.5970149253731343	0.23076923076923078	0.375	0.0	0.0	0.0	0.0	1.0	1.0	1.0	0.0	0.0	0.0	0.0	0.0	0.0	1.0	0.0	0.0	1.0	0.0	0.0	0.0
S1-11067878	S3-100160026	0	train	0.0	0.0	0.09230769230769231	0.0	0.0	0.0	0.0	0.0	0.0	0.0	0.0	0.0	0.5135135135135135	0.48275862068965514	0.14285714285714285	0.25	0.0	0.0	0.0	0.0	1.0	1.0	1.0	0.0	0.0	0.0	0.0	0.0	0.0	1.0	0.0	0.0	1.0	0.0	0.0	0.0
S1-11067878	S3-102670596	0	train	0.0	0.0	0.4444444444444444	0.43478260869565216	0.14285714285714285	0.25	0.0	0.5	1.0	0.0	0.0	0.0	0.39655172413793105	0.40449438202247184	0.08695652173913043	0.25	0.0	0.0	0.0	0.0	1.0	1.0	1.0	0.0	0.0	0.0	0.0	0.0	0.0	1.0	0.0	0.0	1.0	0.0	0.0	0.0
S1-11067878	S3-182599775	0	train	0.0	0.0	0.34782608695652173	0.3589743589743589	0.16666666666666666	0.3333333333333333	0.0	0.5	1.0	0.0	0.0	0.0	0.38888888888888884	0.31034482758620685	0.07692307692307693	0.16666666666666666	0.0	0.0	0.0	0.0	0.0	1.0	1.0	0.0	0.0	0.0	0.0	0.0	0.0	1.0	0.0	0.0	1.0	0.0	0.0	0.0
S1-11067878	S3-189969148	0	train	0.0	0.0	0.5333333333333333	0.4864864864864865	0.3333333333333333	0.5	0.0	1.0	1.0	0.0	0.0	0.0	0.45833333333333337	0.41558441558441556	0.11764705882352941	0.25	0.0	0.0	0.0	0.0	1.0	1.0	1.0	0.0	0.0	0.0	0.0	0.0	0.0	1.0	0.0	0.0	1.0	0.0	0.0	0.0
S1-11067878	S3-243329857	0	train	0.0	0.0	0.31999999999999995	0.29268292682926833	0.125	0.25	0.0	0.5	1.0	0.0	0.0	0.0	0.5797101449275363	0.5714285714285714	0.18181818181818182	0.4	0.0	0.0	0.0	0.0	1.0	1.0	1.0	0.0	0.0	0.0	0.0	0.0	0.0	1.0	0.0	0.0	1.0	0.0	0.0	0.0
S1-11067878	S3-261859997	0	train	0.0	0.0	0.24390243902439024	0.22857142857142854	0.0	0.0	0.0	0.0	1.0	0.0	0.0	0.0	0.4516129032258065	0.4489795918367348	0.18181818181818182	0.4	0.0	0.0	0.0	0.0	1.0	1.0	1.0	0.0	0.0	0.0	0.0	0.0	0.0	1.0	0.0	0.0	1.0	0.0	0.0	0.0
S1-11067878	S3-431590716	0	train	0.0	0.0	0.3703703703703704	0.34782608695652173	0.14285714285714285	0.25	0.0	0.5	1.0	0.0	0.0	0.0	0.43956043956043955	0.41666666666666663	0.11764705882352941	0.25	0.0	0.0	0.0	0.0	1.0	1.0	1.0	0.0	0.0	0.0	0.0	0.0	0.0	1.0	0.0	0.0	1.0	0.0	0.0	0.0
S1-11067878	S3-551893001	0	train	0.0	0.0	0.4814814814814815	0.4444444444444444	0.2857142857142857	0.5	0.0	1.0	1.0	0.0	0.0	0.0	0.47887323943661975	0.45614035087719296	0.16666666666666666	0.3333333333333333	0.0	0.0	0.0	0.0	1.0	1.0	1.0	0.0	0.0	0.0	0.0	0.0	0.0	1.0	0.0	0.0	1.0	0.0	0.0	0.0
S1-11067878	S3-580608838	0	train	0.0	0.0	0.37735849056603776	0.4	0.14285714285714285	0.25	0.0	0.5	1.0	0.0	0.0	0.0	0.5357142857142857	0.5333333333333333	0.3125	0.625	0.0	0.0	0.0	0.0	0.0	1.0	1.0	0.0	0.0	0.0	0.0	0.0	0.0	1.0	0.0	0.0	1.0	0.0	0.0	0.0
S1-11067878	S3-78470048	0	train	0.0	0.0	0.11111111111111116	0.0	0.0	0.0	0.0	0.0	0.0	0.0	0.0	0.0	0.38636363636363635	0.3943661971830986	0.14285714285714285	0.25	0.0	0.0	0.0	0.0	1.0	1.0	1.0	0.0	0.0	0.0	0.0	0.0	0.0	1.0	0.0	0.0	1.0	0.0	0.0	0.0
S1-11067878	S3-863421411	0	train	0.0	0.0	0.5454545454545454	0.5357142857142857	0.25	0.5	0.0	1.0	1.0	0.0	0.0	0.0	0.7160493827160495	0.7384615384615385	0.36363636363636365	0.5714285714285714	0.0	0.0	0.0	0.0	1.0	1.0	1.0	0.0	0.0	0.0	0.0	0.0	0.0	1.0	0.0	0.0	1.0	0.0	0.0	0.0
S1-11067878	S3-929420539	0	train	0.0	0.0	0.3076923076923077	0.375	0.0	0.0	0.0	0.0	1.0	0.0	0.0	0.0	0.42592592592592593	0.4269662921348315	0.058823529411764705	0.125	0.0	0.0	0.0	0.0	0.0	1.0	1.0	0.0	0.0	0.0	0.0	0.0	0.0	1.0	0.0	0.0	1.0	0.0	0.0	0.0
S1-11067878	S3-939082440	0	train	0.0	0.0	0.08695652173913049	0.0	0.0	0.0	0.0	0.0	0.0	0.0	0.0	0.0	0.4390243902439024	0.3880597014925373	0.07142857142857142	0.14285714285714285	0.0	0.0	0.0	0.0	1.0	1.0	1.0	0.0	0.0	0.0	0.0	0.0	0.0	1.0	0.0	0.0	1.0	0.0	0.0	0.0
S1-127431788	S2-368267940	1	train	0.0	0.0	0.7142857142857143	0.7692307692307692	0.5	1.0	1.0	0.0	1.0	0.0	0.0	0.0	0.6461538461538461	0.6545454545454545	0.6666666666666666	0.8	0.0	1.0	1.0	0.0	1.0	1.0	1.0	0.0	0.0	0.0	0.0	0.0	0.0	2.0	0.0	1.0	1.0	0.0	0.0	0.0
S1-127431788	S2-965770755	1	train	0.0	0.0	0.3076923076923077	0.3076923076923077	0.0	0.0	0.0	0.0	1.0	0.0	0.0	0.0	0.8307692307692307	0.8727272727272728	0.6666666666666666	0.8	0.0	1.0	1.0	1.0	1.0	1.0	1.0	0.0	0.0	0.0	0.0	0.0	0.0	1.0	0.0	0.0	1.0	0.0	0.0	0.0
S1-127431788	S3-740814809	1	train	1.0	1.0	1.0	1.0	1.0	1.0	1.0	0.0	1.0	0.0	0.0	0.0	0.7323943661971832	0.7540983606557377	0.25	0.4	0.0	0.0	0.0	0.0	1.0	1.0	1.0	0.0	0.0	0.0	0.0	0.0	0.0	3.0	1.0	1.0	1.0	0.0	0.0	0.0
S1-127431788	S2-180759432	0	train	0.0	0.0	0.4545454545454546	0.5	0.3333333333333333	1.0	0.3333333333333333	0.0	1.0	0.0	0.0	0.0	0.2666666666666667	0.20408163265306123	0.0	0.0	0.0	0.0	0.0	0.0	1.0	1.0	1.0	0.0	0.0	0.0	0.0	0.0	0.0	1.0	0.0	1.0	0.0	0.0	0.0	0.0
S1-127431788	S2-228635829	0	train	0.0	0.0	0.4	0.4545454545454546	0.25	1.0	0.3333333333333333	0.0	1.0	0.0	0.0	0.0	0.3513513513513513	0.31746031746031744	0.0	0.0	0.0	0.0	0.0	0.0	1.0	1.0	1.0	0.0	0.0	0.0	0.0	0.0	0.0	1.0	0.0	1.0	0.0	0.0	0.0	0.0
S1-127431788	S2-248990377	0	train	0.0	0.0	0.3703703703703704	0.41666666666666663	0.25	1.0	0.3333333333333333	0.0	1.0	0.0	0.0	0.0	0.25806451612903225	0.196078431372549	0.0	0.0	0.0	0.0	0.0	0.0	1.0	1.0	1.0	0.0	0.0	0.0	0.0	0.0	0.0	1.0	0.0	1.0	0.0	0.0	0.0	0.0
S1-127431788	S2-250547066	0	train	0.0	0.0	0.3571428571428571	0.4	0.25	1.0	0.3333333333333333	0.0	1.0	0.0	0.0	0.0	0.30508474576271183	0.29166666666666663	0.0	0.0	0.0	0.0	0.0	0.0	1.0	1.0	1.0	0.0	0.0	0.0	0.0	0.0	0.0	1.0	0.0	1.0	0.0	0.0	0.0	0.0
S1-127431788	S2-290234186	0	train	0.0	0.0	0.2941176470588235	0.33333333333333337	0.2	1.0	0.25	0.0	1.0	0.0	0.0	0.0	0.33898305084745756	0.2857142857142857	0.0	0.0	0.0	0.0	0.0	0.0	1.0	1.0	1.0	0.0	0.0	0.0	0.0	0.0	0.0	1.0	0.0	1.0	0.0	0.0	0.0	0.0
S1-127431788	S2-438005758	0	train	0.0	0.0	0.3703703703703704	0.41666666666666663	0.25	1.0	0.3333333333333333	0.0	1.0	0.0	0.0	0.0	0.3214285714285714	0.34042553191489366	0.0	0.0	0.0	0.0	0.0	0.0	1.0	1.0	1.0	0.0	0.0	0.0	0.0	0.0	0.0	1.0	0.0	1.0	0.0	0.0	0.0	0.0
S1-127431788	S2-506219781	0	train	0.0	0.0	0.5	0.5555555555555556	0.3333333333333333	1.0	0.5	0.0	1.0	0.0	0.0	0.0	0.3548387096774194	0.3137254901960784	0.0	0.0	0.0	0.0	0.0	0.0	1.0	1.0	1.0	0.0	0.0	0.0	0.0	0.0	0.0	1.0	0.0	1.0	0.0	0.0	0.0	0.0
S1-127431788	S2-578889567	0	train	0.0	0.0	0.625	0.7142857142857143	0.3333333333333333	1.0	0.3333333333333333	0.0	1.0	0.0	0.0	0.0	0.375	0.37735849056603776	0.0	0.0	0.0	0.0	0.0	0.0	1.0	1.0	1.0	0.0	0.0	0.0	0.0	0.0	0.0	1.0	0.0	1.0	0.0	0.0	0.0	0.0
S1-127431788	S2-585698538	0	train	0.0	0.0	0.4545454545454546	0.5	0.3333333333333333	1.0	0.3333333333333333	0.0	1.0	0.0	0.0	0.0	0.3098591549295775	0.30000000000000004	0.0	0.0	0.0	0.0	0.0	0.0	1.0	1.0	1.0	0.0	0.0	0.0	0.0	0.0	0.0	1.0	0.0	1.0	0.0	0.0	0.0	0.0
S1-127431788	S2-670386336	0	train	0.0	0.0	0.4545454545454546	0.5	0.3333333333333333	1.0	0.5	0.0	1.0	0.0	0.0	0.0	0.27118644067796616	0.28	0.0	0.0	0.0	0.0	0.0	0.0	1.0	1.0	1.0	0.0	0.0	0.0	0.0	0.0	0.0	1.0	0.0	1.0	0.0	0.0	0.0	0.0
S1-127431788	S2-69033121	0	train	0.0	0.0	0.3448275862068966	0.3846153846153846	0.25	1.0	0.3333333333333333	0.0	1.0	0.0	0.0	0.0	0.2545454545454545	0.21739130434782605	0.0	0.0	0.0	0.0	0.0	0.0	1.0	1.0	1.0	0.0	0.0	0.0	0.0	0.0	0.0	1.0	0.0	1.0	0.0	0.0	0.0	0.0
S1-127431788	S2-69968529	0	train	0.0	0.0	0.4761904761904761	0.5263157894736843	0.3333333333333333	1.0	0.5	0.0	1.0	0.0	0.0	0.0	0.4067796610169492	0.36734693877551017	0.0	0.0	0.0	0.0	0.0	0.0	1.0	1.0	1.0	0.0	0.0	0.0	0.0	0.0	0.0	1.0	0.0	1.0	0.0	0.0	0.0	0.0
S1-127431788	S2-837103914	0	train	0.0	0.0	0.4545454545454546	0.5	0.3333333333333333	1.0	0.5	0.0	1.0	0.0	0.0	0.0	0.3492063492063492	0.31999999999999995	0.0	0.0	0.0	0.0	0.0	0.0	1.0	1.0	1.0	0.0	0.0	0.0	0.0	0.0	0.0	1.0	0.0	1.0	0.0	0.0	0.0	0.0
S1-127431788	S2-847964055	0	train	0.0	0.0	0.4761904761904761	0.5263157894736843	0.3333333333333333	1.0	0.5	0.0	1.0	0.0	0.0	0.0	0.40625	0.41509433962264153	0.0	0.0	0.0	0.0	0.0	0.0	1.0	1.0	1.0	0.0	0.0	0.0	0.0	0.0	0.0	1.0	0.0	1.0	0.0	0.0	0.0	0.0
S1-127431788	S2-878466875	0	train	0.0	0.0	0.43478260869565216	0.4761904761904761	0.3333333333333333	1.0	0.3333333333333333	0.0	1.0	0.0	0.0	0.0	0.3214285714285714	0.26086956521739135	0.0	0.0	0.0	0.0	0.0	0.0	1.0	1.0	1.0	0.0	0.0	0.0	0.0	0.0	0.0	1.0	0.0	1.0	0.0	0.0	0.0	0.0
S1-127431788	S3-121237973	0	train	0.0	0.0	0.2857142857142857	0.32258064516129037	0.2	1.0	0.25	0.0	1.0	0.0	0.0	0.0	0.40506329113924056	0.35820895522388063	0.0	0.0	0.0	0.0	0.0	0.0	1.0	1.0	1.0	0.0	0.0	0.0	0.0	0.0	0.0	1.0	0.0	1.0	0.0	0.0	0.0	0.0
S1-127431788	S3-305325241	0	train	0.0	0.0	0.7142857142857143	0.8333333333333335	0.3333333333333333	1.0	0.3333333333333333	0.0	1.0	0.0	0.0	0.0	0.33333333333333337	0.3214285714285714	0.0	0.0	0.0	0.0	0.0	0.0	1.0	1.0	1.0	0.0	0.0	0.0	0.0	0.0	0.0	1.0	0.0	1.0	0.0	0.0	0.0	0.0
S1-127431788	S3-34768081	0	train	0.0	0.0	0.4545454545454546	0.5	0.3333333333333333	1.0	0.5	0.0	1.0	0.0	0.0	0.0	0.2857142857142857	0.2727272727272727	0.0	0.0	0.0	0.0	0.0	0.0	1.0	1.0	1.0	0.0	0.0	0.0	0.0	0.0	0.0	1.0	0.0	1.0	0.0	0.0	0.0	0.0
S1-127431788	S3-411640863	0	train	0.0	0.0	0.3571428571428571	0.41666666666666663	0.2	1.0	0.2	0.0	1.0	0.0	0.0	0.0	0.34375	0.2962962962962963	0.0	0.0	0.0	0.0	0.0	0.0	1.0	1.0	1.0	0.0	0.0	0.0	0.0	0.0	0.0	1.0	0.0	1.0	0.0	0.0	0.0	0.0
S1-127431788	S3-428786148	0	train	0.0	0.0	0.5	0.5263157894736843	0.5	1.0	0.5	0.0	1.0	0.0	0.0	0.0	0.4	0.36363636363636365	0.0	0.0	0.0	0.0	0.0	0.0	1.0	1.0	1.0	0.0	0.0	0.0	0.0	0.0	0.0	1.0	0.0	1.0	0.0	0.0	0.0	0.0
S1-127431788	S3-447508014	0	train	0.0	0.0	0.41666666666666663	0.4545454545454546	0.3333333333333333	1.0	0.3333333333333333	0.0	1.0	0.0	0.0	0.0	0.39473684210526316	0.4	0.0	0.0	0.0	0.0	0.0	0.0	1.0	1.0	1.0	0.0	0.0	0.0	0.0	0.0	0.0	1.0	0.0	1.0	0.0	0.0	0.0	0.0
S1-127431788	S3-489668761	0	train	0.0	0.0	0.4761904761904761	0.5263157894736843	0.3333333333333333	1.0	0.5	0.0	1.0	0.0	0.0	0.0	0.4	0.3728813559322034	0.0	0.0	0.0	0.0	0.0	0.0	1.0	1.0	1.0	0.0	0.0	0.0	0.0	0.0	0.0	1.0	0.0	1.0	0.0	0.0	0.0	0.0
S1-127431788	S3-576716338	0	train	0.0	0.0	0.3846153846153846	0.43478260869565216	0.25	1.0	0.3333333333333333	0.0	1.0	0.0	0.0	0.0	0.3188405797101449	0.30508474576271183	0.0	0.0	0.0	0.0	0.0	0.0	1.0	1.0	1.0	0.0	0.0	0.0	0.0	0.0	0.0	1.0	0.0	1.0	0.0	0.0	0.0	0.0
S1-127431788	S3-701528895	0	train	0.0	0.0	0.2564102564102564	0.2857142857142857	0.2	1.0	0.25	0.0	1.0	0.0	0.0	0.0	0.3448275862068966	0.3287671232876712	0.0	0.0	0.0	0.0	0.0	0.0	1.0	1.0	1.0	0.0	0.0	0.0	0.0	0.0	0.0	1.0	0.0	1.0	0.0	0.0	0.0	0.0
S1-127431788	S3-800421940	0	train	0.0	0.0	0.625	0.7142857142857143	0.3333333333333333	1.0	0.5	0.0	1.0	0.0	0.0	0.0	0.3529411764705882	0.3157894736842105	0.0	0.0	0.0	0.0	0.0	0.0	1.0	1.0	1.0	0.0	0.0	0.0	0.0	0.0	0.0	1.0	0.0	1.0	0.0	0.0	0.0	0.0
S1-127431788	S3-808038015	0	train	0.0	0.0	0.2857142857142857	0.32258064516129037	0.2	1.0	0.25	0.0	1.0	0.0	0.0	0.0	0.3571428571428571	0.3561643835616438	0.0	0.0	0.0	0.0	0.0	0.0	1.0	1.0	1.0	0.0	0.0	0.0	0.0	0.0	0.0	1.0	0.0	1.0	0.0	0.0	0.0	0.0
S1-127431788	S3-855637134	0	train	0.0	0.0	0.5263157894736843	0.5882352941176471	0.3333333333333333	1.0	0.5	0.0	1.0	0.0	0.0	0.0	0.31746031746031744	0.2962962962962963	0.0	0.0	0.0	0.0	0.0	0.0	1.0	1.0	1.0	0.0	0.0	0.0	0.0	0.0	0.0	1.0	0.0	1.0	0.0	0.0	0.0	0.0
S1-127431788	S3-866380043	0	train	0.0	0.0	0.3846153846153846	0.41666666666666663	0.3333333333333333	1.0	0.3333333333333333	0.0	1.0	0.0	0.0	0.0	0.3529411764705882	0.3157894736842105	0.0	0.0	0.0	0.0	0.0	0.0	1.0	1.0	1.0	0.0	0.0	0.0	0.0	0.0	0.0	1.0	0.0	1.0	0.0	0.0	0.0	0.0
S1-127431788	S3-876381	0	train	0.0	0.0	0.32258064516129037	0.3571428571428571	0.25	1.0	0.25	0.0	1.0	0.0	0.0	0.0	0.34375	0.33333333333333337	0.0	0.0	0.0	0.0	0.0	0.0	1.0	1.0	1.0	0.0	0.0	0.0	0.0	0.0	0.0	1.0	0.0	1.0	0.0	0.0	0.0	0.0
S1-127431788	S3-917479129	0	train	0.0	0.0	0.3703703703703704	0.41666666666666663	0.25	1.0	0.3333333333333333	0.0	1.0	0.0	0.0	0.0	0.4242424242424242	0.3571428571428571	0.0	0.0	0.0	0.0	0.0	0.0	1.0	1.0	1.0	0.0	0.0	0.0	0.0	0.0	0.0	1.0	0.0	1.0	0.0	0.0	0.0	0.0
S1-127535587	S2-194475207	1	train	1.0	1.0	1.0	1.0	1.0	1.0	1.0	1.0	1.0	0.0	0.0	0.0	0.8299319727891157	0.8717948717948718	0.8461538461538461	1.0	0.0	0.5	0.0	0.0	1.0	1.0	1.0	0.0	0.0	0.0	0.0	0.0	0.0	3.0	1.0	1.0	1.0	0.0	0.0	0.0
S1-127535587	S3-228502226	1	train	0.0	0.0	0.2142857142857143	0.24	0.0	0.0	0.0	0.0	1.0	0.0	0.0	0.0	0.8951048951048951	0.9391304347826087	0.75	0.9	0.0	1.0	1.0	0.0	1.0	1.0	1.0	0.0	0.0	0.0	0.0	0.0	0.0	1.0	0.0	0.0	1.0	0.0	0.0	0.0
S1-127535587	S3-300010604	1	train	0.0	0.0	0.8823529411764706	0.896551724137931	0.75	1.0	1.0	0.5	1.0	0.0	0.0	0.0	0.6260869565217391	0.673913043478261	0.3333333333333333	0.8	0.0	1.0	1.0	0.0	1.0	1.0	1.0	0.0	0.0	0.0	0.0	0.0	0.0	1.0	0.0	1.0	0.0	0.0	0.0	0.0
S1-127535587	S2-191895615	0	train	0.0	0.0	0.12	0.0	0.0	0.0	0.0	0.0	0.0	0.0	0.0	0.0	0.4605263157894737	0.4552845528455285	0.1	0.18181818181818182	0.0	0.0	0.0	0.0	1.0	1.0	1.0	0.0	0.0	0.0	0.0	0.0	0.0	1.0	0.0	0.0	1.0	0.0	0.0	0.0
S1-127535587	S2-229268189	0	train	0.0	0.0	0.21276595744680848	0.23809523809523814	0.0	0.0	0.0	0.0	1.0	0.0	0.0	0.0	0.38848920863309355	0.37168141592920356	0.1111111111111111	0.2222222222222222	0.0	0.0	0.0	0.0	1.0	1.0	1.0	0.0	0.0	0.0	0.0	0.0	0.0	1.0	0.0	0.0	1.0	0.0	0.0	0.0
S1-127535587	S2-386523792	0	train	0.0	0.0	0.1132075471698113	0.0	0.0	0.0	0.0	0.0	0.0	0.0	0.0	0.0	0.3309352517985612	0.3362831858407079	0.17647058823529413	0.3333333333333333	0.0	0.0	0.0	0.0	1.0	1.0	1.0	0.0	0.0	0.0	0.0	0.0	0.0	1.0	0.0	0.0	1.0	0.0	0.0	0.0
S1-127535587	S2-398650217	0	train	0.0	0.0	0.38095238095238093	0.34285714285714286	0.3333333333333333	0.5	0.0	1.0	1.0	0.0	0.0	0.0	0.3924050632911392	0.375	0.14285714285714285	0.2727272727272727	0.0	0.0	0.0	0.0	1.0	1.0	1.0	0.0	0.0	0.0	0.0	0.0	0.0	1.0	0.0	0.0	1.0	0.0	0.0	0.0
S1-127535587	S2-474723236	0	train	0.0	0.0	0.3157894736842105	0.25	0.14285714285714285	0.25	0.0	0.3333333333333333	1.0	0.0	0.0	0.0	0.5	0.5042016806722689	0.15	0.2727272727272727	0.0	0.0	0.0	0.0	1.0	1.0	1.0	0.0	0.0	0.0	0.0	0.0	0.0	1.0	0.0	0.0	1.0	0.0	0.0	0.0
S1-127535587	S2-487896171	0	train	0.0	0.0	0.5490196078431373	0.5	0.2857142857142857	0.5	0.0	1.0	1.0	0.0	0.0	0.0	0.3709677419354838	0.30612244897959184	0.05263157894736842	0.1111111111111111	0.0	0.0	0.0	0.0	1.0	1.0	1.0	0.0	0.0	0.0	0.0	0.0	0.0	1.0	0.0	0.0	1.0	0.0	0.0	0.0
S1-127535587	S2-503244844	0	train	0.0	0.0	0.10169491525423723	0.0	0.0	0.0	0.0	0.0	0.0	0.0	0.0	0.0	0.38144329896907214	0.3703703703703704	0.04	0.09090909090909091	0.0	0.0	0.0	0.0	1.0	1.0	1.0	0.0	0.0	0.0	0.0	0.0	0.0	1.0	0.0	0.0	1.0	0.0	0.0	0.0
S1-127535587	S2-523255163	0	train	0.0	0.0	0.09999999999999998	0.0	0.0	0.0	0.0	0.0	0.0	0.0	0.0	0.0	0.5068493150684932	0.49572649572649574	0.2222222222222222	0.36363636363636365	0.0	0.0	0.0	0.0	1.0	1.0	1.0	0.0	0.0	0.0	0.0	0.0	0.0	1.0	0.0	0.0	1.0	0.0	0.0	0.0
S1-127535587	S2-571363057	0	train	0.0	0.0	0.2222222222222222	0.25	0.0	0.0	0.0	0.0	1.0	0.0	0.0	0.0	0.5323741007194245	0.5178571428571428	0.23529411764705882	0.4	0.0	0.0	0.0	0.0	1.0	1.0	1.0	0.0	0.0	0.0	0.0	0.0	0.0	1.0	0.0	0.0	1.0	0.0	0.0	0.0
S1-127535587	S2-576148288	0	train	0.0	0.0	0.5909090909090908	0.5263157894736843	0.3333333333333333	0.5	0.0	1.0	1.0	0.0	0.0	0.0	0.5562913907284768	0.540983606557377	0.35294117647058826	0.5454545454545454	0.0	0.0	0.0	0.0	1.0	1.0	1.0	0.0	0.0	0.0	0.0	0.0	0.0	1.0	0.0	0.0	1.0	0.0	0.0	0.0
S1-127535587	S2-697180100	0	train	0.0	0.0	0.11111111111111116	0.0	0.0	0.0	0.0	0.0	0.0	0.0	0.0	0.0	0.3940886699507389	0.3905325443786982	0.07692307692307693	0.18181818181818182	0.0	0.0	0.0	0.0	1.0	1.0	1.0	0.0	0.0	0.0	0.0	0.0	0.0	1.0	0.0	0.0	1.0	0.0	0.0	0.0
S1-127535587	S2-747789409	0	train	0.0	0.0	0.5416666666666667	0.5	0.25	0.5	0.0	1.0	1.0	0.0	0.0	0.0	0.42553191489361697	0.4173913043478261	0.17647058823529413	0.3333333333333333	0.0	0.0	0.0	0.0	1.0	1.0	1.0	0.0	0.0	0.0	0.0	0.0	0.0	1.0	0.0	0.0	1.0	0.0	0.0	0.0
S1-127535587	S2-770184843	0	train	0.0	0.0	0.4782608695652174	0.4615384615384615	0.2857142857142857	0.5	0.0	1.0	1.0	0.0	0.0	0.0	0.3857142857142857	0.375	0.15789473684210525	0.2727272727272727	0.0	0.0	0.0	0.0	1.0	1.0	1.0	0.0	0.0	0.0	0.0	0.0	0.0	1.0	0.0	0.0	1.0	0.0	0.0	0.0
S1-127535587	S2-780497444	0	train	0.0	0.0	0.48	0.4651162790697675	0.2857142857142857	0.5	0.0	1.0	1.0	0.0	0.0	0.0	0.36363636363636365	0.37606837606837606	0.1111111111111111	0.2222222222222222	0.0	0.0	0.0	0.0	1.0	1.0	1.0	0.0	0.0	0.0	0.0	0.0	0.0	1.0	0.0	0.0	1.0	0.0	0.0	0.0
S1-127535587	S2-932971733	0	train	0.0	0.0	0.42105263157894735	0.4242424242424242	0.16666666666666666	0.3333333333333333	0.25	0.0	1.0	0.0	0.0	0.0	0.3971631205673759	0.368421052631579	0.0	0.0	0.0	0.0	0.0	0.0	1.0	1.0	1.0	0.0	0.0	0.0	0.0	0.0	0.0	1.0	0.0	1.0	0.0	0.0	0.0	0.0
S1-127535587	S3-169868308	0	train	0.0	0.0	0.32258064516129037	0.2962962962962963	0.0	0.0	0.0	0.0	1.0	0.0	0.0	0.0	0.7462686567164178	0.7777777777777779	0.35714285714285715	0.625	0.0	0.0	0.0	0.0	1.0	1.0	1.0	0.0	0.0	0.0	0.0	0.0	0.0	1.0	0.0	0.0	1.0	0.0	0.0	0.0
S1-127535587	S3-233960107	0	train	0.0	0.0	0.4	0.4	0.16666666666666666	0.3333333333333333	0.25	0.0	1.0	0.0	0.0	0.0	0.3768115942028986	0.39252336448598135	0.0	0.0	0.0	0.0	0.0	0.0	1.0	1.0	1.0	0.0	0.0	0.0	0.0	0.0	0.0	1.0	0.0	1.0	0.0	0.0	0.0	0.0
S1-127535587	S3-349826054	0	train	0.0	0.0	0.5909090909090908	0.5405405405405406	0.2857142857142857	0.5	0.0	1.0	1.0	0.0	0.0	0.0	0.39743589743589747	0.368	0.08695652173913043	0.18181818181818182	0.0	0.0	0.0	0.0	1.0	1.0	1.0	0.0	0.0	0.0	0.0	0.0	0.0	1.0	0.0	0.0	1.0	0.0	0.0	0.0
S1-127535587	S3-404584417	0	train	0.0	0.0	0.3076923076923077	0.2941176470588235	0.16666666666666666	0.3333333333333333	0.0	0.5	1.0	0.0	0.0	0.0	0.41428571428571426	0.3893805309734514	0.05263157894736842	0.1111111111111111	0.0	0.0	0.0	0.0	1.0	1.0	1.0	0.0	0.0	0.0	0.0	0.0	0.0	1.0	0.0	0.0	1.0	0.0	0.0	0.0
S1-127535587	S3-41500539	0	train	0.0	0.0	0.41860465116279066	0.42105263157894735	0.16666666666666666	0.3333333333333333	0.0	0.5	1.0	0.0	0.0	0.0	0.4651162790697675	0.4356435643564357	0.15789473684210525	0.2727272727272727	0.0	0.0	0.0	0.0	1.0	1.0	1.0	0.0	0.0	0.0	0.0	0.0	0.0	1.0	0.0	0.0	1.0	0.0	0.0	0.0
S1-127535587	S3-428066233	0	train	0.0	0.0	0.10909090909090914	0.0	0.0	0.0	0.0	0.0	0.0	0.0	0.0	0.0	0.4285714285714286	0.43333333333333335	0.08	0.18181818181818182	0.0	0.0	0.0	0.0	1.0	1.0	1.0	0.0	0.0	0.0	0.0	0.0	0.0	1.0	0.0	0.0	1.0	0.0	0.0	0.0
S1-127535587	S3-470996191	0	train	0.0	0.0	0.5853658536585367	0.5142857142857142	0.6	0.75	0.3333333333333333	1.0	1.0	0.0	0.0	0.0	0.45581395348837206	0.4545454545454546	0.07407407407407407	0.18181818181818182	0.0	0.0	0.0	0.0	1.0	1.0	1.0	0.0	0.0	0.0	0.0	0.0	0.0	1.0	0.0	1.0	0.0	0.0	0.0	0.0
S1-127535587	S3-502427573	0	train	0.0	0.0	0.6842105263157895	0.6875	0.6	0.75	0.3333333333333333	1.0	1.0	0.0	0.0	0.0	0.3035714285714286	0.3146067415730337	0.0	0.0	0.0	0.0	0.0	0.0	1.0	1.0	1.0	0.0	0.0	0.0	0.0	0.0	0.0	1.0	0.0	1.0	0.0	0.0	0.0	0.0
S1-127535587	S3-504562571	0	train	0.0	0.0	0.23728813559322037	0.1923076923076923	0.0	0.0	0.0	0.0	1.0	0.0	0.0	0.0	0.445859872611465	0.4307692307692308	0.05263157894736842	0.1111111111111111	0.0	0.0	0.0	0.0	1.0	1.0	1.0	0.0	0.0	0.0	0.0	0.0	0.0	1.0	0.0	0.0	1.0	0.0	0.0	0.0
S1-127535587	S3-510583941	0	train	0.0	0.0	0.4838709677419355	0.4814814814814815	0.25	0.5	0.0	1.0	1.0	0.0	0.0	0.0	0.4563758389261745	0.4426229508196722	0.17647058823529413	0.3333333333333333	0.0	0.0	0.0	0.0	1.0	1.0	1.0	0.0	0.0	0.0	0.0	0.0	0.0	1.0	0.0	0.0	1.0	0.0	0.0	0.0
S1-127535587	S3-542531677	0	train	0.0	0.0	0.46875	0.4363636363636364	0.2222222222222222	0.5	0.0	1.0	1.0	0.0	0.0	0.0	0.5	0.47706422018348627	0.23529411764705882	0.4	0.0	0.0	0.0	0.0	1.0	1.0	1.0	0.0	0.0	0.0	0.0	0.0	0.0	1.0	0.0	0.0	1.0	0.0	0.0	0.0
S1-127535587	S3-602323007	0	train	0.0	0.0	0.1132075471698113	0.0	0.0	0.0	0.0	0.0	0.0	0.0	0.0	0.0	0.3696682464454977	0.36994219653179194	0.08	0.18181818181818182	0.0	0.0	0.0	0.0	1.0	1.0	1.0	0.0	0.0	0.0	0.0	0.0	0.0	1.0	0.0	0.0	1.0	0.0	0.0	0.0
S1-127535587	S3-691432779	0	train	0.0	0.0	0.4444444444444444	0.4516129032258065	0.16666666666666666	0.3333333333333333	0.0	0.5	1.0	0.0	0.0	0.0	0.44171779141104295	0.41221374045801523	0.08695652173913043	0.18181818181818182	0.0	0.0	0.0	0.0	1.0	1.0	1.0	0.0	0.0	0.0	0.0	0.0	0.0	1.0	0.0	0.0	1.0	0.0	0.0	0.0
S1-127535587	S3-704549140	0	train	0.0	0.0	0.42105263157894735	0.4	0.2857142857142857	0.5	0.0	1.0	1.0	0.0	0.0	0.0	0.41666666666666663	0.3829787234042554	0.05263157894736842	0.1111111111111111	0.0	0.0	0.0	0.0	1.0	1.0	1.0	0.0	0.0	0.0	0.0	0.0	0.0	1.0	0.0	0.0	1.0	0.0	0.0	0.0
S1-127535587	S3-850434420	0	train	0.0	0.0	0.6341463414634146	0.5714285714285714	0.3333333333333333	0.5	0.0	1.0	1.0	0.0	0.0	0.0	0.43999999999999995	0.40336134453781514	0.08695652173913043	0.18181818181818182	0.0	0.0	0.0	0.0	1.0	1.0	1.0	0.0	0.0	0.0	0.0	0.0	0.0	1.0	0.0	0.0	1.0	0.0	0.0	0.0
S1-138373465	S2-226031697	1	train	1.0	1.0	0.9375	1.0	1.0	1.0	1.0	1.0	1.0	0.0	1.0	1.0	0.9397590361445783	1.0	1.0	1.0	0.0	1.0	1.0	1.0	1.0	1.0	1.0	0.0	0.0	0.0	0.0	0.0	0.0	3.0	1.0	1.0	1.0	0.0	0.0	0.0
S1-138373465	S2-427853840	1	train	1.0	1.0	0.9375	1.0	1.0	1.0	1.0	1.0	1.0	0.0	1.0	1.0	0.9397590361445783	1.0	1.0	1.0	0.0	1.0	1.0	1.0	1.0	1.0	1.0	0.0	0.0	0.0	0.0	0.0	0.0	3.0	1.0	1.0	1.0	0.0	0.0	0.0
S1-138373465	S3-285607082	1	train	1.0	1.0	0.9375	1.0	1.0	1.0	1.0	1.0	1.0	0.0	0.0	0.0	0.8536585365853658	0.9032258064516128	0.7	0.875	0.0	0.0	0.0	0.0	1.0	1.0	1.0	0.0	0.0	0.0	0.0	0.0	0.0	3.0	1.0	1.0	1.0	0.0	0.0	0.0
S1-138373465	S3-39931681	1	train	1.0	1.0	0.9375	1.0	1.0	1.0	1.0	1.0	1.0	0.0	0.0	0.0	0.8837209302325582	0.923076923076923	0.6363636363636364	0.7777777777777778	0.0	0.0	0.0	0.0	1.0	1.0	1.0	0.0	0.0	0.0	0.0	0.0	0.0	3.0	1.0	1.0	1.0	0.0	0.0	0.0
S1-138373465	S3-701700680	1	train	1.0	1.0	0.9375	1.0	1.0	1.0	1.0	1.0	1.0	0.0	0.0	0.0	0.8837209302325582	0.923076923076923	0.6363636363636364	0.7777777777777778	0.0	0.0	0.0	0.0	1.0	1.0	1.0	0.0	0.0	0.0	0.0	0.0	0.0	3.0	1.0	1.0	1.0	0.0	0.0	0.0
S1-138373465	S3-925140619	1	train	0.0	0.0	0.90625	0.9615384615384616	0.6666666666666666	0.8	0.6	1.0	1.0	0.0	0.0	0.0	0.8837209302325582	0.923076923076923	0.6363636363636364	0.7777777777777778	0.0	0.0	0.0	0.0	1.0	1.0	1.0	0.0	0.0	0.0	0.0	0.0	0.0	2.0	0.0	1.0	1.0	0.0	0.0	0.0
S1-138373465	S3-979426389	1	train	0.0	0.0	0.759493670886076	0.8253968253968254	0.5555555555555556	1.0	0.5	1.0	1.0	0.0	0.0	1.0	0.4819277108433735	0.5483870967741935	1.0	1.0	0.0	1.0	1.0	0.0	1.0	1.0	1.0	0.0	0.0	0.0	0.0	0.0	0.0	2.0	0.0	1.0	1.0	0.0	0.0	0.0
S1-138373465	S2-184411193	0	train	0.0	0.0	0.33333333333333337	0.37209302325581395	0.125	0.25	0.16666666666666666	0.0	1.0	0.0	0.0	0.0	0.375	0.3548387096774194	0.0	0.0	0.0	0.0	0.0	0.0	1.0	1.0	1.0	0.0	0.0	0.0	0.0	0.0	0.0	1.0	0.0	1.0	0.0	0.0	0.0	0.0
S1-138373465	S2-275178879	0	train	0.0	0.0	0.45614035087719296	0.43478260869565216	0.125	0.25	0.16666666666666666	0.0	1.0	0.0	0.0	0.0	0.2857142857142857	0.26415094339622647	0.0	0.0	0.0	0.0	0.0	0.0	1.0	1.0	1.0	0.0	0.0	0.0	0.0	0.0	0.0	1.0	0.0	1.0	0.0	0.0	0.0	0.0
S1-138373465	S2-468276879	0	train	0.0	0.0	0.48275862068965514	0.4444444444444444	0.1	0.2	0.125	0.0	1.0	0.0	0.0	0.0	0.28985507246376807	0.23076923076923073	0.0	0.0	0.0	0.0	0.0	0.0	1.0	1.0	1.0	0.0	0.0	0.0	0.0	0.0	0.0	1.0	0.0	1.0	0.0	0.0	0.0	0.0
S1-138373465	S2-469809120	0	train	0.0	0.0	0.3448275862068966	0.34042553191489366	0.0	0.0	0.0	0.0	1.0	0.0	0.0	0.0	0.3157894736842105	0.28037383177570097	0.045454545454545456	0.1111111111111111	0.0	1.0	1.0	0.0	1.0	1.0	0.0	0.0	0.0	0.0	0.0	0.0	0.0	1.0	0.0	0.0	1.0	0.0	0.0	0.0
S1-138373465	S2-482233486	0	train	0.0	0.0	0.4	0.36734693877551017	0.125	0.25	0.16666666666666666	0.0	1.0	0.0	0.0	0.0	0.3783783783783784	0.3508771929824561	0.07692307692307693	0.2	0.0	0.0	0.0	0.0	1.0	1.0	1.0	0.0	0.0	0.0	0.0	0.0	0.0	1.0	0.0	1.0	0.0	0.0	0.0	0.0
S1-138373465	S2-671067683	0	train	0.0	0.0	0.4516129032258065	0.43137254901960786	0.125	0.25	0.16666666666666666	0.0	1.0	0.0	0.0	0.0	0.34782608695652173	0.34615384615384615	0.0	0.0	0.0	0.0	0.0	0.0	1.0	1.0	1.0	0.0	0.0	0.0	0.0	0.0	0.0	1.0	0.0	1.0	0.0	0.0	0.0	0.0
S1-138373465	S2-677391547	0	train	0.0	0.0	0.47272727272727283	0.4545454545454546	0.125	0.25	0.2	0.0	1.0	0.0	0.0	0.0	0.3188405797101449	0.30188679245283023	0.0	0.0	0.0	0.0	0.0	0.0	1.0	1.0	1.0	0.0	0.0	0.0	0.0	0.0	0.0	1.0	0.0	1.0	0.0	0.0	0.0	0.0
S1-138373465	S2-695417854	0	train	0.0	0.0	0.2962962962962963	0.3111111111111111	0.0	0.0	0.0	0.0	1.0	0.0	0.0	0.0	0.32758620689655177	0.2954545454545454	0.045454545454545456	0.1111111111111111	0.0	0.3333333333333333	1.0	0.0	1.0	1.0	0.0	0.0	0.0	0.0	0.0	0.0	0.0	1.0	0.0	0.0	1.0	0.0	0.0	0.0
S1-138373465	S2-76988779	0	train	0.0	0.0	0.29729729729729726	0.31746031746031744	0.0	0.0	0.0	0.0	1.0	0.0	0.0	0.0	0.30952380952380953	0.2222222222222222	0.058823529411764705	0.1111111111111111	0.0	0.5	0.0	0.0	1.0	1.0	1.0	0.0	0.0	0.0	0.0	0.0	0.0	1.0	0.0	0.0	1.0	0.0	0.0	0.0
S1-138373465	S2-807021159	0	train	0.0	0.0	0.3846153846153846	0.38095238095238093	0.14285714285714285	0.3333333333333333	0.2	0.0	1.0	0.0	0.0	0.0	0.34666666666666673	0.32727272727272727	0.0	0.0	0.0	0.0	0.0	0.0	1.0	1.0	1.0	0.0	0.0	0.0	0.0	0.0	0.0	1.0	0.0	1.0	0.0	0.0	0.0	0.0
S1-138373465	S2-813472716	0	train	0.0	0.0	0.3939393939393939	0.4	0.125	0.25	0.14285714285714285	0.0	1.0	0.0	0.0	0.0	0.3142857142857143	0.339622641509434	0.0	0.0	0.0	0.0	0.0	0.0	1.0	1.0	1.0	0.0	0.0	0.0	0.0	0.0	0.0	1.0	0.0	1.0	0.0	0.0	0.0	0.0
S1-138373465	S2-822269662	0	train	0.0	0.0	0.46376811594202894	0.4285714285714286	0.1	0.2	0.125	0.0	1.0	0.0	0.0	0.0	0.2777777777777778	0.2909090909090909	0.0	0.0	0.0	0.0	0.0	0.0	1.0	1.0	1.0	0.0	0.0	0.0	0.0	0.0	0.0	1.0	0.0	1.0	0.0	0.0	0.0	0.0
S1-138373465	S2-952877350	0	train	0.0	0.0	0.3529411764705882	0.3571428571428571	0.0	0.0	0.0	0.0	1.0	0.0	0.0	0.0	0.37142857142857144	0.3076923076923077	0.07142857142857142	0.16666666666666666	0.0	1.0	1.0	1.0	1.0	1.0	1.0	0.0	0.0	0.0	0.0	0.0	0.0	1.0	0.0	0.0	1.0	0.0	0.0	0.0
S1-138373465	S2-954675422	0	train	0.0	0.0	0.48484848484848486	0.4814814814814815	0.1111111111111111	0.2	0.14285714285714285	0.0	1.0	0.0	0.0	0.0	0.36363636363636365	0.33898305084745756	0.07142857142857142	0.16666666666666666	0.0	0.0	0.0	0.0	1.0	1.0	1.0	0.0	0.0	0.0	0.0	0.0	0.0	1.0	0.0	1.0	0.0	0.0	0.0	0.0
S1-138373465	S3-183856672	0	train	0.0	0.0	0.40816326530612246	0.44999999999999996	0.16666666666666666	0.5	0.2	0.0	1.0	0.0	0.0	0.0	0.32558139534883723	0.29850746268656714	0.0	0.0	0.0	0.0	0.0	0.0	1.0	1.0	1.0	0.0	0.0	0.0	0.0	0.0	0.0	1.0	0.0	1.0	0.0	0.0	0.0	0.0
S1-138373465	S3-275895818	0	train	0.0	0.0	0.4193548387096774	0.4	0.1111111111111111	0.2	0.14285714285714285	0.0	1.0	0.0	0.0	0.0	0.2857142857142857	0.3076923076923077	0.0	0.0	0.0	0.0	0.0	0.0	1.0	1.0	1.0	0.0	0.0	0.0	0.0	0.0	0.0	1.0	0.0	1.0	0.0	0.0	0.0	0.0
S1-138373465	S3-285657745	0	train	0.0	0.0	0.41666666666666663	0.4615384615384615	0.16666666666666666	0.5	0.2	0.0	1.0	0.0	0.0	0.0	0.5925925925925926	0.5901639344262295	0.4166666666666667	0.625	0.0	0.0	0.0	0.0	1.0	1.0	1.0	0.0	0.0	0.0	0.0	0.0	0.0	1.0	0.0	1.0	0.0	0.0	0.0	0.0
S1-138373465	S3-288581651	0	train	0.0	0.0	0.19047619047619047	0.23529411764705888	0.0	0.0	0.0	0.0	1.0	0.0	0.0	0.0	0.4864864864864865	0.49122807017543857	0.16666666666666666	0.4	0.0	0.0	0.0	0.0	1.0	1.0	1.0	0.0	0.0	0.0	0.0	0.0	0.0	1.0	0.0	0.0	1.0	0.0	0.0	0.0
S1-138373465	S3-363841594	0	train	0.0	0.0	0.4415584415584416	0.40625	0.1	0.2	0.125	0.0	1.0	0.0	0.0	0.0	0.33333333333333337	0.3561643835616438	0.0	0.0	0.0	0.0	0.0	0.0	1.0	1.0	1.0	0.0	0.0	0.0	0.0	0.0	0.0	1.0	0.0	1.0	0.0	0.0	0.0	0.0
S1-138373465	S3-449095105	0	train	0.0	0.0	0.3214285714285714	0.3111111111111111	0.0	0.0	0.0	0.0	1.0	0.0	0.0	0.0	0.39534883720930236	0.35820895522388063	0.06666666666666667	0.14285714285714285	0.0	1.0	1.0	1.0	1.0	1.0	1.0	0.0	0.0	0.0	0.0	0.0	0.0	1.0	0.0	0.0	1.0	0.0	0.0	0.0
S1-138373465	S3-540188562	0	train	0.0	0.0	0.3448275862068966	0.33333333333333337	0.0	0.0	0.0	0.0	1.0	0.0	0.0	0.0	0.33870967741935487	0.3191489361702128	0.041666666666666664	0.1111111111111111	0.0	0.3333333333333333	1.0	0.0	1.0	1.0	0.0	0.0	0.0	0.0	0.0	0.0	0.0	1.0	0.0	0.0	1.0	0.0	0.0	0.0
S1-138373465	S3-552604747	0	train	0.0	0.0	0.25396825396825395	0.19999999999999996	0.0	0.0	0.0	0.0	1.0	0.0	0.0	0.0	0.3384615384615385	0.375	0.16666666666666666	0.4	0.0	0.5	0.0	0.0	1.0	1.0	1.0	0.0	0.0	0.0	0.0	0.0	0.0	1.0	0.0	0.0	1.0	0.0	0.0	0.0
S1-138373465	S3-579378257	0	train	0.0	0.0	0.4918032786885246	0.48	0.125	0.25	0.16666666666666666	0.0	1.0	0.0	0.0	0.0	0.30952380952380953	0.24615384615384617	0.0	0.0	0.0	0.0	0.0	0.0	1.0	1.0	1.0	0.0	0.0	0.0	0.0	0.0	0.0	1.0	0.0	1.0	0.0	0.0	0.0	0.0
S1-138373465	S3-648775256	0	train	0.0	0.0	0.2692307692307693	0.2790697674418605	0.0	0.0	0.0	0.0	1.0	0.0	0.0	0.0	0.34666666666666673	0.3448275862068966	0.07692307692307693	0.2	0.0	0.5	1.0	1.0	1.0	1.0	1.0	0.0	0.0	0.0	0.0	0.0	0.0	1.0	0.0	0.0	1.0	0.0	0.0	0.0
S1-138373465	S3-70582706	0	train	0.0	0.0	0.4642857142857143	0.48888888888888893	0.125	0.25	0.16666666666666666	0.0	1.0	0.0	0.0	0.0	0.3116883116883117	0.23728813559322037	0.07142857142857142	0.16666666666666666	0.0	0.0	0.0	0.0	1.0	1.0	1.0	0.0	0.0	0.0	0.0	0.0	0.0	1.0	0.0	1.0	0.0	0.0	0.0	0.0
S1-138373465	S3-723834723	0	train	0.0	0.0	0.4	0.4	0.14285714285714285	0.3333333333333333	0.16666666666666666	0.0	1.0	0.0	0.0	0.0	0.29268292682926833	0.21875	0.0	0.0	0.0	0.0	0.0	0.0	1.0	1.0	1.0	0.0	0.0	0.0	0.0	0.0	0.0	1.0	0.0	1.0	0.0	0.0	0.0	0.0
S1-138373465	S3-766751021	0	train	0.0	0.0	0.04651162790697672	0.0	0.0	0.0	0.0	0.0	0.0	0.0	0.0	0.0	0.38636363636363635	0.3880597014925373	0.058823529411764705	0.1111111111111111	0.0	0.25	1.0	0.0	1.0	1.0	0.0	0.0	0.0	0.0	0.0	0.0	0.0	1.0	0.0	0.0	1.0	0.0	0.0	0.0
S1-138373465	S3-768703161	0	train	0.0	0.0	0.08823529411764708	0.0	0.0	0.0	0.0	0.0	0.0	0.0	0.0	0.0	0.32432432432432434	0.3571428571428571	0.07142857142857142	0.16666666666666666	0.0	0.5	1.0	1.0	1.0	1.0	0.0	0.0	0.0	0.0	0.0	0.0	0.0	1.0	0.0	0.0	1.0	0.0	0.0	0.0
S1-138373465	S3-911789645	0	train	0.0	0.0	0.33333333333333337	0.3589743589743589	0.16666666666666666	0.5	0.2	0.0	1.0	0.0	0.0	0.0	0.0	0.0	0.0	0.0	0.0	0.0	0.0	0.0	0.0	1.0	1.0	0.0	0.0	0.0	1.0	0.0	0.0	1.0	0.0	1.0	0.0	0.0	0.0	0.0
S1-138373465	S3-951194981	0	train	0.0	0.0	0.5423728813559322	0.5416666666666667	0.125	0.25	0.16666666666666666	0.0	1.0	0.0	0.0	0.0	0.3098591549295775	0.2962962962962963	0.07692307692307693	0.2	0.0	0.0	0.0	0.0	1.0	1.0	1.0	0.0	0.0	0.0	0.0	0.0	0.0	1.0	0.0	1.0	0.0	0.0	0.0	0.0
S1-154379030	S2-134721063	1	validation	0.0	0.0	0.8679245283018868	0.9333333333333332	0.75	1.0	1.0	0.0	1.0	0.0	0.0	0.0	0.4761904761904761	0.5283018867924528	0.42857142857142855	0.75	0.0	0.0	0.0	0.0	1.0	1.0	1.0	0.0	0.0	0.0	0.0	0.0	0.0	1.0	0.0	0.0	1.0	0.0	0.0	0.0
S1-154379030	S2-556719255	1	validation	1.0	1.0	0.9473684210526316	1.0	1.0	1.0	1.0	1.0	1.0	0.0	0.0	0.0	0.8888888888888888	0.9433962264150944	0.42857142857142855	0.75	0.0	0.0	0.0	0.0	1.0	1.0	1.0	0.0	0.0	0.0	0.0	0.0	0.0	2.0	1.0	0.0	1.0	0.0	0.0	0.0
S1-154379030	S2-651061491	1	validation	0.0	0.0	0.8679245283018868	0.9333333333333332	0.75	1.0	1.0	0.0	1.0	0.0	0.0	0.0	0.7586206896551724	0.8163265306122449	0.5	0.75	0.0	0.0	0.0	0.0	1.0	1.0	1.0	0.0	0.0	0.0	0.0	0.0	0.0	1.0	0.0	0.0	1.0	0.0	0.0	0.0
S1-154379030	S3-110316292	1	validation	0.0	0.0	0.8679245283018868	0.9333333333333332	0.75	1.0	1.0	0.0	1.0	0.0	0.0	0.0	0.8615384615384616	0.8771929824561404	0.6	0.75	0.0	1.0	1.0	1.0	1.0	1.0	1.0	0.0	0.0	0.0	0.0	0.0	0.0	1.0	0.0	0.0	1.0	0.0	0.0	0.0
S1-154379030	S3-131248953	1	validation	1.0	1.0	0.9473684210526316	1.0	1.0	1.0	1.0	1.0	1.0	0.0	0.0	0.0	0.8615384615384616	0.8771929824561404	0.6	0.75	0.0	1.0	1.0	1.0	1.0	1.0	1.0	0.0	0.0	0.0	0.0	0.0	0.0	2.0	1.0	0.0	1.0	0.0	0.0	0.0
S1-154379030	S3-820059121	1	validation	0.0	0.0	0.8363636363636364	0.9166666666666665	0.0	0.0	0.0	0.0	1.0	0.0	0.0	0.0	0.8615384615384616	0.8771929824561404	0.6	0.75	0.0	1.0	1.0	1.0	1.0	1.0	1.0	0.0	0.0	0.0	0.0	0.0	0.0	1.0	0.0	0.0	1.0	0.0	0.0	0.0
S1-154379030	S3-836137154	1	validation	0.0	0.0	0.8679245283018868	0.9333333333333332	0.75	1.0	1.0	0.0	1.0	0.0	0.0	0.0	0.8615384615384616	0.8771929824561404	0.6	0.75	0.0	1.0	1.0	1.0	1.0	1.0	1.0	0.0	0.0	0.0	0.0	0.0	0.0	1.0	0.0	0.0	1.0	0.0	0.0	0.0
S1-154379030	S2-11400421	0	validation	0.0	0.0	0.17142857142857137	0.1428571428571429	0.0	0.0	0.0	0.0	1.0	0.0	0.0	0.0	0.379746835443038	0.35820895522388063	0.09090909090909091	0.25	0.0	0.0	0.0	0.0	1.0	1.0	1.0	0.0	0.0	0.0	0.0	0.0	0.0	1.0	0.0	0.0	1.0	0.0	0.0	0.0
S1-154379030	S2-143542160	0	validation	0.0	0.0	0.39130434782608686	0.41025641025641024	0.0	0.0	0.0	0.0	1.0	0.0	0.0	0.0	0.6333333333333333	0.6274509803921569	0.2857142857142857	0.5	0.0	0.0	0.0	0.0	1.0	1.0	1.0	0.0	0.0	0.0	0.0	0.0	0.0	1.0	0.0	0.0	1.0	0.0	0.0	0.0
S1-154379030	S2-25824654	0	validation	0.0	0.0	0.48275862068965514	0.52	0.0	0.0	0.0	0.0	1.0	0.0	0.0	0.0	0.6545454545454545	0.6382978723404256	0.3333333333333333	0.5	0.0	0.0	0.0	0.0	1.0	1.0	1.0	0.0	0.0	0.0	0.0	0.0	0.0	1.0	0.0	0.0	1.0	0.0	0.0	0.0
S1-154379030	S2-31866960	0	validation	0.0	0.0	0.2692307692307693	0.32558139534883723	0.0	0.0	0.0	0.0	1.0	0.0	0.0	0.0	0.5507246376811594	0.5423728813559322	0.1111111111111111	0.25	0.0	0.0	0.0	0.0	1.0	1.0	1.0	0.0	0.0	0.0	0.0	0.0	0.0	1.0	0.0	0.0	1.0	0.0	0.0	0.0
S1-154379030	S2-410916410	0	validation	0.0	0.0	0.36363636363636365	0.4	0.0	0.0	0.0	0.0	1.0	0.0	0.0	0.0	0.5454545454545454	0.6086956521739131	0.125	0.25	0.0	0.0	0.0	0.0	1.0	1.0	1.0	0.0	0.0	0.0	0.0	0.0	0.0	1.0	0.0	0.0	1.0	0.0	0.0	0.0
S1-154379030	S2-469645495	0	validation	0.0	0.0	0.4193548387096774	0.43137254901960786	0.1111111111111111	0.25	0.14285714285714285	0.0	1.0	0.0	0.0	0.0	0.59375	0.5818181818181818	0.2857142857142857	0.5	0.0	0.0	0.0	0.0	1.0	1.0	1.0	0.0	0.0	0.0	0.0	0.0	0.0	1.0	0.0	0.0	1.0	0.0	0.0	0.0
S1-154379030	S2-482030359	0	validation	0.0	0.0	0.2857142857142857	0.2857142857142857	0.0	0.0	0.0	0.0	1.0	0.0	0.0	0.0	0.5846153846153845	0.5714285714285714	0.125	0.25	0.0	0.0	0.0	0.0	1.0	1.0	1.0	0.0	0.0	0.0	0.0	0.0	0.0	1.0	0.0	0.0	1.0	0.0	0.0	0.0
S1-154379030	S2-487928305	0	validation	0.0	0.0	0.3508771929824561	0.326530612244898	0.0	0.0	0.0	0.0	1.0	0.0	0.0	0.0	0.42622950819672134	0.42307692307692313	0.125	0.25	0.0	0.0	0.0	0.0	1.0	1.0	1.0	0.0	0.0	0.0	0.0	0.0	0.0	1.0	0.0	0.0	1.0	0.0	0.0	0.0
S1-154379030	S2-495677003	0	validation	0.0	0.0	0.3529411764705882	0.36363636363636365	0.0	0.0	0.0	0.0	1.0	0.0	0.0	0.0	0.6440677966101696	0.64	0.2857142857142857	0.5	0.0	0.0	0.0	0.0	1.0	1.0	1.0	0.0	0.0	0.0	0.0	0.0	0.0	1.0	0.0	0.0	1.0	0.0	0.0	0.0
S1-154379030	S2-626725966	0	validation	0.0	0.0	0.339622641509434	0.36363636363636365	0.0	0.0	0.0	0.0	1.0	0.0	0.0	0.0	0.5	0.52	0.1111111111111111	0.25	0.0	0.0	0.0	0.0	1.0	1.0	1.0	0.0	0.0	0.0	0.0	0.0	0.0	1.0	0.0	0.0	1.0	0.0	0.0	0.0
S1-154379030	S2-646633451	0	validation	0.0	0.0	0.43137254901960786	0.4545454545454546	0.0	0.0	0.0	0.0	1.0	0.0	0.0	0.0	0.5666666666666667	0.5490196078431373	0.125	0.25	0.0	0.0	0.0	0.0	1.0	1.0	1.0	0.0	0.0	0.0	0.0	0.0	0.0	1.0	0.0	0.0	1.0	0.0	0.0	0.0
S1-154379030	S2-655611378	0	validation	0.0	0.0	0.3846153846153846	0.4545454545454546	0.16666666666666666	0.3333333333333333	0.0	1.0	1.0	0.0	0.0	0.0	0.5172413793103448	0.5714285714285714	0.2857142857142857	0.5	0.0	0.0	0.0	0.0	1.0	1.0	1.0	0.0	0.0	0.0	0.0	0.0	0.0	1.0	0.0	0.0	1.0	0.0	0.0	0.0
S1-154379030	S2-659532769	0	validation	0.0	0.0	0.47272727272727283	0.5217391304347826	0.14285714285714285	0.25	0.16666666666666666	0.0	1.0	0.0	0.0	0.0	0.5901639344262295	0.6153846153846154	0.125	0.25	0.0	0.0	0.0	0.0	1.0	1.0	1.0	0.0	0.0	0.0	0.0	0.0	0.0	1.0	0.0	0.0	1.0	0.0	0.0	0.0
S1-154379030	S2-722975034	0	validation	0.0	0.0	0.3921568627450981	0.4651162790697675	0.0	0.0	0.0	0.0	1.0	0.0	0.0	0.0	0.4761904761904761	0.4444444444444444	0.125	0.25	0.0	0.0	0.0	0.0	1.0	1.0	1.0	0.0	0.0	0.0	0.0	0.0	0.0	1.0	0.0	0.0	1.0	0.0	0.0	0.0
S1-154379030	S2-793000727	0	validation	0.0	0.0	0.3829787234042554	0.4615384615384615	0.0	0.0	0.0	0.0	1.0	0.0	0.0	0.0	0.6551724137931035	0.653061224489796	0.2857142857142857	0.5	0.0	0.0	0.0	0.0	1.0	1.0	1.0	0.0	0.0	0.0	0.0	0.0	0.0	1.0	0.0	0.0	1.0	0.0	0.0	0.0
S1-154379030	S2-978276980	0	validation	0.0	0.0	0.3555555555555555	0.42105263157894735	0.0	0.0	0.0	0.0	1.0	0.0	0.0	0.0	0.4	0.3921568627450981	0.125	0.25	0.0	0.0	0.0	0.0	1.0	1.0	1.0	0.0	0.0	0.0	0.0	0.0	0.0	1.0	0.0	0.0	1.0	0.0	0.0	0.0
S1-154379030	S3-120496774	0	validation	0.0	0.0	0.5	0.48275862068965514	0.125	0.25	0.16666666666666666	0.0	1.0	0.0	0.0	0.0	0.4722222222222222	0.4838709677419355	0.1111111111111111	0.25	0.0	0.0	0.0	0.0	1.0	1.0	1.0	0.0	0.0	0.0	0.0	0.0	0.0	1.0	0.0	0.0	1.0	0.0	0.0	0.0
S1-154379030	S3-12848376	0	validation	0.0	0.0	0.7547169811320755	0.8	0.4	0.6666666666666666	0.5	0.0	1.0	0.0	0.0	0.0	0.4864864864864865	0.46875	0.1111111111111111	0.25	0.0	0.0	0.0	0.0	1.0	1.0	1.0	0.0	0.0	0.0	0.0	0.0	0.0	1.0	0.0	0.0	1.0	0.0	0.0	0.0
S1-154379030	S3-222587779	0	validation	0.0	0.0	0.30434782608695654	0.3589743589743589	0.0	0.0	0.0	0.0	1.0	0.0	0.0	0.0	0.6060606060606061	0.5964912280701755	0.125	0.25	0.0	0.0	0.0	0.0	1.0	1.0	1.0	0.0	0.0	0.0	0.0	0.0	0.0	1.0	0.0	0.0	1.0	0.0	0.0	0.0
S1-154379030	S3-235128798	0	validation	0.0	0.0	0.42622950819672134	0.42307692307692313	0.0	0.0	0.0	0.0	1.0	0.0	0.0	0.0	0.4473684210526315	0.4545454545454546	0.1111111111111111	0.25	0.0	0.0	0.0	0.0	1.0	1.0	1.0	0.0	0.0	0.0	0.0	0.0	0.0	1.0	0.0	0.0	1.0	0.0	0.0	0.0
S1-154379030	S3-37736241	0	validation	0.0	0.0	0.2692307692307693	0.31818181818181823	0.0	0.0	0.0	0.0	1.0	0.0	0.0	0.0	0.4761904761904761	0.49056603773584906	0.1111111111111111	0.25	0.0	0.0	0.0	0.0	1.0	1.0	1.0	0.0	0.0	0.0	0.0	0.0	0.0	1.0	0.0	0.0	1.0	0.0	0.0	0.0
S1-154379030	S3-486887738	0	validation	0.0	0.0	0.6470588235294117	0.6551724137931035	0.125	0.25	0.16666666666666666	0.0	1.0	0.0	0.0	0.0	0.5862068965517242	0.6122448979591837	0.125	0.25	0.0	0.0	0.0	0.0	1.0	1.0	1.0	0.0	0.0	0.0	0.0	0.0	0.0	1.0	0.0	0.0	1.0	0.0	0.0	0.0
S1-154379030	S3-512465841	0	validation	0.0	0.0	0.3076923076923077	0.3111111111111111	0.0	0.0	0.0	0.0	1.0	0.0	0.0	0.0	0.5294117647058824	0.5084745762711864	0.125	0.25	0.0	0.0	0.0	0.0	1.0	1.0	1.0	0.0	0.0	0.0	0.0	0.0	0.0	1.0	0.0	0.0	1.0	0.0	0.0	0.0
S1-154379030	S3-523432121	0	validation	0.0	0.0	0.36	0.3414634146341463	0.0	0.0	0.0	0.0	1.0	0.0	0.0	0.0	0.45714285714285713	0.4666666666666666	0.1111111111111111	0.25	0.0	0.0	0.0	0.0	1.0	1.0	1.0	0.0	0.0	0.0	0.0	0.0	0.0	1.0	0.0	0.0	1.0	0.0	0.0	0.0
S1-154379030	S3-665376085	0	validation	0.0	0.0	0.2978723404255319	0.3076923076923077	0.0	0.0	0.0	0.0	1.0	0.0	0.0	0.0	0.5757575757575757	0.5614035087719298	0.125	0.25	0.0	0.0	0.0	0.0	1.0	1.0	1.0	0.0	0.0	0.0	0.0	0.0	0.0	1.0	0.0	0.0	1.0	0.0	0.0	0.0
S1-154379030	S3-714048839	0	validation	0.0	0.0	0.6956521739130435	0.7692307692307692	0.5	1.0	0.6666666666666666	0.0	1.0	0.0	0.0	0.0	0.5294117647058824	0.5172413793103448	0.1111111111111111	0.25	0.0	0.0	0.0	0.0	1.0	1.0	1.0	0.0	0.0	0.0	0.0	0.0	0.0	1.0	0.0	0.0	1.0	0.0	0.0	0.0
S1-154379030	S3-780277173	0	validation	0.0	0.0	0.3157894736842105	0.29166666666666663	0.0	0.0	0.0	0.0	1.0	0.0	0.0	0.0	0.40963855421686746	0.41666666666666663	0.1	0.25	0.0	0.0	0.0	0.0	1.0	1.0	1.0	0.0	0.0	0.0	0.0	0.0	0.0	1.0	0.0	0.0	1.0	0.0	0.0	0.0
S1-154379030	S3-825023479	0	validation	0.0	0.0	0.4225352112676056	0.43333333333333335	0.0	0.0	0.0	0.0	1.0	0.0	0.0	0.0	0.5135135135135135	0.5079365079365079	0.1	0.25	0.0	0.0	0.0	0.0	1.0	1.0	1.0	0.0	0.0	0.0	0.0	0.0	0.0	1.0	0.0	0.0	1.0	0.0	0.0	0.0
S1-154379030	S3-935186960	0	validation	0.0	0.0	0.4	0.38095238095238093	0.16666666666666666	0.3333333333333333	0.0	1.0	1.0	0.0	0.0	0.0	0.56	0.5625	0.1	0.25	0.0	0.0	0.0	0.0	1.0	1.0	1.0	0.0	0.0	0.0	0.0	0.0	0.0	1.0	0.0	0.0	1.0	0.0	0.0	0.0
S1-154379030	S3-957672796	0	validation	0.0	0.0	0.3111111111111111	0.32432432432432434	0.0	0.0	0.0	0.0	1.0	0.0	0.0	0.0	0.3146067415730337	0.3116883116883117	0.09090909090909091	0.25	0.0	0.0	0.0	0.0	1.0	1.0	1.0	0.0	0.0	0.0	0.0	0.0	0.0	1.0	0.0	0.0	1.0	0.0	0.0	0.0
S1-168555655	S2-687326874	1	train	1.0	1.0	1.0	1.0	1.0	1.0	1.0	1.0	1.0	0.0	1.0	1.0	0.923076923076923	1.0	1.0	1.0	0.0	1.0	1.0	1.0	1.0	1.0	1.0	0.0	0.0	0.0	0.0	0.0	0.0	3.0	1.0	1.0	1.0	0.0	0.0	0.0
S1-168555655	S2-974366464	1	train	1.0	1.0	1.0	1.0	1.0	1.0	1.0	1.0	1.0	0.0	1.0	1.0	0.923076923076923	1.0	1.0	1.0	0.0	1.0	1.0	1.0	1.0	1.0	1.0	0.0	0.0	0.0	0.0	0.0	0.0	3.0	1.0	1.0	1.0	0.0	0.0	0.0
S1-168555655	S3-490625719	1	train	1.0	1.0	1.0	1.0	1.0	1.0	1.0	1.0	1.0	0.0	0.0	0.0	0.8108108108108109	0.8524590163934427	0.42857142857142855	0.6	0.0	0.0	0.0	0.0	1.0	1.0	1.0	0.0	0.0	0.0	0.0	0.0	0.0	3.0	1.0	1.0	1.0	0.0	0.0	0.0
S1-168555655	S2-102557011	0	train	0.0	0.0	0.4	0.34615384615384615	0.1111111111111111	0.25	0.125	0.0	1.0	0.0	0.0	0.0	0.37142857142857144	0.36363636363636365	0.0	0.0	0.0	0.0	0.0	0.0	1.0	1.0	1.0	0.0	0.0	0.0	0.0	0.0	0.0	1.0	0.0	1.0	0.0	0.0	0.0	0.0
S1-168555655	S2-123377410	0	train	0.0	0.0	0.5909090909090908	0.5263157894736843	0.14285714285714285	0.25	0.2	0.0	1.0	0.0	0.0	0.0	0.3384615384615385	0.3529411764705882	0.0	0.0	0.0	0.0	0.0	0.0	1.0	1.0	1.0	0.0	0.0	0.0	0.0	0.0	0.0	1.0	0.0	1.0	0.0	0.0	0.0	0.0
S1-168555655	S2-170094039	0	train	0.0	0.0	0.5	0.4761904761904761	0.14285714285714285	0.25	0.2	0.0	1.0	0.0	0.0	0.0	0.32835820895522383	0.2592592592592593	0.0	0.0	0.0	0.0	0.0	0.0	1.0	1.0	1.0	0.0	0.0	0.0	0.0	0.0	0.0	1.0	0.0	1.0	0.0	0.0	0.0	0.0
S1-168555655	S2-18188442	0	train	0.0	0.0	0.5333333333333333	0.5128205128205128	0.14285714285714285	0.25	0.25	0.0	1.0	0.0	0.0	0.0	0.2857142857142857	0.2682926829268293	0.0	0.0	0.0	0.0	0.0	0.0	1.0	1.0	0.0	0.0	0.0	0.0	0.0	0.0	0.0	1.0	0.0	1.0	0.0	0.0	0.0	0.0
S1-168555655	S2-201603745	0	train	0.0	0.0	0.4897959183673469	0.4761904761904761	0.125	0.25	0.14285714285714285	0.0	1.0	0.0	0.0	0.0	0.31746031746031744	0.31999999999999995	0.0	0.0	0.0	0.0	0.0	0.0	1.0	1.0	1.0	0.0	0.0	0.0	0.0	0.0	0.0	1.0	0.0	1.0	0.0	0.0	0.0	0.0
S1-168555655	S2-208779694	0	train	0.0	0.0	0.45614035087719296	0.41666666666666663	0.1	0.25	0.125	0.0	1.0	0.0	0.0	0.0	0.33898305084745756	0.26086956521739135	0.1111111111111111	0.2	0.0	0.0	0.0	0.0	1.0	1.0	1.0	0.0	0.0	0.0	0.0	0.0	0.0	1.0	0.0	1.0	0.0	0.0	0.0	0.0
S1-168555655	S2-239793674	0	train	0.0	0.0	0.36734693877551017	0.31818181818181823	0.0	0.0	0.0	0.0	1.0	0.0	0.0	0.0	0.4918032786885246	0.5	0.1111111111111111	0.2	0.0	0.0	0.0	0.0	1.0	1.0	1.0	0.0	0.0	0.0	0.0	0.0	0.0	1.0	0.0	0.0	1.0	0.0	0.0	0.0
S1-168555655	S2-253741574	0	train	0.0	0.0	0.45333333333333337	0.4242424242424242	0.1	0.25	0.1111111111111111	0.0	1.0	0.0	0.0	0.0	0.3384615384615385	0.27450980392156865	0.0	0.0	0.0	0.0	0.0	0.0	1.0	1.0	1.0	0.0	0.0	0.0	0.0	0.0	0.0	1.0	0.0	1.0	0.0	0.0	0.0	0.0
S1-168555655	S2-255421739	0	train	0.0	0.0	0.5106382978723405	0.4878048780487805	0.14285714285714285	0.25	0.2	0.0	1.0	0.0	0.0	0.0	0.32258064516129037	0.29166666666666663	0.1	0.2	0.0	0.0	0.0	0.0	1.0	1.0	1.0	0.0	0.0	0.0	0.0	0.0	0.0	1.0	0.0	1.0	0.0	0.0	0.0	0.0
S1-168555655	S2-29543430	0	train	0.0	0.0	0.5294117647058824	0.5333333333333333	0.2	0.5	0.25	0.0	1.0	0.0	0.0	0.0	0.30508474576271183	0.26086956521739135	0.0	0.0	0.0	0.0	0.0	0.0	1.0	1.0	1.0	0.0	0.0	0.0	0.0	0.0	0.0	1.0	0.0	1.0	0.0	0.0	0.0	0.0
S1-168555655	S2-382483860	0	train	0.0	0.0	0.4117647058823529	0.4	0.2	0.5	0.25	0.0	1.0	0.0	0.0	0.0	0.26415094339622647	0.23529411764705888	0.0	0.0	0.0	0.0	0.0	0.0	1.0	1.0	0.0	0.0	0.0	0.0	0.0	0.0	0.0	1.0	0.0	1.0	0.0	0.0	0.0	0.0
S1-168555655	S2-383571028	0	train	0.0	0.0	0.4615384615384615	0.4705882352941176	0.16666666666666666	0.3333333333333333	0.2	0.0	1.0	0.0	0.0	0.0	0.27118644067796616	0.17391304347826086	0.0	0.0	0.0	0.0	0.0	0.0	1.0	1.0	1.0	0.0	0.0	0.0	0.0	0.0	0.0	1.0	0.0	1.0	0.0	0.0	0.0	0.0
S1-168555655	S2-408773259	0	train	0.0	0.0	0.45833333333333337	0.4285714285714286	0.3333333333333333	0.5	0.2	1.0	1.0	0.0	0.0	0.0	0.31746031746031744	0.28	0.0	0.0	0.0	0.0	0.0	0.0	1.0	1.0	1.0	0.0	0.0	0.0	0.0	0.0	0.0	1.0	0.0	1.0	0.0	0.0	0.0	0.0
S1-168555655	S2-460202680	0	train	0.0	0.0	0.4761904761904761	0.4864864864864865	0.16666666666666666	0.3333333333333333	0.2	0.0	1.0	0.0	0.0	0.0	0.36923076923076925	0.3529411764705882	0.1	0.2	0.0	0.0	0.0	0.0	1.0	1.0	1.0	0.0	0.0	0.0	0.0	0.0	0.0	1.0	0.0	1.0	0.0	0.0	0.0	0.0
S1-168555655	S2-474717989	0	train	0.0	0.0	0.5	0.4705882352941176	0.14285714285714285	0.25	0.25	0.0	1.0	0.0	0.0	0.0	0.2857142857142857	0.2790697674418605	0.0	0.0	0.0	0.0	0.0	0.0	1.0	1.0	0.0	0.0	0.0	0.0	0.0	0.0	0.0	1.0	0.0	1.0	0.0	0.0	0.0	0.0
S1-168555655	S2-525509013	0	train	0.0	0.0	0.3703703703703704	0.33333333333333337	0.14285714285714285	0.25	0.16666666666666666	0.0	1.0	0.0	0.0	0.0	0.2222222222222222	0.19047619047619047	0.125	0.25	0.0	0.0	0.0	0.0	1.0	1.0	1.0	0.0	0.0	0.0	0.0	0.0	0.0	1.0	0.0	1.0	0.0	0.0	0.0	0.0
S1-168555655	S2-658116388	0	train	0.0	0.0	0.4516129032258065	0.41509433962264153	0.1	0.25	0.125	0.0	1.0	0.0	0.0	0.0	0.30000000000000004	0.25531914893617025	0.0	0.0	0.0	0.0	0.0	0.0	1.0	1.0	1.0	0.0	0.0	0.0	0.0	0.0	0.0	1.0	0.0	1.0	0.0	0.0	0.0	0.0
S1-168555655	S2-66890397	0	train	0.0	0.0	0.40816326530612246	0.41860465116279066	0.14285714285714285	0.25	0.16666666666666666	0.0	1.0	0.0	0.0	0.0	0.32258064516129037	0.25	0.1	0.2	0.0	0.0	0.0	0.0	1.0	1.0	1.0	0.0	0.0	0.0	0.0	0.0	0.0	1.0	0.0	1.0	0.0	0.0	0.0	0.0
S1-168555655	S2-670572405	0	train	0.0	0.0	0.6666666666666667	0.6470588235294117	0.4	0.6666666666666666	0.25	1.0	1.0	0.0	0.0	0.0	0.4615384615384615	0.43137254901960786	0.1	0.2	0.0	0.0	0.0	0.0	1.0	1.0	1.0	0.0	0.0	0.0	0.0	0.0	0.0	1.0	0.0	1.0	0.0	0.0	0.0	0.0
S1-168555655	S2-719330828	0	train	0.0	0.0	0.33333333333333337	0.2857142857142857	0.14285714285714285	0.25	0.2	0.0	1.0	0.0	0.0	0.0	0.25	0.19277108433734935	0.0	0.0	0.0	0.0	0.0	0.0	1.0	1.0	0.0	0.0	0.0	0.0	0.0	0.0	0.0	1.0	0.0	1.0	0.0	0.0	0.0	0.0
S1-168555655	S2-720550903	0	train	0.0	0.0	0.43478260869565216	0.44999999999999996	0.14285714285714285	0.25	0.16666666666666666	0.0	1.0	0.0	0.0	0.0	0.26865671641791045	0.2264150943396226	0.0	0.0	0.0	0.0	0.0	0.0	1.0	1.0	1.0	0.0	0.0	0.0	0.0	0.0	0.0	1.0	0.0	1.0	0.0	0.0	0.0	0.0
S1-168555655	S2-72686849	0	train	0.0	0.0	0.4878048780487805	0.5	0.16666666666666666	0.3333333333333333	0.2	0.0	1.0	0.0	0.0	0.0	0.40625	0.36	0.1	0.2	0.0	0.0	0.0	0.0	1.0	1.0	1.0	0.0	0.0	0.0	0.0	0.0	0.0	1.0	0.0	1.0	0.0	0.0	0.0	0.0
S1-168555655	S2-741235293	0	train	0.0	0.0	0.4864864864864865	0.48484848484848486	0.2	0.5	0.25	0.0	1.0	0.0	0.0	0.0	0.29032258064516125	0.24489795918367352	0.0	0.0	0.0	0.0	0.0	0.0	1.0	1.0	1.0	0.0	0.0	0.0	0.0	0.0	0.0	1.0	0.0	1.0	0.0	0.0	0.0	0.0
S1-168555655	S2-764660019	0	train	0.0	0.0	0.6363636363636364	0.5789473684210527	0.14285714285714285	0.25	0.2	0.0	1.0	0.0	0.0	0.0	0.3508771929824561	0.31818181818181823	0.0	0.0	0.0	0.0	0.0	0.0	1.0	1.0	1.0	0.0	0.0	0.0	0.0	0.0	0.0	1.0	0.0	1.0	0.0	0.0	0.0	0.0
S1-168555655	S2-806044638	0	train	0.0	0.0	0.5714285714285714	0.5806451612903225	0.2	0.5	0.25	0.0	1.0	0.0	0.0	0.0	0.0	0.0	0.0	0.0	0.0	0.0	0.0	0.0	0.0	1.0	1.0	0.0	0.0	0.0	1.0	0.0	0.0	1.0	0.0	1.0	0.0	0.0	0.0	0.0
S1-168555655	S2-872373554	0	train	0.0	0.0	0.7428571428571429	0.7333333333333334	0.4	0.6666666666666666	0.25	1.0	1.0	0.0	0.0	0.0	0.40625	0.43137254901960786	0.0	0.0	0.0	0.0	0.0	0.0	1.0	1.0	1.0	0.0	0.0	0.0	0.0	0.0	0.0	1.0	0.0	1.0	0.0	0.0	0.0	0.0
S1-168555655	S2-955178633	0	train	0.0	0.0	0.42553191489361697	0.4285714285714286	0.16666666666666666	0.3333333333333333	0.2	0.0	1.0	0.0	0.0	0.0	0.2857142857142857	0.2666666666666667	0.0	0.0	0.0	0.0	0.0	0.0	1.0	1.0	1.0	0.0	0.0	0.0	0.0	0.0	0.0	1.0	0.0	1.0	0.0	0.0	0.0	0.0
S1-168555655	S2-997665695	0	train	0.0	0.0	0.4	0.3870967741935484	0.2	0.5	0.25	0.0	1.0	0.0	0.0	0.0	0.33898305084745756	0.26086956521739135	0.0	0.0	0.0	0.0	0.0	0.0	1.0	1.0	1.0	0.0	0.0	0.0	0.0	0.0	0.0	1.0	0.0	1.0	0.0	0.0	0.0	0.0
S1-168555655	S3-134326562	0	train	0.0	0.0	0.3111111111111111	0.26315789473684215	0.125	0.25	0.16666666666666666	0.0	1.0	0.0	0.0	0.0	0.33766233766233766	0.32258064516129037	0.0	0.0	0.0	0.0	0.0	0.0	1.0	1.0	1.0	0.0	0.0	0.0	0.0	0.0	0.0	1.0	0.0	1.0	0.0	0.0	0.0	0.0
S1-168555655	S3-35692370	0	train	0.0	0.0	0.30000000000000004	0.22857142857142854	0.0	0.0	0.0	0.0	1.0	0.0	0.0	0.0	0.4225352112676056	0.38596491228070173	0.1	0.2	0.0	0.0	0.0	0.0	1.0	1.0	1.0	0.0	0.0	0.0	0.0	0.0	0.0	1.0	0.0	0.0	1.0	0.0	0.0	0.0
S1-238679340	S2-526466048	1	train	0.0	0.0	0.8	0.8235294117647058	0.6666666666666666	1.0	1.0	0.0	1.0	0.0	0.0	0.0	0.88	0.9642857142857143	0.875	1.0	0.0	0.0	0.0	0.0	1.0	1.0	1.0	0.0	0.0	0.0	0.0	0.0	0.0	2.0	0.0	1.0	1.0	0.0	0.0	0.0
S1-238679340	S3-23568335	1	train	0.0	0.0	0.8	0.8235294117647058	0.6666666666666666	1.0	1.0	0.0	1.0	0.0	0.0	0.0	0.5507246376811594	0.5769230769230769	0.3	0.6	0.0	1.0	1.0	1.0	1.0	1.0	1.0	0.0	0.0	0.0	0.0	0.0	0.0	1.0	0.0	1.0	0.0	0.0	0.0	0.0
S1-238679340	S3-312107730	1	train	1.0	1.0	1.0	1.0	1.0	1.0	1.0	1.0	1.0	0.0	0.0	0.0	0.5507246376811594	0.5769230769230769	0.3	0.6	0.0	1.0	1.0	1.0	1.0	1.0	1.0	0.0	0.0	0.0	0.0	0.0	0.0	2.0	1.0	1.0	0.0	0.0	0.0	0.0
S1-238679340	S3-915790444	1	train	0.0	0.0	0.5714285714285714	0.5833333333333333	0.5	0.6666666666666666	0.3333333333333333	1.0	1.0	0.0	0.0	0.0	0.8888888888888888	0.9508196721311475	0.7777777777777778	0.875	0.0	1.0	1.0	1.0	1.0	1.0	1.0	0.0	0.0	0.0	0.0	0.0	0.0	1.0	0.0	1.0	0.0	0.0	0.0	0.0
S1-238679340	S2-114662405	0	train	0.0	0.0	0.32258064516129037	0.2962962962962963	0.0	0.0	0.0	0.0	1.0	0.0	0.0	0.0	0.3013698630136986	0.26315789473684215	0.037037037037037035	0.125	0.0	0.0	0.0	0.0	1.0	1.0	0.0	0.0	0.0	0.0	0.0	0.0	0.0	1.0	0.0	0.0	1.0	0.0	0.0	0.0
S1-238679340	S2-151347999	0	train	0.0	0.0	0.23809523809523814	0.2777777777777778	0.0	0.0	0.0	0.0	1.0	0.0	0.0	0.0	0.3035714285714286	0.29885057471264365	0.05	0.125	0.0	0.0	0.0	0.0	1.0	1.0	0.0	0.0	0.0	0.0	0.0	0.0	0.0	1.0	0.0	0.0	1.0	0.0	0.0	0.0
S1-238679340	S2-250096738	0	train	0.0	0.0	0.12121212121212122	0.0	0.0	0.0	0.0	0.0	0.0	0.0	0.0	0.0	0.2875816993464052	0.23529411764705888	0.03571428571428571	0.125	0.0	0.0	0.0	0.0	0.0	1.0	0.0	0.0	0.0	0.0	0.0	0.0	0.0	1.0	0.0	0.0	1.0	0.0	0.0	0.0
S1-238679340	S2-270186567	0	train	0.0	0.0	0.08510638297872342	0.0	0.0	0.0	0.0	0.0	0.0	0.0	0.0	0.0	0.36144578313253023	0.3384615384615385	0.07692307692307693	0.16666666666666666	0.0	0.0	0.0	0.0	1.0	1.0	0.0	0.0	0.0	0.0	0.0	0.0	0.0	1.0	0.0	0.0	1.0	0.0	0.0	0.0
S1-238679340	S2-400128133	0	train	0.0	0.0	0.24242424242424243	0.2068965517241379	0.0	0.0	0.0	0.0	1.0	0.0	0.0	0.0	0.2962962962962963	0.29032258064516125	0.07142857142857142	0.14285714285714285	0.0	0.0	0.0	0.0	1.0	1.0	0.0	0.0	0.0	0.0	0.0	0.0	0.0	1.0	0.0	0.0	1.0	0.0	0.0	0.0
S1-238679340	S2-598642550	0	train	0.0	0.0	0.18181818181818177	0.13793103448275867	0.0	0.0	0.0	0.0	1.0	0.0	0.0	0.0	0.288135593220339	0.23404255319148937	0.05263157894736842	0.125	0.0	0.0	0.0	0.0	0.0	1.0	0.0	0.0	0.0	0.0	0.0	0.0	0.0	1.0	0.0	0.0	1.0	0.0	0.0	0.0
S1-238679340	S2-627060187	0	train	0.0	0.0	0.303030303030303	0.2142857142857143	0.0	0.0	0.0	0.0	1.0	0.0	0.0	0.0	0.2978723404255319	0.28846153846153844	0.037037037037037035	0.125	0.0	0.0	0.0	0.0	1.0	1.0	0.0	0.0	0.0	0.0	0.0	0.0	0.0	1.0	0.0	0.0	1.0	0.0	0.0	0.0
S1-238679340	S2-653937250	0	train	0.0	0.0	0.2727272727272727	0.2564102564102564	0.0	0.0	0.0	0.0	1.0	0.0	0.0	0.0	0.3370786516853933	0.29850746268656714	0.058823529411764705	0.125	0.0	0.0	0.0	0.0	1.0	1.0	0.0	0.0	0.0	0.0	0.0	0.0	0.0	1.0	0.0	0.0	1.0	0.0	0.0	0.0
S1-238679340	S2-668783628	0	train	0.0	0.0	0.08163265306122447	0.0	0.0	0.0	0.0	0.0	0.0	0.0	0.0	0.0	0.3896103896103897	0.30508474576271183	0.07692307692307693	0.16666666666666666	0.0	0.0	0.0	0.0	1.0	1.0	0.0	0.0	0.0	0.0	0.0	0.0	0.0	1.0	0.0	0.0	1.0	0.0	0.0	0.0
S1-238679340	S2-678669237	0	train	0.0	0.0	0.17391304347826086	0.09999999999999998	0.0	0.0	0.0	0.0	1.0	0.0	0.0	0.0	0.3789473684210526	0.3380281690140845	0.05555555555555555	0.125	0.0	0.0	0.0	0.0	1.0	1.0	0.0	0.0	0.0	0.0	0.0	0.0	0.0	1.0	0.0	0.0	1.0	0.0	0.0	0.0
S1-238679340	S2-724034021	0	train	0.0	0.0	0.19512195121951215	0.2162162162162162	0.0	0.0	0.0	0.0	1.0	0.0	0.0	0.0	0.34408602150537637	0.34782608695652173	0.05555555555555555	0.125	0.0	0.0	0.0	0.0	1.0	1.0	0.0	0.0	0.0	0.0	0.0	0.0	0.0	1.0	0.0	0.0	1.0	0.0	0.0	0.0
S1-238679340	S2-887569537	0	train	0.0	0.0	0.11428571428571432	0.0	0.0	0.0	0.0	0.0	0.0	0.0	0.0	0.0	0.36111111111111116	0.36363636363636365	0.08333333333333333	0.2	0.0	0.0	0.0	0.0	1.0	1.0	0.0	0.0	0.0	0.0	0.0	0.0	0.0	1.0	0.0	0.0	1.0	0.0	0.0	0.0
S1-238679340	S2-951486419	0	train	0.0	0.0	0.14634146341463417	0.1081081081081081	0.0	0.0	0.0	0.0	1.0	0.0	0.0	0.0	0.26582278481012656	0.28099173553719003	0.03571428571428571	0.125	0.0	0.0	0.0	0.0	1.0	1.0	0.0	0.0	0.0	0.0	0.0	0.0	0.0	1.0	0.0	0.0	1.0	0.0	0.0	0.0
S1-238679340	S3-135616716	0	train	0.0	0.0	0.2857142857142857	0.2702702702702703	0.0	0.0	0.0	0.0	1.0	0.0	0.0	0.0	0.4242424242424242	0.40816326530612246	0.18181818181818182	0.4	0.0	0.0	0.0	0.0	1.0	1.0	1.0	0.0	0.0	0.0	0.0	0.0	0.0	1.0	0.0	0.0	1.0	0.0	0.0	0.0
S1-238679340	S3-2011713	0	train	0.0	0.0	0.2857142857142857	0.2857142857142857	0.0	0.0	0.0	0.0	1.0	0.0	0.0	0.0	0.3661971830985915	0.30188679245283023	0.07692307692307693	0.16666666666666666	0.0	0.0	0.0	0.0	1.0	1.0	1.0	0.0	0.0	0.0	0.0	0.0	0.0	1.0	0.0	0.0	1.0	0.0	0.0	0.0
S1-238679340	S3-253257164	0	train	0.0	0.0	0.2666666666666667	0.30000000000000004	0.0	0.0	0.0	0.0	1.0	0.0	0.0	0.0	0.4	0.3928571428571429	0.07142857142857142	0.14285714285714285	0.0	0.0	0.0	0.0	1.0	1.0	1.0	0.0	0.0	0.0	0.0	0.0	0.0	1.0	0.0	0.0	1.0	0.0	0.0	0.0
S1-238679340	S3-296745681	0	train	0.0	0.0	0.25	0.23529411764705888	0.0	0.0	0.0	0.0	1.0	0.0	0.0	0.0	0.4444444444444444	0.36363636363636365	0.08333333333333333	0.2	0.0	0.0	0.0	0.0	1.0	1.0	1.0	0.0	0.0	0.0	0.0	0.0	0.0	1.0	0.0	0.0	1.0	0.0	0.0	0.0
S1-238679340	S3-3224668	0	train	0.0	0.0	0.2564102564102564	0.23529411764705888	0.0	0.0	0.0	0.0	1.0	0.0	0.0	0.0	0.36111111111111116	0.32727272727272727	0.08333333333333333	0.2	0.0	0.0	0.0	0.0	1.0	1.0	1.0	0.0	0.0	0.0	0.0	0.0	0.0	1.0	0.0	0.0	1.0	0.0	0.0	0.0
S1-238679340	S3-467718131	0	train	0.0	0.0	0.125	0.1428571428571429	0.0	0.0	0.0	0.0	1.0	0.0	0.0	0.0	0.4117647058823529	0.3921568627450981	0.18181818181818182	0.4	0.0	0.0	0.0	0.0	1.0	1.0	1.0	0.0	0.0	0.0	0.0	0.0	0.0	1.0	0.0	0.0	1.0	0.0	0.0	0.0
S1-238679340	S3-492379641	0	train	0.0	0.0	0.31034482758620685	0.31999999999999995	0.0	0.0	0.0	0.0	1.0	0.0	0.0	0.0	0.4057971014492754	0.3137254901960784	0.07692307692307693	0.16666666666666666	0.0	0.0	0.0	0.0	1.0	1.0	1.0	0.0	0.0	0.0	0.0	0.0	0.0	1.0	0.0	0.0	1.0	0.0	0.0	0.0
S1-238679340	S3-51826243	0	train	0.0	0.0	0.26086956521739135	0.20512820512820518	0.0	0.0	0.0	0.0	1.0	0.0	0.0	0.0	0.4242424242424242	0.4489795918367348	0.08333333333333333	0.2	0.0	0.0	0.0	0.0	1.0	1.0	1.0	0.0	0.0	0.0	0.0	0.0	0.0	1.0	0.0	0.0	1.0	0.0	0.0	0.0
S1-238679340	S3-545669153	0	train	0.0	0.0	0.31999999999999995	0.2790697674418605	0.125	0.3333333333333333	0.0	1.0	1.0	0.0	0.0	0.0	0.379746835443038	0.4067796610169492	0.14285714285714285	0.25	0.0	0.0	0.0	0.0	1.0	1.0	1.0	0.0	0.0	0.0	0.0	0.0	0.0	1.0	0.0	0.0	1.0	0.0	0.0	0.0
S1-238679340	S3-630572363	0	train	0.0	0.0	0.3846153846153846	0.34782608695652173	0.0	0.0	0.0	0.0	1.0	0.0	0.0	0.0	0.42666666666666664	0.3508771929824561	0.07692307692307693	0.16666666666666666	0.0	0.0	0.0	0.0	1.0	1.0	1.0	0.0	0.0	0.0	0.0	0.0	0.0	1.0	0.0	0.0	1.0	0.0	0.0	0.0
S1-238679340	S3-630753251	0	train	0.0	0.0	0.31999999999999995	0.32558139534883723	0.0	0.0	0.0	0.0	1.0	0.0	0.0	0.0	0.3939393939393939	0.36734693877551017	0.18181818181818182	0.4	0.0	0.0	0.0	0.0	1.0	1.0	1.0	0.0	0.0	0.0	0.0	0.0	0.0	1.0	0.0	0.0	1.0	0.0	0.0	0.0
S1-238679340	S3-670337541	0	train	0.0	0.0	0.23529411764705888	0.19999999999999996	0.0	0.0	0.0	0.0	1.0	0.0	0.0	0.0	0.38095238095238093	0.34782608695652173	0.09090909090909091	0.25	0.0	0.0	0.0	0.0	1.0	1.0	1.0	0.0	0.0	0.0	0.0	0.0	0.0	1.0	0.0	0.0	1.0	0.0	0.0	0.0
S1-238679340	S3-777846577	0	train	0.0	0.0	0.45714285714285713	0.4666666666666666	0.16666666666666666	0.3333333333333333	0.2	0.0	1.0	0.0	0.0	0.0	0.40540540540540543	0.42105263157894735	0.0	0.0	0.0	0.0	0.0	0.0	1.0	1.0	1.0	0.0	0.0	0.0	0.0	0.0	0.0	1.0	0.0	1.0	0.0	0.0	0.0	0.0
S1-238679340	S3-830579942	0	train	0.0	0.0	0.24561403508771928	0.25	0.0	0.0	0.0	0.0	1.0	0.0	0.0	0.0	0.4375	0.3829787234042554	0.08333333333333333	0.2	0.0	0.0	0.0	0.0	1.0	1.0	1.0	0.0	0.0	0.0	0.0	0.0	0.0	1.0	0.0	0.0	1.0	0.0	0.0	0.0
S1-238679340	S3-885863328	0	train	0.0	0.0	0.11111111111111116	0.125	0.0	0.0	0.0	0.0	1.0	0.0	0.0	0.0	0.4225352112676056	0.339622641509434	0.07692307692307693	0.16666666666666666	0.0	0.0	0.0	0.0	1.0	1.0	1.0	0.0	0.0	0.0	0.0	0.0	0.0	1.0	0.0	0.0	1.0	0.0	0.0	0.0
S1-238679340	S3-941146088	0	train	0.0	0.0	0.30000000000000004	0.33333333333333337	0.0	0.0	0.0	0.0	1.0	0.0	0.0	0.0	0.45070422535211263	0.4074074074074075	0.08333333333333333	0.2	0.0	0.0	0.0	0.0	1.0	1.0	1.0	0.0	0.0	0.0	0.0	0.0	0.0	1.0	0.0	0.0	1.0	0.0	0.0	0.0
S1-238679340	S3-995801924	0	train	0.0	0.0	0.24489795918367352	0.23809523809523814	0.0	0.0	0.0	0.0	1.0	0.0	0.0	0.0	0.303030303030303	0.24489795918367352	0.08333333333333333	0.2	0.0	0.0	0.0	0.0	1.0	1.0	1.0	0.0	0.0	0.0	0.0	0.0	0.0	1.0	0.0	0.0	1.0	0.0	0.0	0.0
S1-242948690	S2-379204201	1	validation	0.0	0.0	0.8979591836734694	0.8837209302325582	0.6	0.75	0.5	1.0	1.0	0.0	0.0	0.0	0.8076923076923077	0.9	0.8	1.0	0.0	0.0	0.0	0.0	1.0	1.0	1.0	0.0	0.0	0.0	0.0	0.0	0.0	2.0	0.0	1.0	1.0	0.0	0.0	0.0
S1-242948690	S3-666927609	1	validation	0.0	0.0	0.9090909090909091	0.923076923076923	0.75	1.0	1.0	0.0	1.0	0.0	0.0	0.0	0.8253968253968254	0.88	0.6666666666666666	0.8	0.0	1.0	1.0	1.0	1.0	1.0	1.0	0.0	0.0	0.0	0.0	0.0	0.0	2.0	0.0	1.0	1.0	0.0	0.0	0.0
S1-242948690	S3-991815819	1	validation	0.0	0.0	0.6666666666666667	0.6875	0.5	1.0	0.6666666666666666	0.0	1.0	0.0	0.0	0.0	0.8253968253968254	0.88	0.6666666666666666	0.8	0.0	1.0	1.0	1.0	1.0	1.0	1.0	0.0	0.0	0.0	0.0	0.0	0.0	1.0	0.0	0.0	1.0	0.0	0.0	0.0
S1-242948690	S2-189198354	0	validation	0.0	0.0	0.6037735849056604	0.5531914893617021	0.3333333333333333	0.5	0.2	1.0	1.0	0.0	0.0	0.0	0.2962962962962963	0.29268292682926833	0.0	0.0	0.0	0.0	0.0	0.0	1.0	1.0	1.0	0.0	0.0	0.0	0.0	0.0	0.0	1.0	0.0	1.0	0.0	0.0	0.0	0.0
S1-242948690	S2-257954978	0	validation	0.0	0.0	0.5128205128205128	0.5142857142857142	0.2	0.5	0.25	0.0	1.0	0.0	0.0	0.0	0.41379310344827597	0.3555555555555555	0.0	0.0	0.0	0.0	0.0	0.0	1.0	1.0	1.0	0.0	0.0	0.0	0.0	0.0	0.0	1.0	0.0	1.0	0.0	0.0	0.0	0.0
S1-242948690	S2-278673073	0	validation	0.0	0.0	0.38095238095238093	0.32432432432432434	0.16666666666666666	0.3333333333333333	0.0	1.0	1.0	0.0	0.0	0.0	0.5185185185185186	0.5714285714285714	0.2857142857142857	0.5	0.0	0.0	0.0	0.0	1.0	1.0	1.0	0.0	0.0	0.0	0.0	0.0	0.0	1.0	0.0	0.0	1.0	0.0	0.0	0.0
S1-242948690	S2-289795398	0	validation	0.0	0.0	0.5833333333333333	0.5238095238095238	0.14285714285714285	0.25	0.2	0.0	1.0	0.0	0.0	0.0	0.2909090909090909	0.2857142857142857	0.0	0.0	0.0	0.0	0.0	0.0	1.0	1.0	1.0	0.0	0.0	0.0	0.0	0.0	0.0	1.0	0.0	1.0	0.0	0.0	0.0	0.0
S1-242948690	S2-351261594	0	validation	0.0	0.0	0.41379310344827597	0.3529411764705882	0.0	0.0	0.0	0.0	1.0	0.0	0.0	0.0	0.5384615384615384	0.6	0.125	0.25	0.0	0.0	0.0	0.0	1.0	1.0	1.0	0.0	0.0	0.0	0.0	0.0	0.0	1.0	0.0	0.0	1.0	0.0	0.0	0.0
S1-242948690	S2-360692816	0	validation	0.0	0.0	0.375	0.32558139534883723	0.0	0.0	0.0	0.0	1.0	0.0	0.0	0.0	0.33333333333333337	0.3076923076923077	0.1	0.2	0.0	0.5	0.0	0.0	1.0	1.0	1.0	0.0	0.0	0.0	0.0	0.0	0.0	1.0	0.0	0.0	1.0	0.0	0.0	0.0
S1-242948690	S2-459887398	0	validation	0.0	0.0	0.5116279069767442	0.4324324324324324	0.14285714285714285	0.25	0.0	1.0	1.0	0.0	0.0	0.0	0.41558441558441556	0.43333333333333335	0.07692307692307693	0.2	0.0	0.5	1.0	1.0	1.0	1.0	1.0	0.0	0.0	0.0	0.0	0.0	0.0	1.0	0.0	0.0	1.0	0.0	0.0	0.0
S1-242948690	S2-62081063	0	validation	0.0	0.0	0.5454545454545454	0.5128205128205128	0.16666666666666666	0.3333333333333333	0.25	0.0	1.0	0.0	0.0	0.0	0.339622641509434	0.35	0.0	0.0	0.0	0.0	0.0	0.0	1.0	1.0	1.0	0.0	0.0	0.0	0.0	0.0	0.0	1.0	0.0	1.0	0.0	0.0	0.0	0.0
S1-242948690	S2-687551145	0	validation	0.0	0.0	0.5531914893617021	0.5238095238095238	0.16666666666666666	0.3333333333333333	0.2	0.0	1.0	0.0	0.0	0.0	0.0	0.0	0.0	0.0	0.0	0.0	0.0	0.0	0.0	1.0	1.0	0.0	0.0	0.0	1.0	0.0	0.0	1.0	0.0	1.0	0.0	0.0	0.0	0.0
S1-242948690	S2-721485067	0	validation	0.0	0.0	0.42105263157894735	0.4	0.125	0.25	0.14285714285714285	0.0	1.0	0.0	0.0	0.0	0.42622950819672134	0.375	0.0	0.0	0.0	0.0	0.0	0.0	1.0	1.0	1.0	0.0	0.0	0.0	0.0	0.0	0.0	1.0	0.0	1.0	0.0	0.0	0.0	0.0
S1-242948690	S2-746739244	0	validation	0.0	0.0	0.3666666666666667	0.33333333333333337	0.14285714285714285	0.25	0.16666666666666666	0.0	1.0	0.0	0.0	0.0	0.42105263157894735	0.40909090909090906	0.0	0.0	0.0	0.0	0.0	0.0	1.0	1.0	1.0	0.0	0.0	0.0	0.0	0.0	0.0	1.0	0.0	1.0	0.0	0.0	0.0	0.0
S1-242948690	S2-757336487	0	validation	0.0	0.0	0.5	0.4878048780487805	0.125	0.25	0.16666666666666666	0.0	1.0	0.0	0.0	0.0	0.29850746268656714	0.3076923076923077	0.0	0.0	0.0	0.0	0.0	0.0	1.0	1.0	1.0	0.0	0.0	0.0	0.0	0.0	0.0	1.0	0.0	1.0	0.0	0.0	0.0	0.0
S1-242948690	S2-850133697	0	validation	0.0	0.0	0.36363636363636365	0.375	0.125	0.25	0.16666666666666666	0.0	1.0	0.0	0.0	0.0	0.4666666666666666	0.46808510638297873	0.1111111111111111	0.2	0.0	1.0	1.0	1.0	1.0	1.0	1.0	0.0	0.0	0.0	0.0	0.0	0.0	2.0	0.0	1.0	1.0	0.0	0.0	0.0
S1-242948690	S2-995139191	0	validation	0.0	0.0	0.5925925925925926	0.5957446808510638	0.2857142857142857	0.5	0.16666666666666666	1.0	1.0	0.0	0.0	0.0	0.3098591549295775	0.2857142857142857	0.0	0.0	0.0	0.0	0.0	0.0	1.0	1.0	1.0	0.0	0.0	0.0	0.0	0.0	0.0	1.0	0.0	1.0	0.0	0.0	0.0	0.0
S1-242948690	S3-15304152	0	validation	0.0	0.0	0.36363636363636365	0.4	0.0	0.0	0.0	0.0	1.0	0.0	0.0	0.0	0.5074626865671642	0.49056603773584906	0.1	0.2	0.0	0.0	0.0	0.0	1.0	1.0	1.0	0.0	0.0	0.0	0.0	0.0	0.0	1.0	0.0	0.0	1.0	0.0	0.0	0.0
S1-242948690	S3-279766001	0	validation	0.0	0.0	0.4782608695652174	0.4390243902439024	0.16666666666666666	0.3333333333333333	0.2	0.0	1.0	0.0	0.0	0.0	0.36363636363636365	0.36	0.0	0.0	0.0	0.0	0.0	0.0	1.0	1.0	1.0	0.0	0.0	0.0	0.0	0.0	0.0	1.0	0.0	1.0	0.0	0.0	0.0	0.0
S1-242948690	S3-2885586	0	validation	0.0	0.0	0.5106382978723405	0.5238095238095238	0.16666666666666666	0.3333333333333333	0.2	0.0	1.0	0.0	0.0	0.0	0.4057971014492754	0.4	0.0	0.0	0.0	0.0	0.0	0.0	1.0	1.0	1.0	0.0	0.0	0.0	0.0	0.0	0.0	1.0	0.0	1.0	0.0	0.0	0.0	0.0
S1-242948690	S3-318037462	0	validation	0.0	0.0	0.41379310344827597	0.42307692307692313	0.0	0.0	0.0	0.0	1.0	0.0	0.0	0.0	0.48484848484848486	0.49056603773584906	0.25	0.4	0.0	1.0	1.0	1.0	1.0	1.0	1.0	0.0	0.0	0.0	0.0	0.0	0.0	1.0	0.0	0.0	1.0	0.0	0.0	0.0
S1-242948690	S3-334104816	0	validation	0.0	0.0	0.3589743589743589	0.34285714285714286	0.0	0.0	0.0	0.0	1.0	0.0	0.0	0.0	0.34615384615384615	0.3373493975903614	0.058823529411764705	0.2	0.0	0.5	1.0	0.0	0.0	1.0	0.0	0.0	0.0	0.0	0.0	0.0	0.0	1.0	0.0	0.0	1.0	0.0	0.0	0.0
S1-242948690	S3-423395022	0	validation	0.0	0.0	0.31034482758620685	0.27450980392156865	0.0	0.0	0.0	0.0	1.0	0.0	0.0	0.0	0.4615384615384615	0.5	0.1111111111111111	0.2	0.0	0.0	0.0	0.0	1.0	1.0	1.0	0.0	0.0	0.0	0.0	0.0	0.0	1.0	0.0	0.0	1.0	0.0	0.0	0.0
S1-242948690	S3-436314609	0	validation	0.0	0.0	0.3414634146341463	0.3783783783783784	0.0	0.0	0.0	0.0	1.0	0.0	0.0	0.0	0.41666666666666663	0.41379310344827597	0.1	0.2	0.0	1.0	1.0	1.0	1.0	1.0	1.0	0.0	0.0	0.0	0.0	0.0	0.0	1.0	0.0	0.0	1.0	0.0	0.0	0.0
S1-242948690	S3-436888401	0	validation	0.0	0.0	0.43999999999999995	0.41860465116279066	0.125	0.25	0.0	1.0	1.0	0.0	0.0	0.0	0.4918032786885246	0.5	0.1111111111111111	0.2	0.0	1.0	1.0	1.0	1.0	1.0	1.0	0.0	0.0	0.0	0.0	0.0	0.0	1.0	0.0	0.0	1.0	0.0	0.0	0.0
S1-242948690	S3-466746720	0	validation	0.0	0.0	0.39130434782608686	0.3902439024390244	0.16666666666666666	0.3333333333333333	0.2	0.0	1.0	0.0	0.0	0.0	0.375	0.326530612244898	0.09090909090909091	0.2	0.0	0.0	0.0	0.0	1.0	1.0	1.0	0.0	0.0	0.0	0.0	0.0	0.0	1.0	0.0	1.0	0.0	0.0	0.0	0.0
S1-242948690	S3-543855347	0	validation	0.0	0.0	0.6122448979591837	0.6046511627906976	0.3333333333333333	0.5	0.2	1.0	1.0	0.0	0.0	0.0	0.3380281690140845	0.2807017543859649	0.0	0.0	0.0	0.0	0.0	0.0	1.0	1.0	1.0	0.0	0.0	0.0	0.0	0.0	0.0	1.0	0.0	1.0	0.0	0.0	0.0	0.0
S1-242948690	S3-611120316	0	validation	0.0	0.0	0.30508474576271183	0.3076923076923077	0.0	0.0	0.0	0.0	1.0	0.0	0.0	0.0	0.4285714285714286	0.38596491228070173	0.1111111111111111	0.2	0.0	0.0	0.0	0.0	1.0	1.0	1.0	0.0	0.0	0.0	0.0	0.0	0.0	1.0	0.0	0.0	1.0	0.0	0.0	0.0
S1-242948690	S3-692662463	0	validation	0.0	0.0	0.42307692307692313	0.39130434782608686	0.0	0.0	0.0	0.0	1.0	0.0	0.0	0.0	0.4375	0.4705882352941176	0.1111111111111111	0.2	0.0	0.0	0.0	0.0	1.0	1.0	1.0	0.0	0.0	0.0	0.0	0.0	0.0	1.0	0.0	0.0	1.0	0.0	0.0	0.0
S1-242948690	S3-709314712	0	validation	0.0	0.0	0.4864864864864865	0.48484848484848486	0.2	0.5	0.25	0.0	1.0	0.0	0.0	0.0	0.3529411764705882	0.33333333333333337	0.0	0.0	0.0	0.0	0.0	0.0	1.0	1.0	1.0	0.0	0.0	0.0	0.0	0.0	0.0	1.0	0.0	1.0	0.0	0.0	0.0	0.0
S1-242948690	S3-848946285	0	validation	0.0	0.0	0.3793103448275862	0.3137254901960784	0.125	0.25	0.0	1.0	1.0	0.0	0.0	0.0	0.4545454545454546	0.49056603773584906	0.1111111111111111	0.2	0.0	0.0	0.0	0.0	1.0	1.0	1.0	0.0	0.0	0.0	0.0	0.0	0.0	1.0	0.0	0.0	1.0	0.0	0.0	0.0
S1-242948690	S3-919045541	0	validation	0.0	0.0	0.375	0.32558139534883723	0.0	0.0	0.0	0.0	1.0	0.0	0.0	0.0	0.4126984126984127	0.4	0.1111111111111111	0.2	0.0	1.0	1.0	1.0	1.0	1.0	1.0	0.0	0.0	0.0	0.0	0.0	0.0	1.0	0.0	0.0	1.0	0.0	0.0	0.0
S1-242948690	S3-938673299	0	validation	0.0	0.0	0.43999999999999995	0.4545454545454546	0.0	0.0	0.0	0.0	1.0	0.0	0.0	0.0	0.24242424242424243	0.23076923076923073	0.1	0.2	0.0	0.5	1.0	0.0	1.0	1.0	1.0	0.0	0.0	0.0	0.0	0.0	0.0	1.0	0.0	0.0	1.0	0.0	0.0	0.0
S1-290822507	S2-685541833	1	train	1.0	1.0	0.8	1.0	1.0	1.0	1.0	1.0	1.0	0.0	0.0	0.0	0.9178743961352658	0.9479768786127167	0.9285714285714286	1.0	0.0	1.0	1.0	1.0	1.0	1.0	1.0	0.0	0.0	0.0	0.0	0.0	0.0	2.0	1.0	0.0	1.0	0.0	0.0	0.0
S1-290822507	S2-704686104	1	train	0.0	0.0	0.11764705882352944	0.0	0.0	0.0	0.0	0.0	0.0	0.0	0.0	0.0	0.5165562913907285	0.5555555555555556	0.35714285714285715	1.0	0.0	0.5	1.0	1.0	1.0	1.0	1.0	0.0	0.0	0.0	0.0	0.0	0.0	1.0	0.0	0.0	1.0	0.0	0.0	0.0
S1-290822507	S3-247067774	1	train	0.0	0.0	0.11764705882352944	0.0	0.0	0.0	0.0	0.0	0.0	0.0	0.0	0.0	0.4025974025974026	0.40944881889763785	0.23529411764705882	0.5714285714285714	0.0	0.5	1.0	0.0	1.0	1.0	1.0	0.0	0.0	0.0	0.0	0.0	0.0	1.0	0.0	0.0	1.0	0.0	0.0	0.0
S1-290822507	S3-281458395	1	train	0.0	0.0	0.4615384615384615	0.48	0.3333333333333333	0.5	0.0	1.0	1.0	0.0	0.0	0.0	0.9333333333333332	0.96	0.8666666666666667	0.9285714285714286	0.0	1.0	1.0	1.0	1.0	1.0	1.0	0.0	0.0	0.0	0.0	0.0	0.0	1.0	0.0	0.0	1.0	0.0	0.0	0.0
S1-290822507	S3-450492345	1	train	1.0	1.0	0.8	1.0	1.0	1.0	1.0	1.0	1.0	0.0	0.0	0.0	0.8571428571428572	0.88	0.8666666666666667	0.9285714285714286	0.0	1.0	1.0	1.0	1.0	1.0	1.0	0.0	0.0	0.0	0.0	0.0	0.0	2.0	1.0	0.0	1.0	0.0	0.0	0.0
S1-290822507	S3-578924612	1	train	0.0	0.0	0.11764705882352944	0.0	0.0	0.0	0.0	0.0	0.0	0.0	0.0	0.0	0.6880733944954129	0.7071823204419888	0.7647058823529411	0.9285714285714286	0.0	1.0	1.0	0.0	1.0	1.0	1.0	0.0	0.0	0.0	0.0	0.0	0.0	1.0	0.0	0.0	1.0	0.0	0.0	0.0
S1-290822507	S2-129963058	0	train	0.0	0.0	0.5217391304347826	0.5625	0.3333333333333333	0.5	0.0	1.0	1.0	0.0	0.0	0.0	0.5434782608695652	0.5526315789473684	0.13043478260869565	0.25	0.0	0.0	0.0	0.0	1.0	1.0	1.0	0.0	0.0	0.0	0.0	0.0	0.0	1.0	0.0	0.0	1.0	0.0	0.0	0.0
S1-290822507	S2-200348251	0	train	0.0	0.0	0.5	0.6153846153846154	0.3333333333333333	0.5	0.0	1.0	1.0	0.0	0.0	0.0	0.33333333333333337	0.33112582781456956	0.045454545454545456	0.1111111111111111	0.0	0.0	0.0	0.0	1.0	1.0	1.0	0.0	0.0	0.0	0.0	0.0	0.0	1.0	0.0	0.0	1.0	0.0	0.0	0.0
S1-290822507	S2-207459226	0	train	0.0	0.0	0.45833333333333337	0.5454545454545454	0.2857142857142857	0.5	0.0	1.0	1.0	0.0	0.0	0.0	0.37234042553191493	0.34838709677419355	0.04	0.08333333333333333	0.0	0.0	0.0	0.0	1.0	1.0	1.0	0.0	0.0	0.0	0.0	0.0	0.0	1.0	0.0	0.0	1.0	0.0	0.0	0.0
S1-290822507	S2-219528286	0	train	0.0	0.0	0.3829787234042554	0.36363636363636365	0.14285714285714285	0.25	0.0	0.5	1.0	0.0	0.0	0.0	0.4752475247524752	0.47904191616766467	0.07407407407407407	0.14285714285714285	0.0	0.0	0.0	0.0	1.0	1.0	1.0	0.0	0.0	0.0	0.0	0.0	0.0	1.0	0.0	0.0	1.0	0.0	0.0	0.0
S1-290822507	S2-253201915	0	train	0.0	0.0	0.25	0.2857142857142857	0.0	0.0	0.0	0.0	1.0	0.0	0.0	0.0	0.41860465116279066	0.4275862068965517	0.05	0.14285714285714285	0.0	0.0	0.0	0.0	1.0	1.0	1.0	0.0	0.0	0.0	0.0	0.0	0.0	1.0	0.0	0.0	1.0	0.0	0.0	0.0
S1-290822507	S2-305623848	0	train	0.0	0.0	0.5098039215686274	0.6111111111111112	0.2857142857142857	0.5	0.0	1.0	1.0	0.0	0.0	0.0	0.38150289017341044	0.3829787234042554	0.04	0.08333333333333333	0.0	0.0	0.0	0.0	1.0	1.0	1.0	0.0	0.0	0.0	0.0	0.0	0.0	1.0	0.0	0.0	1.0	0.0	0.0	0.0
S1-290822507	S2-306765242	0	train	0.0	0.0	0.43478260869565216	0.4242424242424242	0.16666666666666666	0.3333333333333333	0.0	0.5	1.0	0.0	0.0	0.0	0.3157894736842105	0.31999999999999995	0.05	0.14285714285714285	0.0	0.0	0.0	0.0	1.0	1.0	1.0	0.0	0.0	0.0	0.0	0.0	0.0	1.0	0.0	0.0	1.0	0.0	0.0	0.0
S1-290822507	S2-329599073	0	train	0.0	0.0	0.6666666666666667	0.5882352941176471	0.3333333333333333	0.5	0.25	0.5	1.0	0.0	0.0	0.0	0.36633663366336633	0.3529411764705882	0.08333333333333333	0.16666666666666666	0.0	0.0	0.0	0.0	1.0	1.0	1.0	0.0	0.0	0.0	0.0	0.0	0.0	1.0	0.0	0.0	1.0	0.0	0.0	0.0
S1-290822507	S2-40771428	0	train	0.0	0.0	0.39130434782608686	0.36363636363636365	0.0	0.0	0.0	0.0	1.0	0.0	0.0	0.0	0.3783783783783784	0.3790849673202614	0.04	0.08333333333333333	0.0	0.0	0.0	0.0	1.0	1.0	1.0	0.0	0.0	0.0	0.0	0.0	0.0	1.0	0.0	0.0	1.0	0.0	0.0	0.0
S1-290822507	S2-515628684	0	train	0.0	0.0	0.3902439024390244	0.2857142857142857	0.0	0.0	0.0	0.0	1.0	0.0	0.0	0.0	0.3694267515923567	0.3846153846153846	0.05	0.14285714285714285	0.0	0.0	0.0	0.0	1.0	1.0	1.0	0.0	0.0	0.0	0.0	0.0	0.0	1.0	0.0	0.0	1.0	0.0	0.0	0.0
S1-290822507	S2-531482151	0	train	0.0	0.0	0.4390243902439024	0.5185185185185186	0.3333333333333333	0.5	0.0	1.0	1.0	0.0	0.0	0.0	0.3728813559322034	0.38888888888888884	0.125	0.23076923076923078	0.0	0.2	0.0	0.0	1.0	1.0	1.0	0.0	0.0	0.0	0.0	0.0	0.0	1.0	0.0	0.0	1.0	0.0	0.0	0.0
S1-290822507	S2-534739756	0	train	0.0	0.0	0.08333333333333337	0.0	0.0	0.0	0.0	0.0	0.0	0.0	0.0	0.0	0.3076923076923077	0.34285714285714286	0.15	0.3333333333333333	0.0	0.0	0.0	0.0	1.0	1.0	1.0	0.0	0.0	0.0	0.0	0.0	0.0	1.0	0.0	0.0	1.0	0.0	0.0	0.0
S1-290822507	S2-657261238	0	train	0.0	0.0	0.4878048780487805	0.4444444444444444	0.3333333333333333	0.5	0.0	1.0	1.0	0.0	0.0	0.0	0.37777777777777777	0.381578947368421	0.047619047619047616	0.125	0.0	0.0	0.0	0.0	1.0	1.0	1.0	0.0	0.0	0.0	0.0	0.0	0.0	1.0	0.0	0.0	1.0	0.0	0.0	0.0
S1-290822507	S2-65890883	0	train	0.0	0.0	0.40816326530612246	0.4	0.14285714285714285	0.25	0.0	0.5	1.0	0.0	0.0	0.0	0.46445497630331756	0.4685714285714285	0.1111111111111111	0.21428571428571427	0.0	0.25	0.0	0.0	1.0	1.0	1.0	0.0	0.0	0.0	0.0	0.0	0.0	1.0	0.0	0.0	1.0	0.0	0.0	0.0
S1-290822507	S2-721487617	0	train	0.0	0.0	0.31818181818181823	0.25	0.0	0.0	0.0	0.0	1.0	0.0	0.0	0.0	0.3804347826086957	0.3624161073825503	0.038461538461538464	0.07692307692307693	0.0	0.2	1.0	0.0	1.0	1.0	1.0	0.0	0.0	0.0	0.0	0.0	0.0	1.0	0.0	0.0	1.0	0.0	0.0	0.0
S1-290822507	S2-862140452	0	train	0.0	0.0	0.09999999999999998	0.0	0.0	0.0	0.0	0.0	0.0	0.0	0.0	0.0	0.3804347826086957	0.35526315789473684	0.08333333333333333	0.16666666666666666	0.0	0.25	0.0	0.0	1.0	1.0	1.0	0.0	0.0	0.0	0.0	0.0	0.0	1.0	0.0	0.0	1.0	0.0	0.0	0.0
S1-290822507	S3-104919311	0	train	0.0	0.0	0.08163265306122447	0.0	0.0	0.0	0.0	0.0	0.0	0.0	0.0	0.0	0.3645320197044335	0.3508771929824561	0.043478260869565216	0.1	0.0	0.0	0.0	0.0	1.0	1.0	1.0	0.0	0.0	0.0	0.0	0.0	0.0	1.0	0.0	0.0	1.0	0.0	0.0	0.0
S1-290822507	S3-158391264	0	train	0.0	0.0	0.39130434782608686	0.375	0.3333333333333333	0.5	0.0	1.0	1.0	0.0	0.0	0.0	0.4069767441860465	0.4055944055944056	0.045454545454545456	0.1111111111111111	0.0	0.0	0.0	0.0	1.0	1.0	1.0	0.0	0.0	0.0	0.0	0.0	0.0	1.0	0.0	0.0	1.0	0.0	0.0	0.0
S1-290822507	S3-207579289	0	train	0.0	0.0	0.29268292682926833	0.2142857142857143	0.0	0.0	0.0	0.0	1.0	0.0	0.0	0.0	0.32748538011695905	0.3098591549295775	0.045454545454545456	0.1111111111111111	0.0	0.0	0.0	0.0	1.0	1.0	1.0	0.0	0.0	0.0	0.0	0.0	0.0	1.0	0.0	0.0	1.0	0.0	0.0	0.0
S1-290822507	S3-219637774	0	train	0.0	0.0	0.29166666666666663	0.22857142857142854	0.0	0.0	0.0	0.0	1.0	0.0	0.0	0.0	0.42708333333333337	0.4276729559748428	0.125	0.23076923076923078	0.0	0.0	0.0	0.0	1.0	1.0	1.0	0.0	0.0	0.0	0.0	0.0	0.0	1.0	0.0	0.0	1.0	0.0	0.0	0.0
S1-290822507	S3-253139834	0	train	0.0	0.0	0.42553191489361697	0.48484848484848486	0.3333333333333333	0.5	0.0	1.0	1.0	0.0	0.0	0.0	0.4192139737991266	0.3894736842105263	0.1111111111111111	0.21428571428571427	0.0	0.0	0.0	0.0	1.0	1.0	1.0	0.0	0.0	0.0	0.0	0.0	0.0	1.0	0.0	0.0	1.0	0.0	0.0	0.0
S1-290822507	S3-423744595	0	train	0.0	0.0	0.4782608695652174	0.4375	0.14285714285714285	0.25	0.0	0.5	1.0	0.0	0.0	0.0	0.41237113402061853	0.422360248447205	0.038461538461538464	0.07692307692307693	0.0	0.0	0.0	0.0	1.0	1.0	1.0	0.0	0.0	0.0	0.0	0.0	0.0	1.0	0.0	0.0	1.0	0.0	0.0	0.0
S1-290822507	S3-436360059	0	train	0.0	0.0	0.45833333333333337	0.4117647058823529	0.14285714285714285	0.25	0.0	0.5	1.0	0.0	0.0	0.0	0.29378531073446323	0.2702702702702703	0.045454545454545456	0.1111111111111111	0.0	0.0	0.0	0.0	1.0	1.0	1.0	0.0	0.0	0.0	0.0	0.0	0.0	1.0	0.0	0.0	1.0	0.0	0.0	0.0
S1-290822507	S3-463678434	0	train	0.0	0.0	0.6046511627906976	0.5333333333333333	0.16666666666666666	0.3333333333333333	0.0	0.5	1.0	0.0	0.0	0.0	0.453781512605042	0.46464646464646464	0.06666666666666667	0.14285714285714285	0.0	0.0	0.0	0.0	1.0	1.0	1.0	0.0	0.0	0.0	0.0	0.0	0.0	1.0	0.0	0.0	1.0	0.0	0.0	0.0
S1-290822507	S3-708410411	0	train	0.0	0.0	0.07894736842105265	0.0	0.0	0.0	0.0	0.0	0.0	0.0	0.0	0.0	0.4772727272727273	0.4615384615384615	0.08333333333333333	0.16666666666666666	0.0	0.25	0.0	0.0	1.0	1.0	1.0	0.0	0.0	0.0	0.0	0.0	0.0	1.0	0.0	0.0	1.0	0.0	0.0	0.0
S1-290822507	S3-7269365	0	train	0.0	0.0	0.09375	0.0	0.0	0.0	0.0	0.0	0.0	0.0	0.0	0.0	0.455026455026455	0.4871794871794872	0.125	0.23076923076923078	0.0	0.0	0.0	0.0	1.0	1.0	1.0	0.0	0.0	0.0	0.0	0.0	0.0	1.0	0.0	0.0	1.0	0.0	0.0	0.0
S1-290822507	S3-729618396	0	train	0.0	0.0	0.5490196078431373	0.6111111111111112	0.2857142857142857	0.5	0.0	1.0	1.0	0.0	0.0	0.0	0.4435146443514645	0.4307692307692308	0.08823529411764706	0.21428571428571427	0.0	0.16666666666666666	0.0	0.0	1.0	1.0	1.0	0.0	0.0	0.0	0.0	0.0	0.0	1.0	0.0	0.0	1.0	0.0	0.0	0.0
S1-290822507	S3-784726662	0	train	0.0	0.0	0.48888888888888893	0.5	0.16666666666666666	0.3333333333333333	0.0	0.5	1.0	0.0	0.0	0.0	0.33898305084745756	0.34899328859060413	0.047619047619047616	0.125	0.0	0.0	0.0	0.0	1.0	1.0	1.0	0.0	0.0	0.0	0.0	0.0	0.0	1.0	0.0	0.0	1.0	0.0	0.0	0.0
S1-290822507	S3-918668632	0	train	0.0	0.0	0.42553191489361697	0.4375	0.2857142857142857	0.5	0.0	0.6666666666666666	1.0	0.0	0.0	0.0	0.39790575916230364	0.3924050632911392	0.038461538461538464	0.07692307692307693	0.0	0.0	0.0	0.0	1.0	1.0	1.0	0.0	0.0	0.0	0.0	0.0	0.0	1.0	0.0	0.0	1.0	0.0	0.0	0.0
S1-290822507	S3-920700170	0	train	0.0	0.0	0.4642857142857143	0.4878048780487805	0.2857142857142857	0.5	0.0	1.0	1.0	0.0	0.0	0.0	0.374384236453202	0.34523809523809523	0.037037037037037035	0.07142857142857142	0.0	0.0	0.0	0.0	1.0	1.0	1.0	0.0	0.0	0.0	0.0	0.0	0.0	1.0	0.0	0.0	1.0	0.0	0.0	0.0
S1-310860494	S2-194986232	1	train	1.0	1.0	1.0	1.0	1.0	1.0	1.0	0.0	1.0	0.0	0.0	1.0	0.8450704225352113	0.9259259259259259	1.0	1.0	0.0	1.0	1.0	0.0	1.0	1.0	1.0	0.0	0.0	0.0	0.0	0.0	0.0	3.0	1.0	1.0	1.0	0.0	0.0	0.0
S1-310860494	S2-995847069	1	train	0.0	0.0	0.8275862068965517	0.8888888888888888	0.0	0.0	0.0	0.0	1.0	0.0	0.0	1.0	0.8450704225352113	0.9259259259259259	1.0	1.0	0.0	1.0	1.0	0.0	1.0	1.0	1.0	0.0	0.0	0.0	0.0	0.0	0.0	2.0	0.0	0.0	1.0	0.0	0.0	1.0
S1-310860494	S3-645425866	1	train	1.0	1.0	1.0	1.0	1.0	1.0	1.0	0.0	1.0	0.0	0.0	0.0	0.7228915662650602	0.7692307692307692	0.6666666666666666	0.8571428571428571	0.0	1.0	1.0	0.0	1.0	1.0	1.0	0.0	0.0	0.0	0.0	0.0	0.0	3.0	1.0	1.0	1.0	0.0	0.0	0.0
S1-310860494	S2-104343803	0	train	0.0	0.0	0.2068965517241379	0.23076923076923073	0.0	0.0	0.0	0.0	1.0	0.0	0.0	0.0	0.3565891472868217	0.32380952380952377	0.05	0.14285714285714285	0.0	0.0	0.0	0.0	1.0	1.0	0.0	0.0	0.0	0.0	0.0	0.0	0.0	1.0	0.0	0.0	1.0	0.0	0.0	0.0
S1-310860494	S2-219442615	0	train	0.0	0.0	0.41666666666666663	0.4545454545454546	0.0	0.0	0.0	0.0	1.0	0.0	0.0	0.0	0.41025641025641024	0.4	0.07142857142857142	0.14285714285714285	0.0	0.3333333333333333	1.0	0.0	1.0	1.0	1.0	0.0	0.0	0.0	0.0	0.0	0.0	1.0	0.0	0.0	1.0	0.0	0.0	0.0
S1-310860494	S2-281979773	0	train	0.0	0.0	0.18518518518518523	0.21276595744680848	0.0	0.0	0.0	0.0	1.0	0.0	0.0	0.0	0.2222222222222222	0.20408163265306123	0.1	0.25	0.0	0.5	0.0	0.0	1.0	1.0	1.0	0.0	0.0	0.0	0.0	0.0	0.0	1.0	0.0	0.0	1.0	0.0	0.0	0.0
S1-310860494	S2-435421985	0	train	0.0	0.0	0.30434782608695654	0.29268292682926833	0.0	0.0	0.0	0.0	1.0	0.0	0.0	0.0	0.4193548387096774	0.39130434782608686	0.08333333333333333	0.16666666666666666	0.0	0.0	0.0	0.0	1.0	1.0	1.0	0.0	0.0	0.0	0.0	0.0	0.0	1.0	0.0	0.0	1.0	0.0	0.0	0.0
S1-310860494	S2-438629793	0	train	0.0	0.0	0.41666666666666663	0.36363636363636365	0.0	0.0	0.0	0.0	1.0	0.0	0.0	0.0	0.43333333333333335	0.4	0.09090909090909091	0.2	0.0	0.0	0.0	0.0	1.0	1.0	1.0	0.0	0.0	0.0	0.0	0.0	0.0	1.0	0.0	0.0	1.0	0.0	0.0	0.0
S1-310860494	S2-544768089	0	train	0.0	0.0	0.3846153846153846	0.33333333333333337	0.0	0.0	0.0	0.0	1.0	0.0	0.0	0.0	0.4	0.3448275862068966	0.07692307692307693	0.14285714285714285	0.0	0.3333333333333333	0.0	0.0	1.0	1.0	1.0	0.0	0.0	0.0	0.0	0.0	0.0	1.0	0.0	0.0	1.0	0.0	0.0	0.0
S1-310860494	S2-582143071	0	train	0.0	0.0	0.34042553191489366	0.38095238095238093	0.0	0.0	0.0	0.0	1.0	0.0	0.0	0.0	0.33333333333333337	0.27118644067796616	0.06666666666666667	0.14285714285714285	0.0	0.0	0.0	0.0	1.0	1.0	1.0	0.0	0.0	0.0	0.0	0.0	0.0	1.0	0.0	0.0	1.0	0.0	0.0	0.0
S1-310860494	S2-632666864	0	train	0.0	0.0	0.3571428571428571	0.31999999999999995	0.0	0.0	0.0	0.0	1.0	0.0	0.0	0.0	0.43478260869565216	0.4074074074074075	0.09090909090909091	0.2	0.0	1.0	1.0	0.0	1.0	1.0	1.0	0.0	0.0	0.0	0.0	0.0	0.0	1.0	0.0	0.0	1.0	0.0	0.0	0.0
S1-310860494	S2-671188068	0	train	0.0	0.0	0.4324324324324324	0.4242424242424242	0.2	0.5	0.25	0.0	1.0	0.0	0.0	0.0	0.28125	0.24489795918367352	0.0	0.0	0.0	0.0	0.0	0.0	1.0	1.0	1.0	0.0	0.0	0.0	0.0	0.0	0.0	1.0	0.0	1.0	0.0	0.0	0.0	0.0
S1-310860494	S2-861930571	0	train	0.0	0.0	0.23076923076923073	0.25	0.0	0.0	0.0	0.0	1.0	0.0	0.0	0.0	0.48484848484848486	0.4705882352941176	0.09090909090909091	0.2	0.0	1.0	1.0	0.0	1.0	1.0	1.0	0.0	0.0	0.0	0.0	0.0	0.0	1.0	0.0	0.0	1.0	0.0	0.0	0.0
S1-310860494	S2-886772408	0	train	0.0	0.0	0.2272727272727273	0.2564102564102564	0.16666666666666666	0.5	0.2	0.0	1.0	0.0	0.0	0.0	0.32499999999999996	0.25396825396825395	0.07692307692307693	0.14285714285714285	0.0	0.0	0.0	0.0	1.0	1.0	1.0	0.0	0.0	0.0	0.0	0.0	0.0	1.0	0.0	1.0	0.0	0.0	0.0	0.0
S1-310860494	S2-907833768	0	train	0.0	0.0	0.5454545454545454	0.5333333333333333	0.25	0.5	0.25	0.0	1.0	0.0	0.0	0.0	0.0	0.0	0.0	0.0	0.0	0.0	0.0	0.0	0.0	1.0	1.0	0.0	0.0	0.0	1.0	0.0	0.0	1.0	0.0	1.0	0.0	0.0	0.0	0.0
S1-310860494	S2-919391467	0	train	0.0	0.0	0.4864864864864865	0.5	0.16666666666666666	0.5	0.2	0.0	1.0	0.0	0.0	0.0	0.2571428571428571	0.2222222222222222	0.0	0.0	0.0	0.0	0.0	0.0	1.0	1.0	1.0	0.0	0.0	0.0	0.0	0.0	0.0	1.0	0.0	1.0	0.0	0.0	0.0	0.0
S1-310860494	S2-952485626	0	train	0.0	0.0	0.5333333333333333	0.5384615384615384	0.2	0.5	0.2	0.0	1.0	0.0	0.0	0.0	0.25806451612903225	0.21276595744680848	0.0	0.0	0.0	0.0	0.0	0.0	1.0	1.0	1.0	0.0	0.0	0.0	0.0	0.0	0.0	1.0	0.0	1.0	0.0	0.0	0.0	0.0
S1-310860494	S3-121769662	0	train	0.0	0.0	0.32432432432432434	0.303030303030303	0.0	0.0	0.0	0.0	1.0	0.0	0.0	0.0	0.42622950819672134	0.45833333333333337	0.1111111111111111	0.3333333333333333	0.0	1.0	1.0	0.0	1.0	1.0	1.0	0.0	0.0	0.0	0.0	0.0	0.0	1.0	0.0	0.0	1.0	0.0	0.0	0.0
S1-310860494	S3-171198433	0	train	0.0	0.0	0.2941176470588235	0.25806451612903225	0.0	0.0	0.0	0.0	1.0	0.0	0.0	0.0	0.4	0.3548387096774194	0.16666666666666666	0.2857142857142857	0.0	1.0	1.0	0.0	1.0	1.0	1.0	0.0	0.0	0.0	0.0	0.0	0.0	1.0	0.0	0.0	1.0	0.0	0.0	0.0
S1-310860494	S3-179042383	0	train	0.0	0.0	0.6896551724137931	0.6666666666666667	0.3333333333333333	0.5	0.3333333333333333	0.0	1.0	0.0	0.0	0.0	0.32432432432432434	0.27586206896551724	0.0	0.0	0.0	0.0	0.0	0.0	1.0	1.0	1.0	0.0	0.0	0.0	0.0	0.0	0.0	1.0	0.0	1.0	0.0	0.0	0.0	0.0
S1-310860494	S3-18223177	0	train	0.0	0.0	0.4390243902439024	0.4324324324324324	0.2	0.5	0.2	0.0	1.0	0.0	0.0	0.0	0.2816901408450704	0.25	0.0	0.0	0.0	0.0	0.0	0.0	1.0	1.0	1.0	0.0	0.0	0.0	0.0	0.0	0.0	1.0	0.0	1.0	0.0	0.0	0.0	0.0
S1-310860494	S3-318545081	0	train	0.0	0.0	0.6451612903225806	0.6666666666666667	0.2	0.5	0.25	0.0	1.0	0.0	0.0	0.0	0.3661971830985915	0.32727272727272727	0.0	0.0	0.0	0.0	0.0	0.0	1.0	1.0	1.0	0.0	0.0	0.0	0.0	0.0	0.0	1.0	0.0	1.0	0.0	0.0	0.0	0.0
S1-310860494	S3-520270208	0	train	0.0	0.0	0.4545454545454546	0.5142857142857142	0.1111111111111111	0.5	0.1111111111111111	0.0	1.0	0.0	0.0	0.0	0.368421052631579	0.29508196721311475	0.0	0.0	0.0	0.0	0.0	0.0	1.0	1.0	1.0	0.0	0.0	0.0	0.0	0.0	0.0	1.0	0.0	1.0	0.0	0.0	0.0	0.0
S1-310860494	S3-601895936	0	train	0.0	0.0	0.3703703703703704	0.3829787234042554	0.14285714285714285	0.5	0.14285714285714285	0.0	1.0	0.0	0.0	0.0	0.3125	0.24489795918367352	0.0	0.0	0.0	0.0	0.0	0.0	1.0	1.0	1.0	0.0	0.0	0.0	0.0	0.0	0.0	1.0	0.0	1.0	0.0	0.0	0.0	0.0
S1-310860494	S3-646485677	0	train	0.0	0.0	0.3703703703703704	0.39130434782608686	0.1111111111111111	0.5	0.1111111111111111	0.0	1.0	0.0	0.0	0.0	0.410958904109589	0.32727272727272727	0.0	0.0	0.0	0.0	0.0	0.0	1.0	1.0	1.0	0.0	0.0	0.0	0.0	0.0	0.0	1.0	0.0	1.0	0.0	0.0	0.0	0.0
S1-310860494	S3-671101292	0	train	0.0	0.0	0.23076923076923073	0.25	0.0	0.0	0.0	0.0	1.0	0.0	0.0	0.0	0.37142857142857144	0.36363636363636365	0.09090909090909091	0.2	0.0	1.0	1.0	0.0	1.0	1.0	1.0	0.0	0.0	0.0	0.0	0.0	0.0	1.0	0.0	0.0	1.0	0.0	0.0	0.0
S1-310860494	S3-727769483	0	train	0.0	0.0	0.31999999999999995	0.26086956521739135	0.0	0.0	0.0	0.0	1.0	0.0	0.0	0.0	0.40506329113924056	0.3492063492063492	0.08333333333333333	0.16666666666666666	0.0	1.0	1.0	0.0	1.0	1.0	1.0	0.0	0.0	0.0	0.0	0.0	0.0	1.0	0.0	0.0	1.0	0.0	0.0	0.0
S1-310860494	S3-77325422	0	train	0.0	0.0	0.40909090909090906	0.41025641025641024	0.16666666666666666	0.5	0.2	0.0	1.0	0.0	0.0	0.0	0.3294117647058824	0.303030303030303	0.0	0.0	0.0	0.0	0.0	0.0	1.0	1.0	1.0	0.0	0.0	0.0	0.0	0.0	0.0	1.0	0.0	1.0	0.0	0.0	0.0	0.0
S1-310860494	S3-773439410	0	train	0.0	0.0	0.3076923076923077	0.33333333333333337	0.0	0.0	0.0	0.0	1.0	0.0	0.0	0.0	0.4242424242424242	0.42307692307692313	0.1	0.25	0.0	0.5	0.0	0.0	1.0	1.0	1.0	0.0	0.0	0.0	0.0	0.0	0.0	1.0	0.0	0.0	1.0	0.0	0.0	0.0
S1-310860494	S3-775315894	0	train	0.0	0.0	0.2941176470588235	0.33333333333333337	0.0	0.0	0.0	0.0	1.0	0.0	0.0	0.0	0.45333333333333337	0.4482758620689655	0.07692307692307693	0.14285714285714285	0.0	0.5	1.0	0.0	1.0	1.0	1.0	0.0	0.0	0.0	0.0	0.0	0.0	1.0	0.0	0.0	1.0	0.0	0.0	0.0
S1-310860494	S3-889698094	0	train	0.0	0.0	0.32432432432432434	0.303030303030303	0.0	0.0	0.0	0.0	1.0	0.0	0.0	0.0	0.3291139240506329	0.31746031746031744	0.08333333333333333	0.16666666666666666	0.0	1.0	1.0	0.0	1.0	1.0	1.0	0.0	0.0	0.0	0.0	0.0	0.0	1.0	0.0	0.0	1.0	0.0	0.0	0.0
S1-310860494	S3-908896627	0	train	0.0	0.0	0.2702702702702703	0.2857142857142857	0.0	0.0	0.0	0.0	1.0	0.0	0.0	0.0	0.40540540540540543	0.3508771929824561	0.07692307692307693	0.14285714285714285	0.0	0.0	0.0	0.0	1.0	1.0	1.0	0.0	0.0	0.0	0.0	0.0	0.0	1.0	0.0	0.0	1.0	0.0	0.0	0.0
S1-310860494	S3-982570754	0	train	0.0	0.0	0.2222222222222222	0.24	0.0	0.0	0.0	0.0	1.0	0.0	0.0	0.0	0.32258064516129037	0.31999999999999995	0.07142857142857142	0.14285714285714285	0.0	0.5	0.0	0.0	1.0	1.0	1.0	0.0	0.0	0.0	0.0	0.0	0.0	1.0	0.0	0.0	1.0	0.0	0.0	0.0
S1-331316883	S2-181044545	0	validation	0.0	0.0	0.25531914893617025	0.2941176470588235	0.0	0.0	0.0	0.0	1.0	0.0	0.0	0.0	0.3896103896103897	0.3793103448275862	0.043478260869565216	0.1	0.0	0.0	0.0	0.0	1.0	1.0	1.0	0.0	0.0	0.0	0.0	0.0	0.0	1.0	0.0	0.0	1.0	0.0	0.0	0.0
S1-331316883	S2-190393023	0	validation	0.0	0.0	0.08695652173913049	0.0	0.0	0.0	0.0	0.0	0.0	0.0	0.0	0.0	0.375	0.36363636363636365	0.04	0.08333333333333333	0.0	0.0	0.0	0.0	0.0	1.0	1.0	0.0	0.0	0.0	0.0	0.0	0.0	1.0	0.0	0.0	1.0	0.0	0.0	0.0
S1-331316883	S2-190907456	0	validation	0.0	0.0	0.4590163934426229	0.48888888888888893	0.2857142857142857	0.5	0.0	1.0	1.0	0.0	0.0	0.0	0.3178807947019867	0.29824561403508776	0.08695652173913043	0.18181818181818182	0.0	0.16666666666666666	0.0	0.0	0.0	1.0	1.0	0.0	0.0	0.0	0.0	0.0	0.0	1.0	0.0	0.0	1.0	0.0	0.0	0.0
S1-331316883	S2-193098290	0	validation	0.0	0.0	0.3137254901960784	0.2702702702702703	0.16666666666666666	0.3333333333333333	0.0	0.5	1.0	0.0	0.0	0.0	0.3448275862068966	0.33333333333333337	0.07407407407407407	0.14285714285714285	0.0	0.0	0.0	0.0	1.0	1.0	1.0	0.0	0.0	0.0	0.0	0.0	0.0	1.0	0.0	0.0	1.0	0.0	0.0	0.0
S1-331316883	S2-205899284	0	validation	0.0	0.0	0.09090909090909094	0.0	0.0	0.0	0.0	0.0	0.0	0.0	0.0	0.0	0.3502824858757062	0.3111111111111111	0.07692307692307693	0.14285714285714285	0.0	0.0	0.0	0.0	0.0	1.0	1.0	0.0	0.0	0.0	0.0	0.0	0.0	1.0	0.0	0.0	1.0	0.0	0.0	0.0
S1-331316883	S2-205931495	0	validation	0.0	0.0	0.33333333333333337	0.2857142857142857	0.0	0.0	0.0	0.0	1.0	0.0	0.0	0.0	0.36571428571428577	0.34328358208955223	0.07692307692307693	0.14285714285714285	0.0	0.0	0.0	0.0	0.0	1.0	1.0	0.0	0.0	0.0	0.0	0.0	0.0	1.0	0.0	0.0	1.0	0.0	0.0	0.0
S1-331316883	S2-240345159	0	validation	0.0	0.0	0.4	0.40909090909090906	0.2857142857142857	0.5	0.0	1.0	1.0	0.0	0.0	0.0	0.36111111111111116	0.3584905660377359	0.041666666666666664	0.09090909090909091	0.0	0.0	0.0	0.0	1.0	1.0	1.0	0.0	0.0	0.0	0.0	0.0	0.0	1.0	0.0	0.0	1.0	0.0	0.0	0.0
S1-331316883	S2-402233627	0	validation	0.0	0.0	0.18604651162790697	0.19999999999999996	0.0	0.0	0.0	0.0	1.0	0.0	0.0	0.0	0.5125	0.5573770491803278	0.2631578947368421	0.5	0.0	0.0	0.0	0.0	1.0	1.0	1.0	0.0	0.0	0.0	0.0	0.0	0.0	1.0	0.0	0.0	1.0	0.0	0.0	0.0
S1-331316883	S2-403569199	0	validation	0.0	0.0	0.4814814814814815	0.5128205128205128	0.3333333333333333	0.5	0.0	1.0	1.0	0.0	0.0	0.0	0.3205128205128205	0.31932773109243695	0.1	0.25	0.0	0.0	0.0	0.0	0.0	1.0	1.0	0.0	0.0	0.0	0.0	0.0	0.0	1.0	0.0	0.0	1.0	0.0	0.0	0.0
S1-331316883	S2-460609545	0	validation	0.0	0.0	0.29508196721311475	0.25531914893617025	0.0	0.0	0.0	0.0	1.0	0.0	0.0	0.0	0.27419354838709675	0.28260869565217395	0.05555555555555555	0.2	0.0	0.3333333333333333	1.0	0.0	1.0	1.0	1.0	0.0	0.0	0.0	0.0	0.0	0.0	1.0	0.0	0.0	1.0	0.0	0.0	0.0
S1-331316883	S2-467924034	0	validation	0.0	0.0	0.4444444444444444	0.5	0.4	0.6666666666666666	0.3333333333333333	0.5	1.0	0.0	0.0	0.0	0.37086092715231783	0.3508771929824561	0.08695652173913043	0.18181818181818182	0.0	0.3333333333333333	1.0	0.0	1.0	1.0	1.0	0.0	0.0	0.0	0.0	0.0	0.0	1.0	0.0	0.0	1.0	0.0	0.0	0.0
S1-331316883	S2-524097126	0	validation	0.0	0.0	0.4074074074074075	0.41025641025641024	0.3333333333333333	0.5	0.0	1.0	1.0	0.0	0.0	0.0	0.5165562913907285	0.5689655172413793	0.35294117647058826	0.6666666666666666	0.0	0.0	0.0	0.0	1.0	1.0	1.0	0.0	0.0	0.0	0.0	0.0	0.0	1.0	0.0	0.0	1.0	0.0	0.0	0.0
S1-331316883	S2-551420981	0	validation	0.0	0.0	0.4067796610169492	0.36363636363636365	0.14285714285714285	0.25	0.0	0.5	1.0	0.0	0.0	0.0	0.402439024390244	0.3870967741935484	0.038461538461538464	0.07692307692307693	0.0	0.0	0.0	0.0	1.0	1.0	1.0	0.0	0.0	0.0	0.0	0.0	0.0	1.0	0.0	0.0	1.0	0.0	0.0	0.0
S1-331316883	S2-67340626	0	validation	0.0	0.0	0.4375	0.4897959183673469	0.14285714285714285	0.25	0.0	0.5	1.0	0.0	0.0	0.0	0.31666666666666665	0.3370786516853933	0.11764705882352941	0.4	0.0	0.3333333333333333	1.0	0.0	1.0	1.0	0.0	0.0	0.0	0.0	0.0	0.0	0.0	1.0	0.0	0.0	1.0	0.0	0.0	0.0
S1-331316883	S2-717332744	0	validation	0.0	0.0	0.42307692307692313	0.42105263157894735	0.16666666666666666	0.3333333333333333	0.25	0.0	1.0	0.0	0.0	0.0	0.3687943262411347	0.3584905660377359	0.045454545454545456	0.1111111111111111	0.0	0.0	0.0	0.0	0.0	1.0	1.0	0.0	0.0	0.0	0.0	0.0	0.0	1.0	0.0	0.0	1.0	0.0	0.0	0.0
S1-331316883	S3-125522053	0	validation	0.0	0.0	0.3448275862068966	0.36363636363636365	0.16666666666666666	0.3333333333333333	0.0	0.5	1.0	0.0	0.0	0.0	0.3455497382198953	0.3194444444444444	0.06666666666666667	0.14285714285714285	0.0	0.0	0.0	0.0	1.0	1.0	1.0	0.0	0.0	0.0	0.0	0.0	0.0	1.0	0.0	0.0	1.0	0.0	0.0	0.0
S1-331316883	S3-176618879	0	validation	0.0	0.0	0.4482758620689655	0.4651162790697675	0.3333333333333333	0.5	0.0	1.0	1.0	0.0	0.0	0.0	0.378698224852071	0.3846153846153846	0.18181818181818182	0.3333333333333333	0.0	0.25	1.0	0.0	0.0	1.0	1.0	0.0	0.0	0.0	0.0	0.0	0.0	1.0	0.0	0.0	1.0	0.0	0.0	0.0
S1-331316883	S3-181569672	0	validation	0.0	0.0	0.41379310344827597	0.41860465116279066	0.3333333333333333	0.5	0.0	1.0	1.0	0.0	0.0	0.0	0.35064935064935066	0.33333333333333337	0.08	0.15384615384615385	0.0	0.0	0.0	0.0	1.0	1.0	1.0	0.0	0.0	0.0	0.0	0.0	0.0	1.0	0.0	0.0	1.0	0.0	0.0	0.0
S1-331316883	S3-22221432	0	validation	0.0	0.0	0.3529411764705882	0.4324324324324324	0.16666666666666666	0.3333333333333333	0.0	0.5	1.0	0.0	0.0	0.0	0.34615384615384615	0.33898305084745756	0.041666666666666664	0.09090909090909091	0.0	0.2	1.0	0.0	1.0	1.0	1.0	0.0	0.0	0.0	0.0	0.0	0.0	1.0	0.0	0.0	1.0	0.0	0.0	0.0
S1-331316883	S3-240952062	0	validation	0.0	0.0	0.4117647058823529	0.4615384615384615	0.2857142857142857	0.5	0.0	1.0	0.0	0.0	0.0	0.0	0.4233576642335767	0.4423076923076923	0.1875	0.6	0.0	0.0	0.0	0.0	0.0	1.0	1.0	0.0	0.0	0.0	0.0	0.0	0.0	1.0	0.0	0.0	1.0	0.0	0.0	0.0
S1-331316883	S3-319459333	0	validation	0.0	0.0	0.2978723404255319	0.36363636363636365	0.16666666666666666	0.3333333333333333	0.0	0.5	1.0	0.0	0.0	0.0	0.3496503496503497	0.31775700934579443	0.09090909090909091	0.2	0.0	0.3333333333333333	1.0	0.0	0.0	1.0	1.0	0.0	0.0	0.0	0.0	0.0	0.0	1.0	0.0	0.0	1.0	0.0	0.0	0.0
S1-331316883	S3-327723427	0	validation	0.0	0.0	0.4918032786885246	0.5217391304347826	0.3333333333333333	0.5	0.0	1.0	1.0	0.0	0.0	0.0	0.35761589403973515	0.35398230088495575	0.041666666666666664	0.09090909090909091	0.0	0.0	0.0	0.0	0.0	1.0	1.0	0.0	0.0	0.0	0.0	0.0	0.0	1.0	0.0	0.0	1.0	0.0	0.0	0.0
S1-331316883	S3-362976320	0	validation	0.0	0.0	0.09090909090909094	0.0	0.0	0.0	0.0	0.0	0.0	0.0	0.0	0.0	0.34437086092715236	0.3793103448275862	0.045454545454545456	0.1111111111111111	0.0	0.2	0.0	0.0	1.0	1.0	1.0	0.0	0.0	0.0	0.0	0.0	0.0	1.0	0.0	0.0	1.0	0.0	0.0	0.0
S1-331316883	S3-525579305	0	validation	0.0	0.0	0.36363636363636365	0.3728813559322034	0.2222222222222222	0.5	0.0	1.0	1.0	0.0	0.0	0.0	0.36046511627906974	0.351145038167939	0.125	0.23076923076923078	0.0	0.0	0.0	0.0	1.0	1.0	1.0	0.0	0.0	0.0	0.0	0.0	0.0	1.0	0.0	0.0	1.0	0.0	0.0	0.0
S1-331316883	S3-621936822	0	validation	0.0	0.0	0.3571428571428571	0.33333333333333337	0.0	0.0	0.0	0.0	1.0	0.0	0.0	0.0	0.24390243902439024	0.2222222222222222	0.05	0.14285714285714285	0.0	0.25	0.0	0.0	1.0	1.0	0.0	0.0	0.0	0.0	0.0	0.0	0.0	1.0	0.0	0.0	1.0	0.0	0.0	0.0
S1-331316883	S3-638305030	0	validation	0.0	0.0	0.47457627118644063	0.5	0.3333333333333333	0.5	0.0	1.0	1.0	0.0	0.0	0.0	0.32352941176470584	0.2941176470588235	0.047619047619047616	0.125	0.0	0.25	0.0	0.0	1.0	1.0	1.0	0.0	0.0	0.0	0.0	0.0	0.0	1.0	0.0	0.0	1.0	0.0	0.0	0.0
S1-331316883	S3-838519432	0	validation	0.0	0.0	0.08955223880597017	0.0	0.0	0.0	0.0	0.0	0.0	0.0	0.0	0.0	0.3142857142857143	0.27184466019417475	0.041666666666666664	0.09090909090909091	0.0	0.5	0.0	0.0	1.0	1.0	1.0	0.0	0.0	0.0	0.0	0.0	0.0	1.0	0.0	0.0	1.0	0.0	0.0	0.0
S1-331316883	S3-847504257	0	validation	0.0	0.0	0.45283018867924535	0.4736842105263158	0.3333333333333333	0.5	0.0	1.0	1.0	0.0	0.0	0.0	0.35820895522388063	0.3564356435643564	0.23529411764705882	0.5714285714285714	0.0	0.0	0.0	0.0	1.0	1.0	1.0	0.0	0.0	0.0	0.0	0.0	0.0	1.0	0.0	0.0	1.0	0.0	0.0	0.0
S1-331316883	S3-867541157	0	validation	0.0	0.0	0.2857142857142857	0.2222222222222222	0.0	0.0	0.0	0.0	1.0	0.0	0.0	0.0	0.35	0.34210526315789463	0.029411764705882353	0.07142857142857142	0.0	0.0	0.0	0.0	1.0	1.0	1.0	0.0	0.0	0.0	0.0	0.0	0.0	1.0	0.0	0.0	1.0	0.0	0.0	0.0
S1-331316883	S3-990795026	0	validation	0.0	0.0	0.6101694915254237	0.6511627906976745	0.5	0.75	0.25	1.0	1.0	0.0	0.0	0.0	0.381578947368421	0.368421052631579	0.13636363636363635	0.2727272727272727	0.0	0.0	0.0	0.0	1.0	1.0	1.0	0.0	0.0	0.0	0.0	0.0	0.0	1.0	0.0	0.0	1.0	0.0	0.0	0.0
S1-336453445	S2-97958723	1	train	1.0	1.0	1.0	1.0	1.0	1.0	1.0	0.0	1.0	0.0	0.0	0.0	0.45283018867924535	0.5	0.8333333333333334	1.0	0.0	1.0	1.0	0.0	1.0	1.0	1.0	0.0	0.0	0.0	0.0	0.0	0.0	3.0	1.0	1.0	1.0	0.0	0.0	0.0
S1-336453445	S2-186975117	0	train	0.0	0.0	0.30434782608695654	0.29268292682926833	0.0	0.0	0.0	0.0	1.0	0.0	0.0	0.0	0.653061224489796	0.6486486486486487	0.25	0.4	0.0	0.0	0.0	0.0	1.0	1.0	1.0	0.0	0.0	0.0	0.0	0.0	0.0	1.0	0.0	0.0	1.0	0.0	0.0	0.0
S1-336453445	S2-265470341	0	train	0.0	0.0	0.45614035087719296	0.4489795918367348	0.1111111111111111	0.2	0.125	0.0	1.0	0.0	0.0	0.0	0.5818181818181818	0.5714285714285714	0.375	0.6	0.0	0.0	0.0	0.0	1.0	1.0	1.0	0.0	0.0	0.0	0.0	0.0	0.0	1.0	0.0	0.0	1.0	0.0	0.0	0.0
S1-336453445	S2-279102215	0	train	0.0	0.0	0.3214285714285714	0.2857142857142857	0.0	0.0	0.0	0.0	1.0	0.0	0.0	0.0	0.6274509803921569	0.6666666666666667	0.25	0.4	0.0	0.0	0.0	0.0	1.0	1.0	1.0	0.0	0.0	0.0	0.0	0.0	0.0	1.0	0.0	0.0	1.0	0.0	0.0	0.0
S1-336453445	S2-380100648	0	train	0.0	0.0	0.21739130434782605	0.19512195121951215	0.0	0.0	0.0	0.0	1.0	0.0	0.0	0.0	0.5555555555555556	0.5714285714285714	0.25	0.4	0.0	0.0	0.0	0.0	1.0	1.0	1.0	0.0	0.0	0.0	0.0	0.0	0.0	1.0	0.0	0.0	1.0	0.0	0.0	0.0
S1-336453445	S2-40520317	0	train	0.0	0.0	0.18181818181818177	0.15384615384615385	0.0	0.0	0.0	0.0	1.0	0.0	0.0	0.0	0.4074074074074075	0.38095238095238093	0.1111111111111111	0.2	0.0	0.0	0.0	0.0	1.0	1.0	1.0	0.0	0.0	0.0	0.0	0.0	0.0	1.0	0.0	0.0	1.0	0.0	0.0	0.0
S1-336453445	S2-555715626	0	train	0.0	0.0	0.3928571428571429	0.4	0.0	0.0	0.0	0.0	1.0	0.0	0.0	0.0	0.33333333333333337	0.33333333333333337	0.1111111111111111	0.2	0.0	0.0	0.0	0.0	1.0	1.0	1.0	0.0	0.0	0.0	0.0	0.0	0.0	1.0	0.0	0.0	1.0	0.0	0.0	0.0
S1-336453445	S2-625314816	0	train	0.0	0.0	0.34375	0.3157894736842105	0.0	0.0	0.0	0.0	1.0	0.0	0.0	0.0	0.42307692307692313	0.4390243902439024	0.125	0.25	0.0	0.0	0.0	0.0	1.0	1.0	1.0	0.0	0.0	0.0	0.0	0.0	0.0	1.0	0.0	0.0	1.0	0.0	0.0	0.0
S1-336453445	S2-640153964	0	train	0.0	0.0	0.375	0.3793103448275862	0.0	0.0	0.0	0.0	1.0	0.0	0.0	0.0	0.3157894736842105	0.31818181818181823	0.1	0.2	0.0	0.0	0.0	0.0	1.0	1.0	1.0	0.0	0.0	0.0	0.0	0.0	0.0	1.0	0.0	0.0	1.0	0.0	0.0	0.0
S1-336453445	S2-666948126	0	train	0.0	0.0	0.326530612244898	0.31818181818181823	0.0	0.0	0.0	0.0	1.0	0.0	0.0	0.0	0.5172413793103448	0.5	0.2	0.4	0.0	0.0	0.0	0.0	1.0	1.0	1.0	0.0	0.0	0.0	0.0	0.0	0.0	1.0	0.0	0.0	1.0	0.0	0.0	0.0
S1-336453445	S2-673253978	0	train	0.0	0.0	0.30000000000000004	0.33333333333333337	0.0	0.0	0.0	0.0	1.0	0.0	0.0	0.0	0.4375	0.4	0.2	0.4	0.0	0.0	0.0	0.0	1.0	1.0	1.0	0.0	0.0	0.0	0.0	0.0	0.0	1.0	0.0	0.0	1.0	0.0	0.0	0.0
S1-336453445	S2-737266158	0	train	0.0	0.0	0.2941176470588235	0.30000000000000004	0.0	0.0	0.0	0.0	1.0	0.0	0.0	0.0	0.6122448979591837	0.5945945945945945	0.25	0.4	0.0	0.0	0.0	0.0	1.0	1.0	1.0	0.0	0.0	0.0	0.0	0.0	0.0	1.0	0.0	0.0	1.0	0.0	0.0	0.0
S1-336453445	S2-77076436	0	train	0.0	0.0	0.36065573770491793	0.33333333333333337	0.0	0.0	0.0	0.0	1.0	0.0	0.0	0.0	0.56	0.5789473684210527	0.25	0.4	0.0	0.0	0.0	0.0	1.0	1.0	1.0	0.0	0.0	0.0	0.0	0.0	0.0	1.0	0.0	0.0	1.0	0.0	0.0	0.0
S1-336453445	S2-774692859	0	train	0.0	0.0	0.25	0.24561403508771928	0.0	0.0	0.0	0.0	1.0	0.0	0.0	0.0	0.5882352941176471	0.5641025641025641	0.25	0.4	0.0	0.0	0.0	0.0	1.0	1.0	1.0	0.0	0.0	0.0	0.0	0.0	0.0	1.0	0.0	0.0	1.0	0.0	0.0	0.0
S1-336453445	S2-918446138	0	train	0.0	0.0	0.3728813559322034	0.34615384615384615	0.0	0.0	0.0	0.0	1.0	0.0	0.0	0.0	0.3703703703703704	0.3902439024390244	0.2222222222222222	0.4	0.0	0.0	0.0	0.0	1.0	1.0	1.0	0.0	0.0	0.0	0.0	0.0	0.0	1.0	0.0	0.0	1.0	0.0	0.0	0.0
S1-336453445	S2-930692349	0	train	0.0	0.0	0.4193548387096774	0.3928571428571429	0.0	0.0	0.0	0.0	1.0	0.0	0.0	0.0	0.5283018867924528	0.5365853658536586	0.25	0.4	0.0	0.0	0.0	0.0	1.0	1.0	1.0	0.0	0.0	0.0	0.0	0.0	0.0	1.0	0.0	0.0	1.0	0.0	0.0	0.0
S1-336453445	S2-956809272	0	train	0.0	0.0	0.36111111111111116	0.31746031746031744	0.0	0.0	0.0	0.0	1.0	0.0	0.0	0.0	0.52	0.4736842105263158	0.1111111111111111	0.2	0.0	0.0	0.0	0.0	1.0	1.0	1.0	0.0	0.0	0.0	0.0	0.0	0.0	1.0	0.0	0.0	1.0	0.0	0.0	0.0
S1-336453445	S3-139403383	0	train	0.0	0.0	0.37142857142857144	0.3278688524590164	0.0	0.0	0.0	0.0	1.0	0.0	0.0	0.0	0.4	0.37209302325581395	0.1111111111111111	0.2	0.0	0.0	0.0	0.0	1.0	1.0	1.0	0.0	0.0	0.0	0.0	0.0	0.0	1.0	0.0	0.0	1.0	0.0	0.0	0.0
S1-336453445	S3-291740448	0	train	0.0	0.0	0.42105263157894735	0.42307692307692313	0.0	0.0	0.0	0.0	1.0	0.0	0.0	0.0	0.4615384615384615	0.43999999999999995	0.08333333333333333	0.2	0.0	0.0	0.0	0.0	1.0	1.0	1.0	0.0	0.0	0.0	0.0	0.0	0.0	1.0	0.0	0.0	1.0	0.0	0.0	0.0
S1-336453445	S3-375530242	0	train	0.0	0.0	0.4269662921348315	0.40506329113924056	0.09090909090909091	0.2	0.1	0.0	1.0	0.0	0.0	0.0	0.3928571428571429	0.31818181818181823	0.1111111111111111	0.2	0.0	0.0	0.0	0.0	1.0	1.0	1.0	0.0	0.0	0.0	0.0	0.0	0.0	1.0	0.0	0.0	1.0	0.0	0.0	0.0
S1-336453445	S3-384887932	0	train	0.0	0.0	0.34615384615384615	0.34782608695652173	0.0	0.0	0.0	0.0	1.0	0.0	0.0	0.0	0.4057971014492754	0.4	0.09090909090909091	0.2	0.0	0.0	0.0	0.0	1.0	1.0	1.0	0.0	0.0	0.0	0.0	0.0	0.0	1.0	0.0	0.0	1.0	0.0	0.0	0.0
S1-336453445	S3-398662962	0	train	0.0	0.0	0.5	0.48571428571428577	0.2	0.4	0.2	0.0	1.0	0.0	0.0	0.0	0.44776119402985076	0.41509433962264153	0.09090909090909091	0.2	0.0	0.0	0.0	0.0	1.0	1.0	1.0	0.0	0.0	0.0	0.0	0.0	0.0	1.0	0.0	0.0	1.0	0.0	0.0	0.0
S1-336453445	S3-408592971	0	train	0.0	0.0	0.4	0.37735849056603776	0.0	0.0	0.0	0.0	1.0	0.0	0.0	0.0	0.47457627118644063	0.43478260869565216	0.1	0.2	0.0	0.0	0.0	0.0	1.0	1.0	1.0	0.0	0.0	0.0	0.0	0.0	0.0	1.0	0.0	0.0	1.0	0.0	0.0	0.0
S1-336453445	S3-426171123	0	train	0.0	0.0	0.24489795918367352	0.2272727272727273	0.0	0.0	0.0	0.0	1.0	0.0	0.0	0.0	0.36111111111111116	0.3448275862068966	0.09090909090909091	0.2	0.0	0.0	0.0	0.0	1.0	1.0	1.0	0.0	0.0	0.0	0.0	0.0	0.0	1.0	0.0	0.0	1.0	0.0	0.0	0.0
S1-336453445	S3-471100099	0	train	0.0	0.0	0.36923076923076925	0.3793103448275862	0.0	0.0	0.0	0.0	1.0	0.0	0.0	0.0	0.4363636363636364	0.41860465116279066	0.1111111111111111	0.2	0.0	0.0	0.0	0.0	1.0	1.0	1.0	0.0	0.0	0.0	0.0	0.0	0.0	1.0	0.0	0.0	1.0	0.0	0.0	0.0
S1-336453445	S3-517969386	0	train	0.0	0.0	0.29032258064516125	0.2909090909090909	0.0	0.0	0.0	0.0	1.0	0.0	0.0	0.0	0.5	0.4705882352941176	0.1	0.2	0.0	0.0	0.0	0.0	1.0	1.0	1.0	0.0	0.0	0.0	0.0	0.0	0.0	1.0	0.0	0.0	1.0	0.0	0.0	0.0
S1-336453445	S3-545692659	0	train	0.0	0.0	0.2592592592592593	0.21276595744680848	0.0	0.0	0.0	0.0	1.0	0.0	0.0	0.0	0.5079365079365079	0.52	0.1	0.2	0.0	0.0	0.0	0.0	1.0	1.0	1.0	0.0	0.0	0.0	0.0	0.0	0.0	1.0	0.0	0.0	1.0	0.0	0.0	0.0
S1-336453445	S3-571793967	0	train	0.0	0.0	0.21739130434782605	0.23809523809523814	0.0	0.0	0.0	0.0	1.0	0.0	0.0	0.0	0.41666666666666663	0.38888888888888884	0.1111111111111111	0.2	0.0	0.0	0.0	0.0	1.0	1.0	1.0	0.0	0.0	0.0	0.0	0.0	0.0	1.0	0.0	0.0	1.0	0.0	0.0	0.0
S1-336453445	S3-576718668	0	train	0.0	0.0	0.3492063492063492	0.3508771929824561	0.0	0.0	0.0	0.0	1.0	0.0	0.0	0.0	0.41379310344827597	0.39130434782608686	0.1111111111111111	0.2	0.0	0.0	0.0	0.0	1.0	1.0	1.0	0.0	0.0	0.0	0.0	0.0	0.0	1.0	0.0	0.0	1.0	0.0	0.0	0.0
S1-336453445	S3-665653603	0	train	0.0	0.0	0.18604651162790697	0.20512820512820518	0.0	0.0	0.0	0.0	1.0	0.0	0.0	0.0	0.4615384615384615	0.41025641025641024	0.1	0.2	0.0	0.0	0.0	0.0	1.0	1.0	1.0	0.0	0.0	0.0	0.0	0.0	0.0	1.0	0.0	0.0	1.0	0.0	0.0	0.0
S1-336453445	S3-739856671	0	train	0.0	0.0	0.3870967741935484	0.3928571428571429	0.0	0.0	0.0	0.0	1.0	0.0	0.0	0.0	0.5	0.4705882352941176	0.1	0.2	0.0	0.0	0.0	0.0	1.0	1.0	1.0	0.0	0.0	0.0	0.0	0.0	0.0	1.0	0.0	0.0	1.0	0.0	0.0	0.0
S1-376048162	S2-434839760	1	train	0.0	0.0	0.7037037037037037	0.6808510638297872	0.6	0.75	0.5	1.0	1.0	0.0	0.0	0.0	0.8484848484848484	0.923076923076923	0.8333333333333334	1.0	0.0	0.0	0.0	0.0	1.0	1.0	1.0	0.0	0.0	0.0	0.0	0.0	0.0	2.0	0.0	1.0	1.0	0.0	0.0	0.0
S1-376048162	S2-73678797	1	train	1.0	1.0	0.9811320754716981	1.0	1.0	1.0	1.0	1.0	1.0	0.0	1.0	1.0	0.9295774647887324	1.0	1.0	1.0	0.0	1.0	1.0	1.0	1.0	1.0	1.0	0.0	0.0	0.0	0.0	0.0	0.0	4.0	1.0	1.0	1.0	1.0	0.0	0.0
S1-376048162	S2-794663978	1	train	1.0	1.0	0.9811320754716981	1.0	1.0	1.0	1.0	1.0	1.0	0.0	1.0	1.0	0.9295774647887324	1.0	1.0	1.0	0.0	1.0	1.0	1.0	1.0	1.0	1.0	0.0	0.0	0.0	0.0	0.0	0.0	4.0	1.0	1.0	1.0	1.0	0.0	0.0
S1-376048162	S3-350188557	1	train	0.0	0.0	0.11764705882352944	0.1333333333333333	0.0	0.0	0.0	0.0	1.0	0.0	0.0	0.0	0.9090909090909091	0.9032258064516128	0.5714285714285714	0.8	0.0	1.0	1.0	1.0	1.0	1.0	1.0	0.0	0.0	0.0	0.0	0.0	0.0	2.0	0.0	0.0	1.0	1.0	0.0	0.0
S1-376048162	S2-105901785	0	train	0.0	0.0	0.41666666666666663	0.3870967741935484	0.1	0.25	0.125	0.0	1.0	0.0	0.0	0.0	0.2894736842105263	0.24137931034482762	0.0	0.0	0.0	0.0	0.0	0.0	1.0	1.0	1.0	0.0	0.0	0.0	0.0	0.0	0.0	1.0	0.0	1.0	0.0	0.0	0.0	0.0
S1-376048162	S2-109504731	0	train	0.0	0.0	0.36734693877551017	0.38095238095238093	0.14285714285714285	0.25	0.2	0.0	1.0	0.0	0.0	0.0	0.35820895522388063	0.30188679245283023	0.0	0.0	0.0	0.0	0.0	0.0	1.0	1.0	1.0	0.0	0.0	0.0	0.0	0.0	0.0	1.0	0.0	1.0	0.0	0.0	0.0	0.0
S1-376048162	S2-195479727	0	train	0.0	0.0	0.33333333333333337	0.3870967741935484	0.0	0.0	0.0	0.0	1.0	0.0	0.0	0.0	0.5588235294117647	0.5555555555555556	0.2222222222222222	0.4	0.0	0.0	0.0	0.0	1.0	1.0	1.0	0.0	0.0	0.0	0.0	0.0	0.0	1.0	0.0	0.0	1.0	0.0	0.0	0.0
S1-376048162	S2-203573879	0	train	0.0	0.0	0.4	0.40909090909090906	0.0	0.0	0.0	0.0	1.0	0.0	0.0	0.0	0.5633802816901409	0.5964912280701755	0.2222222222222222	0.4	0.0	0.0	0.0	0.0	1.0	1.0	1.0	0.0	0.0	0.0	0.0	0.0	0.0	1.0	0.0	0.0	1.0	0.0	0.0	0.0
S1-376048162	S2-245380233	0	train	0.0	0.0	0.41666666666666663	0.4285714285714286	0.16666666666666666	0.3333333333333333	0.0	1.0	1.0	0.0	0.0	0.0	0.4776119402985075	0.49056603773584906	0.1	0.2	0.0	0.0	0.0	0.0	1.0	1.0	1.0	0.0	0.0	0.0	0.0	0.0	0.0	1.0	0.0	0.0	1.0	0.0	0.0	0.0
S1-376048162	S2-301109125	0	train	0.0	0.0	0.5	0.5161290322580645	0.2	0.5	0.3333333333333333	0.0	1.0	0.0	0.0	0.0	0.3142857142857143	0.2857142857142857	0.0	0.0	0.0	0.0	0.0	0.0	1.0	1.0	1.0	0.0	0.0	0.0	0.0	0.0	0.0	1.0	0.0	1.0	0.0	0.0	0.0	0.0
S1-376048162	S2-331814881	0	train	0.0	0.0	0.34782608695652173	0.32432432432432434	0.125	0.25	0.14285714285714285	0.0	1.0	0.0	0.0	0.0	0.37142857142857144	0.36363636363636365	0.0	0.0	0.0	0.0	0.0	0.0	1.0	1.0	1.0	0.0	0.0	0.0	0.0	0.0	0.0	1.0	0.0	1.0	0.0	0.0	0.0	0.0
S1-376048162	S2-40759496	0	train	0.0	0.0	0.31999999999999995	0.36363636363636365	0.0	0.0	0.0	0.0	1.0	0.0	0.0	0.0	0.44776119402985076	0.49056603773584906	0.375	0.6	0.0	0.0	0.0	0.0	1.0	1.0	1.0	0.0	0.0	0.0	0.0	0.0	0.0	1.0	0.0	0.0	1.0	0.0	0.0	0.0
S1-376048162	S2-457503921	0	train	0.0	0.0	0.41379310344827597	0.43999999999999995	0.125	0.25	0.16666666666666666	0.0	1.0	0.0	0.0	0.0	0.2941176470588235	0.2592592592592593	0.0	0.0	0.0	0.0	0.0	0.0	1.0	1.0	1.0	0.0	0.0	0.0	0.0	0.0	0.0	1.0	0.0	1.0	0.0	0.0	0.0	0.0
S1-376048162	S2-487387928	0	train	0.0	0.0	0.11764705882352944	0.1333333333333333	0.0	0.0	0.0	0.0	1.0	0.0	0.0	0.0	0.6865671641791045	0.7169811320754718	0.375	0.6	0.0	0.0	0.0	0.0	1.0	1.0	1.0	0.0	0.0	0.0	0.0	0.0	0.0	1.0	0.0	0.0	1.0	0.0	0.0	0.0
S1-376048162	S2-514206399	0	train	0.0	0.0	0.4390243902439024	0.4	0.16666666666666666	0.3333333333333333	0.0	1.0	1.0	0.0	0.0	0.0	0.5352112676056338	0.5263157894736843	0.1	0.2	0.0	0.0	0.0	0.0	1.0	1.0	1.0	0.0	0.0	0.0	0.0	0.0	0.0	1.0	0.0	0.0	1.0	0.0	0.0	0.0
S1-376048162	S2-536006157	0	train	0.0	0.0	0.4	0.41025641025641024	0.16666666666666666	0.3333333333333333	0.25	0.0	1.0	0.0	0.0	0.0	0.3188405797101449	0.2962962962962963	0.0	0.0	0.0	0.0	0.0	0.0	1.0	1.0	1.0	0.0	0.0	0.0	0.0	0.0	0.0	1.0	0.0	1.0	0.0	0.0	0.0	0.0
S1-376048162	S2-599803209	0	train	0.0	0.0	0.36363636363636365	0.3448275862068966	0.0	0.0	0.0	0.0	1.0	0.0	0.0	0.0	0.6086956521739131	0.6181818181818182	0.2222222222222222	0.4	0.0	0.0	0.0	0.0	1.0	1.0	1.0	0.0	0.0	0.0	0.0	0.0	0.0	1.0	0.0	0.0	1.0	0.0	0.0	0.0
S1-376048162	S2-629309236	0	train	0.0	0.0	0.38596491228070173	0.42307692307692313	0.0	0.0	0.0	0.0	1.0	0.0	0.0	0.0	0.5352112676056338	0.5263157894736843	0.1	0.2	0.0	0.0	0.0	0.0	1.0	1.0	1.0	0.0	0.0	0.0	0.0	0.0	0.0	1.0	0.0	0.0	1.0	0.0	0.0	0.0
S1-376048162	S2-71022429	0	train	0.0	0.0	0.4390243902439024	0.45714285714285713	0.16666666666666666	0.3333333333333333	0.2	0.0	1.0	0.0	0.0	0.0	0.3529411764705882	0.3076923076923077	0.0	0.0	0.0	0.0	0.0	0.0	1.0	1.0	1.0	0.0	0.0	0.0	0.0	0.0	0.0	1.0	0.0	1.0	0.0	0.0	0.0	0.0
S1-376048162	S2-737566819	0	train	0.0	0.0	0.36363636363636365	0.3728813559322034	0.0	0.0	0.0	0.0	1.0	0.0	0.0	0.0	0.4	0.3928571428571429	0.1	0.2	0.0	1.0	1.0	1.0	1.0	1.0	1.0	0.0	0.0	0.0	0.0	0.0	0.0	2.0	0.0	0.0	1.0	1.0	0.0	0.0
S1-376048162	S2-809420114	0	train	0.0	0.0	0.48888888888888893	0.5128205128205128	0.16666666666666666	0.3333333333333333	0.0	1.0	1.0	0.0	0.0	0.0	0.4776119402985075	0.45283018867924535	0.1	0.2	0.0	0.0	0.0	0.0	1.0	1.0	1.0	0.0	0.0	0.0	0.0	0.0	0.0	1.0	0.0	0.0	1.0	0.0	0.0	0.0
S1-376048162	S2-835241502	0	train	0.0	0.0	0.3278688524590164	0.33333333333333337	0.0	0.0	0.0	0.0	1.0	0.0	0.0	0.0	0.5294117647058824	0.5555555555555556	0.2222222222222222	0.4	0.0	0.0	0.0	0.0	1.0	1.0	1.0	0.0	0.0	0.0	0.0	0.0	0.0	1.0	0.0	0.0	1.0	0.0	0.0	0.0
S1-376048162	S2-846197563	0	train	0.0	0.0	0.41666666666666663	0.4285714285714286	0.0	0.0	0.0	0.0	1.0	0.0	0.0	0.0	0.4931506849315068	0.5263157894736843	0.18181818181818182	0.3333333333333333	0.0	0.0	0.0	0.0	1.0	1.0	1.0	0.0	0.0	0.0	0.0	0.0	0.0	1.0	0.0	0.0	1.0	0.0	0.0	0.0
S1-376048162	S2-852278943	0	train	0.0	0.0	0.17142857142857137	0.1333333333333333	0.0	0.0	0.0	0.0	1.0	0.0	0.0	0.0	0.4878048780487805	0.49230769230769234	0.16666666666666666	0.3333333333333333	0.0	0.0	0.0	0.0	1.0	1.0	1.0	0.0	0.0	0.0	0.0	0.0	0.0	1.0	0.0	0.0	1.0	0.0	0.0	0.0
S1-376048162	S2-878833587	0	train	0.0	0.0	0.36	0.36363636363636365	0.0	0.0	0.0	0.0	1.0	0.0	0.0	0.0	0.5483870967741935	0.6122448979591837	0.25	0.5	0.0	0.0	0.0	0.0	1.0	1.0	1.0	0.0	0.0	0.0	0.0	0.0	0.0	1.0	0.0	0.0	1.0	0.0	0.0	0.0
S1-376048162	S2-943324454	0	train	0.0	0.0	0.4	0.41025641025641024	0.16666666666666666	0.3333333333333333	0.25	0.0	1.0	0.0	0.0	0.0	0.3188405797101449	0.2962962962962963	0.0	0.0	0.0	0.0	0.0	0.0	1.0	1.0	1.0	0.0	0.0	0.0	0.0	0.0	0.0	1.0	0.0	1.0	0.0	0.0	0.0	0.0
S1-376048162	S2-956290604	0	train	0.0	0.0	0.43478260869565216	0.41025641025641024	0.4	0.6666666666666666	0.25	1.0	1.0	0.0	0.0	0.0	0.24242424242424243	0.23529411764705888	0.0	0.0	0.0	0.0	0.0	0.0	1.0	1.0	1.0	0.0	0.0	0.0	0.0	0.0	0.0	1.0	0.0	1.0	0.0	0.0	0.0	0.0
S1-376048162	S3-110287350	0	train	0.0	0.0	0.48888888888888893	0.5128205128205128	0.16666666666666666	0.3333333333333333	0.25	0.0	1.0	0.0	0.0	0.0	0.2894736842105263	0.3278688524590164	0.0	0.0	0.0	0.0	0.0	0.0	1.0	1.0	1.0	0.0	0.0	0.0	0.0	0.0	0.0	1.0	0.0	1.0	0.0	0.0	0.0	0.0
S1-376048162	S3-163866569	0	train	0.0	0.0	0.4285714285714286	0.40816326530612246	0.0	0.0	0.0	0.0	1.0	0.0	0.0	0.0	0.3902439024390244	0.4307692307692308	0.07692307692307693	0.16666666666666666	0.0	1.0	1.0	0.0	1.0	1.0	1.0	0.0	0.0	0.0	0.0	0.0	0.0	2.0	0.0	0.0	1.0	1.0	0.0	0.0
S1-376048162	S3-263152116	0	train	0.0	0.0	0.4074074074074075	0.39130434782608686	0.2857142857142857	0.5	0.16666666666666666	1.0	1.0	0.0	0.0	0.0	0.3661971830985915	0.3214285714285714	0.09090909090909091	0.16666666666666666	0.0	0.0	0.0	0.0	1.0	1.0	1.0	0.0	0.0	0.0	0.0	0.0	0.0	1.0	0.0	1.0	0.0	0.0	0.0	0.0
S1-376048162	S3-661822278	0	train	0.0	0.0	0.326530612244898	0.32558139534883723	0.0	0.0	0.0	0.0	1.0	0.0	0.0	0.0	0.3448275862068966	0.32352941176470584	0.06666666666666667	0.16666666666666666	0.0	0.5	0.0	0.0	1.0	1.0	1.0	0.0	0.0	0.0	0.0	0.0	0.0	1.0	0.0	0.0	1.0	0.0	0.0	0.0
S1-376048162	S3-780824710	0	train	0.0	0.0	0.326530612244898	0.2857142857142857	0.14285714285714285	0.25	0.2	0.0	1.0	0.0	0.0	0.0	0.2784810126582279	0.28125	0.0	0.0	0.0	0.0	0.0	0.0	1.0	1.0	1.0	0.0	0.0	0.0	0.0	0.0	0.0	1.0	0.0	1.0	0.0	0.0	0.0	0.0
S1-376048162	S3-951106967	0	train	0.0	0.0	0.5714285714285714	0.5714285714285714	0.14285714285714285	0.25	0.2	0.0	1.0	0.0	0.0	0.0	0.3513513513513513	0.27118644067796616	0.0	0.0	0.0	0.0	0.0	0.0	1.0	1.0	1.0	0.0	0.0	0.0	0.0	0.0	0.0	1.0	0.0	1.0	0.0	0.0	0.0	0.0
S1-376048162	S3-961377481	0	train	0.0	0.0	0.4878048780487805	0.5	0.2	0.5	0.25	0.0	1.0	0.0	0.0	0.0	0.31034482758620685	0.2666666666666667	0.0	0.0	0.0	0.0	0.0	0.0	1.0	1.0	1.0	0.0	0.0	0.0	0.0	0.0	0.0	1.0	0.0	1.0	0.0	0.0	0.0	0.0
S1-392338459	S2-446677342	1	train	0.0	0.0	0.9130434782608696	0.926829268292683	0.75	1.0	1.0	0.0	1.0	0.0	0.0	0.0	0.7777777777777779	0.8181818181818181	0.8571428571428571	1.0	0.0	1.0	1.0	0.0	1.0	1.0	1.0	0.0	0.0	0.0	0.0	0.0	0.0	2.0	0.0	1.0	1.0	0.0	0.0	0.0
S1-392338459	S2-758469212	1	train	0.0	0.0	0.9333333333333332	0.95	0.75	1.0	1.0	0.0	1.0	0.0	0.0	0.0	0.7832167832167832	0.8256880733944953	0.7333333333333333	0.9166666666666666	0.0	1.0	1.0	0.0	1.0	1.0	1.0	0.0	0.0	0.0	0.0	0.0	0.0	2.0	0.0	1.0	1.0	0.0	0.0	0.0
S1-392338459	S3-461659199	1	train	0.0	0.0	0.9523809523809522	0.9473684210526316	0.5	0.6666666666666666	0.5	0.0	1.0	0.0	0.0	0.0	0.8571428571428572	0.9009009009009009	0.75	0.8571428571428571	0.0	1.0	1.0	0.0	1.0	1.0	1.0	0.0	0.0	0.0	0.0	0.0	0.0	1.0	0.0	0.0	1.0	0.0	0.0	0.0
S1-392338459	S2-251849191	0	train	0.0	0.0	0.40909090909090906	0.41025641025641024	0.0	0.0	0.0	0.0	1.0	0.0	0.0	0.0	0.4251968503937008	0.41666666666666663	0.15	0.3333333333333333	0.0	0.3333333333333333	1.0	0.0	1.0	1.0	1.0	0.0	0.0	0.0	0.0	0.0	0.0	1.0	0.0	0.0	1.0	0.0	0.0	0.0
S1-392338459	S2-280860613	0	train	0.0	0.0	0.2727272727272727	0.2564102564102564	0.0	0.0	0.0	0.0	1.0	0.0	0.0	0.0	0.5357142857142857	0.5190839694656488	0.2608695652173913	0.42857142857142855	0.0	0.0	0.0	0.0	1.0	1.0	1.0	0.0	0.0	0.0	0.0	0.0	0.0	1.0	0.0	0.0	1.0	0.0	0.0	0.0
S1-392338459	S2-437395519	0	train	0.0	0.0	0.3448275862068966	0.3846153846153846	0.0	0.0	0.0	0.0	1.0	0.0	0.0	0.0	0.33043478260869563	0.3294117647058824	0.047619047619047616	0.125	0.0	0.0	0.0	0.0	1.0	1.0	0.0	0.0	0.0	0.0	0.0	0.0	0.0	1.0	0.0	0.0	1.0	0.0	0.0	0.0
S1-392338459	S2-474212136	0	train	0.0	0.0	0.4615384615384615	0.45714285714285713	0.0	0.0	0.0	0.0	1.0	0.0	0.0	0.0	0.2990654205607477	0.30379746835443033	0.05263157894736842	0.16666666666666666	0.0	0.0	0.0	0.0	1.0	1.0	0.0	0.0	0.0	0.0	0.0	0.0	0.0	1.0	0.0	0.0	1.0	0.0	0.0	0.0
S1-392338459	S2-485153589	0	train	0.0	0.0	0.5333333333333333	0.5185185185185186	0.0	0.0	0.0	0.0	1.0	0.0	0.0	0.0	0.44303797468354433	0.39344262295081966	0.125	0.23076923076923078	0.0	0.0	0.0	0.0	1.0	1.0	1.0	0.0	0.0	0.0	0.0	0.0	0.0	1.0	0.0	0.0	1.0	0.0	0.0	0.0
S1-392338459	S2-518264565	0	train	0.0	0.0	0.3829787234042554	0.33333333333333337	0.0	0.0	0.0	0.0	1.0	0.0	0.0	0.0	0.4148936170212766	0.38620689655172413	0.13793103448275862	0.2857142857142857	0.0	0.25	0.0	0.0	1.0	1.0	1.0	0.0	0.0	0.0	0.0	0.0	0.0	1.0	0.0	0.0	1.0	0.0	0.0	0.0
S1-392338459	S2-588716491	0	train	0.0	0.0	0.2702702702702703	0.25	0.0	0.0	0.0	0.0	1.0	0.0	0.0	0.0	0.5359477124183006	0.5517241379310345	0.2608695652173913	0.42857142857142855	0.0	0.0	0.0	0.0	1.0	1.0	1.0	0.0	0.0	0.0	0.0	0.0	0.0	1.0	0.0	0.0	1.0	0.0	0.0	0.0
S1-392338459	S2-678507276	0	train	0.0	0.0	0.2727272727272727	0.2564102564102564	0.0	0.0	0.0	0.0	1.0	0.0	0.0	0.0	0.38372093023255816	0.36923076923076925	0.0967741935483871	0.21428571428571427	0.0	0.0	0.0	0.0	1.0	1.0	1.0	0.0	0.0	0.0	0.0	0.0	0.0	1.0	0.0	0.0	1.0	0.0	0.0	0.0
S1-392338459	S2-863631869	0	train	0.0	0.0	0.4761904761904761	0.4864864864864865	0.0	0.0	0.0	0.0	1.0	0.0	0.0	0.0	0.3786407766990292	0.3205128205128205	0.12121212121212122	0.2857142857142857	0.0	0.14285714285714285	0.0	0.0	1.0	1.0	1.0	0.0	0.0	0.0	0.0	0.0	0.0	1.0	0.0	0.0	1.0	0.0	0.0	0.0
S1-392338459	S2-88365487	0	train	0.0	0.0	0.6111111111111112	0.5625	0.2	0.3333333333333333	0.25	0.0	1.0	0.0	0.0	0.0	0.3194444444444444	0.3008849557522124	0.045454545454545456	0.1111111111111111	0.0	0.0	0.0	0.0	1.0	1.0	1.0	0.0	0.0	0.0	0.0	0.0	0.0	1.0	0.0	1.0	0.0	0.0	0.0	0.0
S1-392338459	S3-11847644	0	train	0.0	0.0	0.3137254901960784	0.34782608695652173	0.0	0.0	0.0	0.0	1.0	0.0	0.0	0.0	0.43428571428571433	0.43478260869565216	0.12	0.21428571428571427	0.0	0.0	0.0	0.0	1.0	1.0	1.0	0.0	0.0	0.0	0.0	0.0	0.0	1.0	0.0	0.0	1.0	0.0	0.0	0.0
S1-392338459	S3-136164632	0	train	0.0	0.0	0.3076923076923077	0.34285714285714286	0.0	0.0	0.0	0.0	1.0	0.0	0.0	0.0	0.3764705882352941	0.3410852713178295	0.10714285714285714	0.21428571428571427	0.0	0.16666666666666666	0.0	0.0	1.0	1.0	1.0	0.0	0.0	0.0	0.0	0.0	0.0	1.0	0.0	0.0	1.0	0.0	0.0	0.0
S1-392338459	S3-136606998	0	train	0.0	0.0	0.31999999999999995	0.30434782608695654	0.0	0.0	0.0	0.0	1.0	0.0	0.0	0.0	0.3015873015873016	0.28865979381443296	0.10526315789473684	0.2857142857142857	0.0	0.0	0.0	0.0	1.0	1.0	0.0	0.0	0.0	0.0	0.0	0.0	0.0	1.0	0.0	0.0	1.0	0.0	0.0	0.0
S1-392338459	S3-14796626	0	train	0.0	0.0	0.2647058823529411	0.25806451612903225	0.0	0.0	0.0	0.0	1.0	0.0	0.0	0.0	0.35526315789473684	0.33613445378151263	0.041666666666666664	0.09090909090909091	0.0	0.0	0.0	0.0	1.0	1.0	1.0	0.0	0.0	0.0	0.0	0.0	0.0	1.0	0.0	0.0	1.0	0.0	0.0	0.0
S1-392338459	S3-15407131	0	train	0.0	0.0	0.0888888888888889	0.0	0.0	0.0	0.0	0.0	0.0	0.0	0.0	0.0	0.38372093023255816	0.3538461538461538	0.0625	0.14285714285714285	0.0	0.2	0.0	0.0	1.0	1.0	1.0	0.0	0.0	0.0	0.0	0.0	0.0	1.0	0.0	0.0	1.0	0.0	0.0	0.0
S1-392338459	S3-159612484	0	train	0.0	0.0	0.30000000000000004	0.2222222222222222	0.0	0.0	0.0	0.0	1.0	0.0	0.0	0.0	0.42105263157894735	0.4307692307692308	0.14814814814814814	0.2857142857142857	0.0	0.0	0.0	0.0	1.0	1.0	1.0	0.0	0.0	0.0	0.0	0.0	0.0	1.0	0.0	0.0	1.0	0.0	0.0	0.0
S1-392338459	S3-1855473	0	train	0.0	0.0	0.326530612244898	0.2727272727272727	0.0	0.0	0.0	0.0	1.0	0.0	0.0	0.0	0.42937853107344637	0.4117647058823529	0.10344827586206896	0.21428571428571427	0.0	0.0	0.0	0.0	1.0	1.0	1.0	0.0	0.0	0.0	0.0	0.0	0.0	1.0	0.0	0.0	1.0	0.0	0.0	0.0
S1-392338459	S3-250748707	0	train	0.0	0.0	0.3703703703703704	0.33333333333333337	0.0	0.0	0.0	0.0	1.0	0.0	0.0	0.0	0.41428571428571426	0.419047619047619	0.13043478260869565	0.25	0.0	0.0	0.0	0.0	1.0	1.0	1.0	0.0	0.0	0.0	0.0	0.0	0.0	1.0	0.0	0.0	1.0	0.0	0.0	0.0
S1-392338459	S3-392271403	0	train	0.0	0.0	0.41025641025641024	0.4444444444444444	0.0	0.0	0.0	0.0	1.0	0.0	0.0	0.0	0.36363636363636365	0.34782608695652173	0.05	0.14285714285714285	0.0	0.0	0.0	0.0	1.0	1.0	0.0	0.0	0.0	0.0	0.0	0.0	0.0	1.0	0.0	0.0	1.0	0.0	0.0	0.0
S1-392338459	S3-488534909	0	train	0.0	0.0	0.34042553191489366	0.33333333333333337	0.0	0.0	0.0	0.0	1.0	0.0	0.0	0.0	0.4685714285714285	0.45925925925925926	0.15384615384615385	0.2857142857142857	0.0	0.0	0.0	0.0	1.0	1.0	1.0	0.0	0.0	0.0	0.0	0.0	0.0	1.0	0.0	0.0	1.0	0.0	0.0	0.0
S1-392338459	S3-517279181	0	train	0.0	0.0	0.3214285714285714	0.2857142857142857	0.0	0.0	0.0	0.0	1.0	0.0	0.0	0.0	0.37575757575757573	0.352	0.06896551724137931	0.14285714285714285	0.0	0.0	0.0	0.0	1.0	1.0	1.0	0.0	0.0	0.0	0.0	0.0	0.0	1.0	0.0	0.0	1.0	0.0	0.0	0.0
S1-392338459	S3-599983757	0	train	0.0	0.0	0.2790697674418605	0.20512820512820518	0.0	0.0	0.0	0.0	1.0	0.0	0.0	0.0	0.3157894736842105	0.32558139534883723	0.05263157894736842	0.16666666666666666	0.0	0.0	0.0	0.0	1.0	1.0	0.0	0.0	0.0	0.0	0.0	0.0	0.0	1.0	0.0	0.0	1.0	0.0	0.0	0.0
S1-392338459	S3-600837474	0	train	0.0	0.0	0.3529411764705882	0.36363636363636365	0.0	0.0	0.0	0.0	1.0	0.0	0.0	0.0	0.3924050632911392	0.35	0.12	0.21428571428571427	0.0	0.0	0.0	0.0	1.0	1.0	1.0	0.0	0.0	0.0	0.0	0.0	0.0	1.0	0.0	0.0	1.0	0.0	0.0	0.0
S1-392338459	S3-687483732	0	train	0.0	0.0	0.2777777777777778	0.25	0.0	0.0	0.0	0.0	1.0	0.0	0.0	0.0	0.3694267515923567	0.3697478991596639	0.07142857142857142	0.14285714285714285	0.0	0.0	0.0	0.0	1.0	1.0	1.0	0.0	0.0	0.0	0.0	0.0	0.0	1.0	0.0	0.0	1.0	0.0	0.0	0.0
S1-392338459	S3-739879127	0	train	0.0	0.0	0.55	0.5714285714285714	0.16666666666666666	0.3333333333333333	0.25	0.0	1.0	0.0	0.0	0.0	0.3312101910828026	0.31746031746031744	0.045454545454545456	0.1111111111111111	0.0	0.0	0.0	0.0	1.0	1.0	1.0	0.0	0.0	0.0	0.0	0.0	0.0	1.0	0.0	1.0	0.0	0.0	0.0	0.0
S1-392338459	S3-740031823	0	train	0.0	0.0	0.29333333333333333	0.2727272727272727	0.0	0.0	0.0	0.0	1.0	0.0	0.0	0.0	0.31404958677685946	0.30434782608695654	0.05	0.14285714285714285	0.0	0.0	0.0	0.0	1.0	1.0	0.0	0.0	0.0	0.0	0.0	0.0	0.0	1.0	0.0	0.0	1.0	0.0	0.0	0.0
S1-392338459	S3-78034978	0	train	0.0	0.0	0.303030303030303	0.33333333333333337	0.0	0.0	0.0	0.0	1.0	0.0	0.0	0.0	0.3971631205673759	0.4036697247706422	0.043478260869565216	0.1	0.0	0.25	0.0	0.0	1.0	1.0	1.0	0.0	0.0	0.0	0.0	0.0	0.0	1.0	0.0	0.0	1.0	0.0	0.0	0.0
S1-392338459	S3-825016709	0	train	0.0	0.0	0.3157894736842105	0.24242424242424243	0.0	0.0	0.0	0.0	1.0	0.0	0.0	0.0	0.3207547169811321	0.379746835443038	0.05555555555555555	0.2	0.0	0.0	0.0	0.0	1.0	1.0	1.0	0.0	0.0	0.0	0.0	0.0	0.0	1.0	0.0	0.0	1.0	0.0	0.0	0.0
S1-392338459	S3-868849408	0	train	0.0	0.0	0.3846153846153846	0.375	0.0	0.0	0.0	0.0	1.0	0.0	0.0	0.0	0.3648648648648649	0.34545454545454546	0.20833333333333334	0.35714285714285715	0.0	0.0	0.0	0.0	1.0	1.0	1.0	0.0	0.0	0.0	0.0	0.0	0.0	1.0	0.0	0.0	1.0	0.0	0.0	0.0
S1-392338459	S3-904985892	0	train	0.0	0.0	0.375	0.41860465116279066	0.0	0.0	0.0	0.0	1.0	0.0	0.0	0.0	0.46451612903225803	0.4369747899159664	0.07692307692307693	0.14285714285714285	0.0	0.0	0.0	0.0	1.0	1.0	1.0	0.0	0.0	0.0	0.0	0.0	0.0	1.0	0.0	0.0	1.0	0.0	0.0	0.0
S1-438758693	S2-694874484	1	train	1.0	1.0	0.8823529411764706	1.0	1.0	1.0	1.0	1.0	1.0	0.0	0.0	0.0	0.8527131782945736	0.9019607843137255	0.8	0.9090909090909091	0.0	0.6666666666666666	0.0	0.0	1.0	1.0	1.0	0.0	0.0	0.0	0.0	0.0	0.0	3.0	1.0	1.0	1.0	0.0	0.0	0.0
S1-438758693	S3-654864655	1	train	0.0	0.0	0.8450704225352113	0.9642857142857143	0.8	1.0	0.6666666666666666	1.0	1.0	0.0	0.0	0.0	0.31055900621118016	0.33599999999999997	0.125	0.6	0.0	0.5	1.0	1.0	1.0	1.0	1.0	0.0	0.0	0.0	0.0	0.0	0.0	2.0	0.0	1.0	1.0	0.0	0.0	0.0
S1-438758693	S2-107019825	0	train	0.0	0.0	0.3561643835616438	0.4067796610169492	0.14285714285714285	0.25	0.0	0.5	1.0	0.0	0.0	0.0	0.4622222222222222	0.44067796610169496	0.12121212121212122	0.26666666666666666	0.0	0.0	0.0	0.0	1.0	1.0	1.0	0.0	0.0	0.0	0.0	0.0	0.0	1.0	0.0	0.0	1.0	0.0	0.0	0.0
S1-438758693	S2-121261810	0	train	0.0	0.0	0.26415094339622647	0.29268292682926833	0.0	0.0	0.0	0.0	1.0	0.0	0.0	0.0	0.2751322751322751	0.25503355704697983	0.03333333333333333	0.1111111111111111	0.0	0.0	0.0	0.0	0.0	1.0	1.0	0.0	0.0	0.0	0.0	0.0	0.0	1.0	0.0	0.0	1.0	0.0	0.0	0.0
S1-438758693	S2-190101931	0	train	0.0	0.0	0.3214285714285714	0.37209302325581395	0.16666666666666666	0.3333333333333333	0.0	0.5	1.0	0.0	0.0	0.0	0.4585365853658536	0.46625766871165636	0.06666666666666667	0.2	0.0	0.0	0.0	0.0	1.0	1.0	1.0	0.0	0.0	0.0	0.0	0.0	0.0	1.0	0.0	0.0	1.0	0.0	0.0	0.0
S1-438758693	S2-203069193	0	train	0.0	0.0	0.06451612903225812	0.0	0.0	0.0	0.0	0.0	0.0	0.0	0.0	0.0	0.4245810055865922	0.44285714285714284	0.20833333333333334	0.7142857142857143	0.0	0.0	0.0	0.0	1.0	1.0	1.0	0.0	0.0	0.0	0.0	0.0	0.0	1.0	0.0	0.0	1.0	0.0	0.0	0.0
S1-438758693	S2-276137642	0	train	0.0	0.0	0.06349206349206349	0.0	0.0	0.0	0.0	0.0	0.0	0.0	0.0	0.0	0.40201005025125625	0.39743589743589747	0.0967741935483871	0.25	0.0	0.0	0.0	0.0	1.0	1.0	1.0	0.0	0.0	0.0	0.0	0.0	0.0	1.0	0.0	0.0	1.0	0.0	0.0	0.0
S1-438758693	S2-352715365	0	train	0.0	0.0	0.32727272727272727	0.33333333333333337	0.0	0.0	0.0	0.0	1.0	0.0	0.0	0.0	0.28409090909090906	0.28148148148148144	0.06666666666666667	0.2	0.0	0.2	0.0	0.0	1.0	1.0	1.0	0.0	0.0	0.0	0.0	0.0	0.0	1.0	0.0	0.0	1.0	0.0	0.0	0.0
S1-438758693	S2-383037237	0	train	0.0	0.0	0.33333333333333337	0.34615384615384615	0.14285714285714285	0.25	0.0	0.5	1.0	0.0	0.0	0.0	0.3939393939393939	0.3584905660377359	0.07692307692307693	0.15	0.0	0.0	0.0	0.0	0.0	1.0	1.0	0.0	0.0	0.0	0.0	0.0	0.0	1.0	0.0	0.0	1.0	0.0	0.0	0.0
S1-438758693	S2-391121718	0	train	0.0	0.0	0.07894736842105265	0.0	0.0	0.0	0.0	0.0	0.0	0.0	0.0	0.0	0.39603960396039606	0.4	0.06896551724137931	0.2222222222222222	0.0	0.0	0.0	0.0	1.0	1.0	1.0	0.0	0.0	0.0	0.0	0.0	0.0	1.0	0.0	0.0	1.0	0.0	0.0	0.0
S1-438758693	S2-429476402	0	train	0.0	0.0	0.339622641509434	0.30000000000000004	0.16666666666666666	0.3333333333333333	0.0	0.5	1.0	0.0	0.0	0.0	0.3909090909090909	0.3542857142857143	0.0625	0.16666666666666666	0.0	0.0	0.0	0.0	1.0	1.0	1.0	0.0	0.0	0.0	0.0	0.0	0.0	1.0	0.0	0.0	1.0	0.0	0.0	0.0
S1-438758693	S2-430863454	0	train	0.0	0.0	0.08450704225352113	0.0	0.0	0.0	0.0	0.0	0.0	0.0	0.0	0.0	0.17834394904458595	0.18032786885245897	0.04	0.25	0.0	0.0	0.0	0.0	1.0	1.0	1.0	0.0	0.0	0.0	0.0	0.0	0.0	1.0	0.0	0.0	1.0	0.0	0.0	0.0
S1-438758693	S2-458460536	0	train	0.0	0.0	0.03448275862068961	0.0	0.0	0.0	0.0	0.0	0.0	0.0	0.0	0.0	0.327683615819209	0.3453237410071942	0.11538461538461539	0.42857142857142855	0.0	0.0	0.0	0.0	1.0	1.0	1.0	0.0	0.0	0.0	0.0	0.0	0.0	1.0	0.0	0.0	1.0	0.0	0.0	0.0
S1-438758693	S2-67018733	0	train	0.0	0.0	0.07499999999999996	0.0	0.0	0.0	0.0	0.0	0.0	0.0	0.0	0.0	0.4279069767441861	0.42105263157894735	0.0967741935483871	0.25	0.0	0.0	0.0	0.0	1.0	1.0	1.0	0.0	0.0	0.0	0.0	0.0	0.0	1.0	0.0	0.0	1.0	0.0	0.0	0.0
S1-438758693	S2-834189599	0	train	0.0	0.0	0.42105263157894735	0.43333333333333335	0.25	0.5	0.0	1.0	1.0	0.0	0.0	0.0	0.4017857142857143	0.38636363636363635	0.05405405405405406	0.11764705882352941	0.0	0.0	0.0	0.0	1.0	1.0	1.0	0.0	0.0	0.0	0.0	0.0	0.0	1.0	0.0	0.0	1.0	0.0	0.0	0.0
S1-438758693	S2-909390354	0	train	0.0	0.0	0.38596491228070173	0.40909090909090906	0.16666666666666666	0.3333333333333333	0.0	0.5	1.0	0.0	0.0	0.0	0.4609053497942387	0.4397905759162304	0.1388888888888889	0.2631578947368421	0.0	0.0	0.0	0.0	1.0	1.0	1.0	0.0	0.0	0.0	0.0	0.0	0.0	1.0	0.0	0.0	1.0	0.0	0.0	0.0
S1-438758693	S3-131234774	0	train	0.0	0.0	0.38095238095238093	0.4489795918367348	0.14285714285714285	0.25	0.0	0.5	1.0	0.0	0.0	0.0	0.42727272727272725	0.4228571428571428	0.029411764705882353	0.07692307692307693	0.0	0.0	0.0	0.0	1.0	1.0	1.0	0.0	0.0	0.0	0.0	0.0	0.0	1.0	0.0	0.0	1.0	0.0	0.0	0.0
S1-438758693	S3-134663549	0	train	0.0	0.0	0.4615384615384615	0.4705882352941176	0.3333333333333333	0.5	0.0	1.0	1.0	0.0	0.0	0.0	0.4114832535885168	0.41666666666666663	0.10344827586206896	0.3	0.0	0.0	0.0	0.0	1.0	1.0	1.0	0.0	0.0	0.0	0.0	0.0	0.0	1.0	0.0	0.0	1.0	0.0	0.0	0.0
S1-438758693	S3-153575217	0	train	0.0	0.0	0.4	0.43478260869565216	0.25	0.5	0.0	1.0	1.0	0.0	0.0	0.0	0.36866359447004604	0.37714285714285706	0.06451612903225806	0.18181818181818182	0.0	0.0	0.0	0.0	0.0	1.0	1.0	0.0	0.0	0.0	0.0	0.0	0.0	1.0	0.0	0.0	1.0	0.0	0.0	0.0
S1-438758693	S3-33392534	0	train	0.0	0.0	0.4117647058823529	0.3703703703703704	0.0	0.0	0.0	0.0	1.0	0.0	0.0	0.0	0.4077669902912622	0.3950617283950617	0.09375	0.23076923076923078	0.0	0.0	0.0	0.0	1.0	1.0	1.0	0.0	0.0	0.0	0.0	0.0	0.0	1.0	0.0	0.0	1.0	0.0	0.0	0.0
S1-438758693	S3-348081983	0	train	0.0	0.0	0.3548387096774194	0.33333333333333337	0.14285714285714285	0.25	0.0	0.5	1.0	0.0	0.0	0.0	0.3659574468085106	0.33333333333333337	0.02631578947368421	0.058823529411764705	0.0	0.0	0.0	0.0	0.0	1.0	1.0	0.0	0.0	0.0	0.0	0.0	0.0	1.0	0.0	0.0	1.0	0.0	0.0	0.0
S1-438758693	S3-349539793	0	train	0.0	0.0	0.4225352112676056	0.4285714285714286	0.2857142857142857	0.5	0.0	1.0	1.0	0.0	0.0	0.0	0.33519553072625696	0.3453237410071942	0.10714285714285714	0.3333333333333333	0.0	0.3333333333333333	1.0	0.0	1.0	1.0	1.0	0.0	0.0	0.0	0.0	0.0	0.0	1.0	0.0	0.0	1.0	0.0	0.0	0.0
S1-438758693	S3-360487399	0	train	0.0	0.0	0.30000000000000004	0.30434782608695654	0.14285714285714285	0.25	0.0	0.5	1.0	0.0	0.0	0.0	0.3775100401606426	0.36734693877551017	0.024390243902439025	0.05	0.0	0.0	0.0	0.0	1.0	1.0	1.0	0.0	0.0	0.0	0.0	0.0	0.0	1.0	0.0	0.0	1.0	0.0	0.0	0.0
S1-438758693	S3-40188636	0	train	0.0	0.0	0.5373134328358209	0.49056603773584906	0.14285714285714285	0.25	0.0	0.5	1.0	0.0	0.0	0.0	0.26249999999999996	0.27419354838709675	0.038461538461538464	0.2	0.0	0.0	0.0	0.0	1.0	1.0	1.0	0.0	0.0	0.0	0.0	0.0	0.0	1.0	0.0	0.0	1.0	0.0	0.0	0.0
S1-438758693	S3-500943256	0	train	0.0	0.0	0.2222222222222222	0.2941176470588235	0.0	0.0	0.0	0.0	1.0	0.0	0.0	0.0	0.3904761904761904	0.40476190476190477	0.10344827586206896	0.3	0.0	0.0	0.0	0.0	0.0	1.0	1.0	0.0	0.0	0.0	0.0	0.0	0.0	1.0	0.0	0.0	1.0	0.0	0.0	0.0
S1-438758693	S3-599428219	0	train	0.0	0.0	0.3508771929824561	0.41860465116279066	0.3333333333333333	0.5	0.0	1.0	1.0	0.0	0.0	0.0	0.4	0.40268456375838924	0.03225806451612903	0.1	0.0	0.0	0.0	0.0	1.0	1.0	1.0	0.0	0.0	0.0	0.0	0.0	0.0	1.0	0.0	0.0	1.0	0.0	0.0	0.0
S1-438758693	S3-628487413	0	train	0.0	0.0	0.4126984126984127	0.43999999999999995	0.0	0.0	0.0	0.0	1.0	0.0	0.0	0.0	0.3317073170731707	0.32298136645962733	0.029411764705882353	0.07692307692307693	0.0	0.0	0.0	0.0	1.0	1.0	1.0	0.0	0.0	0.0	0.0	0.0	0.0	1.0	0.0	0.0	1.0	0.0	0.0	0.0
S1-438758693	S3-689536366	0	train	0.0	0.0	0.21818181818181814	0.2790697674418605	0.0	0.0	0.0	0.0	1.0	0.0	0.0	0.0	0.2751322751322751	0.25503355704697983	0.03333333333333333	0.1111111111111111	0.0	0.0	0.0	0.0	0.0	1.0	1.0	0.0	0.0	0.0	0.0	0.0	0.0	1.0	0.0	0.0	1.0	0.0	0.0	0.0
S1-438758693	S3-73982829	0	train	0.0	0.0	0.3666666666666667	0.42553191489361697	0.0	0.0	0.0	0.0	1.0	0.0	0.0	0.0	0.4095238095238095	0.3928571428571429	0.06451612903225806	0.18181818181818182	0.0	0.0	0.0	0.0	1.0	1.0	1.0	0.0	0.0	0.0	0.0	0.0	0.0	1.0	0.0	0.0	1.0	0.0	0.0	0.0
S1-438758693	S3-858491222	0	train	0.0	0.0	0.3939393939393939	0.34615384615384615	0.0	0.0	0.0	0.0	1.0	0.0	0.0	0.0	0.40625	0.42666666666666664	0.06666666666666667	0.2	0.0	0.0	0.0	0.0	1.0	1.0	1.0	0.0	0.0	0.0	0.0	0.0	0.0	1.0	0.0	0.0	1.0	0.0	0.0	0.0
S1-438758693	S3-941478152	0	train	0.0	0.0	0.48571428571428577	0.509090909090909	0.2857142857142857	0.5	0.0	1.0	1.0	0.0	0.0	0.0	0.4177777777777778	0.4157303370786517	0.12121212121212122	0.26666666666666666	0.0	0.0	0.0	0.0	1.0	1.0	1.0	0.0	0.0	0.0	0.0	0.0	0.0	1.0	0.0	0.0	1.0	0.0	0.0	0.0
S1-438758693	S3-975474528	0	train	0.0	0.0	0.49230769230769234	0.56	0.2857142857142857	0.5	0.0	1.0	1.0	0.0	0.0	0.0	0.4297520661157025	0.4042553191489362	0.16216216216216217	0.2857142857142857	0.0	0.2	0.0	0.0	1.0	1.0	1.0	0.0	0.0	0.0	0.0	0.0	0.0	1.0	0.0	0.0	1.0	0.0	0.0	0.0
S1-468628733	S3-312398170	1	train	1.0	1.0	1.0	1.0	1.0	1.0	1.0	1.0	1.0	0.0	0.0	0.0	0.7916666666666665	0.8266666666666667	0.8888888888888888	1.0	0.0	1.0	1.0	0.0	1.0	1.0	1.0	0.0	0.0	0.0	0.0	0.0	0.0	1.0	1.0	0.0	0.0	0.0	0.0	0.0
S1-468628733	S2-239325623	0	train	1.0	1.0	1.0	1.0	1.0	1.0	1.0	1.0	1.0	0.0	0.0	0.0	0.2777777777777778	0.27350427350427353	0.045454545454545456	0.125	0.0	0.3333333333333333	0.0	0.0	0.0	1.0	1.0	0.0	0.0	0.0	0.0	0.0	0.0	1.0	1.0	0.0	0.0	0.0	0.0	0.0
S1-468628733	S2-317609894	0	train	1.0	1.0	1.0	1.0	1.0	1.0	1.0	1.0	1.0	0.0	0.0	0.0	0.0	0.0	0.0	0.0	0.0	0.0	0.0	0.0	0.0	1.0	1.0	0.0	0.0	0.0	1.0	0.0	0.0	1.0	1.0	0.0	0.0	0.0	0.0	0.0
S1-468628733	S2-350109153	0	train	1.0	1.0	1.0	1.0	1.0	1.0	1.0	1.0	1.0	0.0	0.0	0.0	0.32558139534883723	0.29166666666666663	0.0	0.0	0.0	0.0	0.0	0.0	1.0	1.0	1.0	0.0	0.0	0.0	0.0	0.0	0.0	1.0	1.0	0.0	0.0	0.0	0.0	0.0
S1-468628733	S2-653765565	0	train	1.0	1.0	1.0	1.0	1.0	1.0	1.0	1.0	1.0	0.0	0.0	0.0	0.3207547169811321	0.2823529411764706	0.0	0.0	0.0	0.0	0.0	0.0	1.0	1.0	1.0	0.0	0.0	0.0	0.0	0.0	0.0	1.0	1.0	0.0	0.0	0.0	0.0	0.0
S1-468628733	S2-672139668	0	train	1.0	1.0	1.0	1.0	1.0	1.0	1.0	1.0	1.0	0.0	0.0	0.0	0.0	0.0	0.0	0.0	0.0	0.0	0.0	0.0	0.0	1.0	1.0	0.0	0.0	0.0	1.0	0.0	0.0	1.0	1.0	0.0	0.0	0.0	0.0	0.0
S1-468628733	S2-691489083	0	train	1.0	1.0	1.0	1.0	1.0	1.0	1.0	1.0	1.0	0.0	0.0	0.0	0.37593984962406013	0.3584905660377359	0.045454545454545456	0.125	0.0	0.0	0.0	0.0	1.0	1.0	1.0	0.0	0.0	0.0	0.0	0.0	0.0	1.0	1.0	0.0	0.0	0.0	0.0	0.0
S1-468628733	S2-739866719	0	train	1.0	1.0	1.0	1.0	1.0	1.0	1.0	1.0	1.0	0.0	0.0	0.0	0.41379310344827597	0.4247787610619469	0.09090909090909091	0.25	0.0	0.0	0.0	0.0	1.0	1.0	1.0	0.0	0.0	0.0	0.0	0.0	0.0	1.0	1.0	0.0	0.0	0.0	0.0	0.0
S1-468628733	S2-821789396	0	train	1.0	1.0	1.0	1.0	1.0	1.0	1.0	1.0	1.0	0.0	0.0	0.0	0.29585798816568043	0.26277372262773724	0.0	0.0	0.0	0.0	0.0	0.0	1.0	1.0	1.0	0.0	0.0	0.0	0.0	0.0	0.0	1.0	1.0	0.0	0.0	0.0	0.0	0.0
S1-468628733	S2-955761658	0	train	1.0	1.0	1.0	1.0	1.0	1.0	1.0	1.0	1.0	0.0	0.0	0.0	0.41379310344827597	0.4247787610619469	0.09090909090909091	0.25	0.0	0.0	0.0	0.0	1.0	1.0	1.0	0.0	0.0	0.0	0.0	0.0	0.0	1.0	1.0	0.0	0.0	0.0	0.0	0.0
S1-468628733	S3-101531849	0	train	1.0	1.0	1.0	1.0	1.0	1.0	1.0	1.0	1.0	0.0	0.0	0.0	0.31818181818181823	0.2912621359223301	0.0	0.0	0.0	0.0	0.0	0.0	1.0	1.0	1.0	0.0	0.0	0.0	0.0	0.0	0.0	1.0	1.0	0.0	0.0	0.0	0.0	0.0
S1-468628733	S3-116485262	0	train	1.0	1.0	1.0	1.0	1.0	1.0	1.0	1.0	1.0	0.0	0.0	0.0	0.3448275862068966	0.2978723404255319	0.058823529411764705	0.125	0.0	0.0	0.0	0.0	0.0	1.0	1.0	0.0	0.0	0.0	0.0	0.0	0.0	1.0	1.0	0.0	0.0	0.0	0.0	0.0
S1-468628733	S3-21795106	0	train	1.0	1.0	1.0	1.0	1.0	1.0	1.0	1.0	1.0	0.0	0.0	0.0	0.31932773109243695	0.33333333333333337	0.0	0.0	0.0	0.0	0.0	0.0	1.0	1.0	1.0	0.0	0.0	0.0	0.0	0.0	0.0	1.0	1.0	0.0	0.0	0.0	0.0	0.0
S1-468628733	S3-262892438	0	train	1.0	1.0	1.0	1.0	1.0	1.0	1.0	1.0	1.0	0.0	0.0	0.0	0.30645161290322576	0.2549019607843137	0.0	0.0	0.0	0.0	0.0	0.0	1.0	1.0	1.0	0.0	0.0	0.0	0.0	0.0	0.0	1.0	1.0	0.0	0.0	0.0	0.0	0.0
S1-468628733	S3-293579536	0	train	1.0	1.0	1.0	1.0	1.0	1.0	1.0	1.0	1.0	0.0	0.0	0.0	0.2142857142857143	0.21212121212121215	0.0	0.0	0.0	0.0	0.0	0.0	1.0	1.0	1.0	0.0	0.0	0.0	0.0	0.0	0.0	1.0	1.0	0.0	0.0	0.0	0.0	0.0
S1-468628733	S3-340596186	0	train	1.0	1.0	1.0	1.0	1.0	1.0	1.0	1.0	1.0	0.0	0.0	0.0	0.3125	0.3106796116504854	0.0	0.0	0.0	0.0	0.0	0.0	1.0	1.0	1.0	0.0	0.0	0.0	0.0	0.0	0.0	1.0	1.0	0.0	0.0	0.0	0.0	0.0
S1-468628733	S3-435814503	0	train	1.0	1.0	1.0	1.0	1.0	1.0	1.0	1.0	1.0	0.0	0.0	0.0	0.1573033707865169	0.11111111111111116	0.0	0.0	0.0	0.0	0.0	0.0	0.0	1.0	1.0	0.0	0.0	0.0	0.0	0.0	0.0	1.0	1.0	0.0	0.0	0.0	0.0	0.0
S1-468628733	S3-442877634	0	train	1.0	1.0	1.0	1.0	1.0	1.0	1.0	1.0	1.0	0.0	0.0	0.0	0.5238095238095238	0.5454545454545454	0.15789473684210525	0.375	0.0	0.0	0.0	0.0	1.0	1.0	1.0	0.0	0.0	0.0	0.0	0.0	0.0	1.0	1.0	0.0	0.0	0.0	0.0	0.0
S1-468628733	S3-519367613	0	train	1.0	1.0	1.0	1.0	1.0	1.0	1.0	1.0	1.0	0.0	0.0	0.0	0.2954545454545454	0.23188405797101452	0.0	0.0	0.0	0.0	0.0	0.0	1.0	1.0	1.0	0.0	0.0	0.0	0.0	0.0	0.0	1.0	1.0	0.0	0.0	0.0	0.0	0.0
S1-468628733	S3-54270537	0	train	1.0	1.0	1.0	1.0	1.0	1.0	1.0	1.0	1.0	0.0	0.0	0.0	0.3157894736842105	0.28888888888888886	0.058823529411764705	0.125	0.0	0.0	0.0	0.0	0.0	1.0	1.0	0.0	0.0	0.0	0.0	0.0	0.0	1.0	1.0	0.0	0.0	0.0	0.0	0.0
S1-468628733	S3-558473591	0	train	1.0	1.0	1.0	1.0	1.0	1.0	1.0	1.0	1.0	0.0	0.0	0.0	0.2784810126582279	0.25806451612903225	0.0	0.0	0.0	0.0	0.0	0.0	1.0	1.0	1.0	0.0	0.0	0.0	0.0	0.0	0.0	1.0	1.0	0.0	0.0	0.0	0.0	0.0
S1-468628733	S3-576090176	0	train	1.0	1.0	1.0	1.0	1.0	1.0	1.0	1.0	1.0	0.0	0.0	0.0	0.3298969072164949	0.32432432432432434	0.058823529411764705	0.125	0.0	0.0	0.0	0.0	1.0	1.0	1.0	0.0	0.0	0.0	0.0	0.0	0.0	1.0	1.0	0.0	0.0	0.0	0.0	0.0
S1-468628733	S3-576548671	0	train	0.0	1.0	0.826086956521739	0.85	1.0	1.0	1.0	1.0	1.0	0.0	0.0	0.0	0.2797202797202797	0.25210084033613445	0.0	0.0	0.0	0.0	0.0	0.0	1.0	1.0	1.0	0.0	0.0	0.0	0.0	0.0	0.0	1.0	1.0	0.0	0.0	0.0	0.0	0.0
S1-468628733	S3-601122450	0	train	0.0	1.0	0.826086956521739	0.85	1.0	1.0	1.0	1.0	1.0	0.0	0.0	0.0	0.30927835051546393	0.2564102564102564	0.0	0.0	0.0	0.0	0.0	0.0	0.0	1.0	1.0	0.0	0.0	0.0	0.0	0.0	0.0	1.0	1.0	0.0	0.0	0.0	0.0	0.0
S1-468628733	S3-655651865	0	train	1.0	1.0	1.0	1.0	1.0	1.0	1.0	1.0	1.0	0.0	0.0	0.0	0.3023255813953488	0.2773722627737226	0.0	0.0	0.0	0.0	0.0	0.0	1.0	1.0	1.0	0.0	0.0	0.0	0.0	0.0	0.0	1.0	1.0	0.0	0.0	0.0	0.0	0.0
S1-468628733	S3-734449944	0	train	1.0	1.0	1.0	1.0	1.0	1.0	1.0	1.0	1.0	0.0	0.0	0.0	0.3410852713178295	0.3076923076923077	0.0	0.0	0.0	0.0	0.0	0.0	1.0	1.0	1.0	0.0	0.0	0.0	0.0	0.0	0.0	1.0	1.0	0.0	0.0	0.0	0.0	0.0
S1-468628733	S3-782308313	0	train	0.0	1.0	0.826086956521739	0.85	1.0	1.0	1.0	1.0	1.0	0.0	0.0	0.0	0.31999999999999995	0.30000000000000004	0.0	0.0	0.0	0.0	0.0	0.0	1.0	1.0	1.0	0.0	0.0	0.0	0.0	0.0	0.0	1.0	1.0	0.0	0.0	0.0	0.0	0.0
S1-468628733	S3-896532059	0	train	0.0	1.0	0.826086956521739	0.85	1.0	1.0	1.0	1.0	1.0	0.0	0.0	0.0	0.39344262295081966	0.35051546391752575	0.0	0.0	0.0	0.0	0.0	0.0	1.0	1.0	1.0	0.0	0.0	0.0	0.0	0.0	0.0	1.0	1.0	0.0	0.0	0.0	0.0	0.0
S1-468628733	S3-920906558	0	train	0.0	1.0	0.826086956521739	0.85	1.0	1.0	1.0	1.0	1.0	0.0	0.0	0.0	0.36734693877551017	0.3076923076923077	0.0	0.0	0.0	0.0	0.0	0.0	1.0	1.0	1.0	0.0	0.0	0.0	0.0	0.0	0.0	1.0	1.0	0.0	0.0	0.0	0.0	0.0
S1-476948940	S2-155228284	1	train	1.0	1.0	0.8666666666666667	1.0	1.0	1.0	1.0	1.0	1.0	0.0	0.0	0.0	0.8461538461538461	0.8952380952380953	0.9	1.0	0.0	1.0	1.0	1.0	1.0	1.0	1.0	0.0	0.0	0.0	0.0	0.0	0.0	2.0	1.0	0.0	1.0	0.0	0.0	0.0
S1-476948940	S2-8800347	1	train	1.0	1.0	0.8666666666666667	1.0	1.0	1.0	1.0	1.0	1.0	0.0	0.0	0.0	0.6976744186046511	0.7238095238095238	0.6363636363636364	0.875	0.0	1.0	1.0	1.0	1.0	1.0	1.0	0.0	0.0	0.0	0.0	0.0	0.0	2.0	1.0	0.0	1.0	0.0	0.0	0.0
S1-476948940	S2-880421480	1	train	0.0	0.0	0.08571428571428574	0.0	0.0	0.0	0.0	0.0	0.0	0.0	0.0	1.0	0.8028169014084507	0.8448275862068965	1.0	1.0	0.0	1.0	1.0	1.0	1.0	1.0	1.0	0.0	0.0	0.0	0.0	0.0	0.0	1.0	0.0	0.0	1.0	0.0	0.0	0.0
S1-476948940	S3-180218255	1	train	0.0	0.0	0.08571428571428574	0.0	0.0	0.0	0.0	0.0	0.0	0.0	0.0	0.0	0.303030303030303	0.32499999999999996	0.18181818181818182	0.6666666666666666	0.0	1.0	1.0	1.0	1.0	1.0	1.0	0.0	0.0	0.0	0.0	0.0	0.0	1.0	0.0	0.0	1.0	0.0	0.0	0.0
S1-476948940	S2-1589631	0	train	0.0	0.0	0.35820895522388063	0.34615384615384615	0.125	0.25	0.0	0.5	1.0	0.0	0.0	0.0	0.4812834224598931	0.48051948051948057	0.2	0.4	0.0	0.0	0.0	0.0	1.0	1.0	1.0	0.0	0.0	0.0	0.0	0.0	0.0	1.0	0.0	0.0	1.0	0.0	0.0	0.0
S1-476948940	S2-195235887	0	train	0.0	0.0	0.21052631578947367	0.13636363636363635	0.0	0.0	0.0	0.0	1.0	0.0	0.0	0.0	0.5128205128205128	0.5106382978723405	0.21428571428571427	0.42857142857142855	0.0	0.0	0.0	0.0	1.0	1.0	1.0	0.0	0.0	0.0	0.0	0.0	0.0	1.0	0.0	0.0	1.0	0.0	0.0	0.0
S1-476948940	S2-352837576	0	train	0.0	0.0	0.44067796610169496	0.4444444444444444	0.3333333333333333	0.5	0.0	1.0	1.0	0.0	0.0	0.0	0.5070422535211268	0.5172413793103448	0.2	0.375	0.0	0.0	0.0	0.0	1.0	1.0	1.0	0.0	0.0	0.0	0.0	0.0	0.0	1.0	0.0	0.0	1.0	0.0	0.0	0.0
S1-476948940	S2-473192917	0	train	0.0	0.0	0.4363636363636364	0.4390243902439024	0.3333333333333333	0.5	0.0	1.0	1.0	0.0	0.0	0.0	0.524822695035461	0.5087719298245614	0.23529411764705882	0.4	0.0	0.0	0.0	0.0	1.0	1.0	1.0	0.0	0.0	0.0	0.0	0.0	0.0	1.0	0.0	0.0	1.0	0.0	0.0	0.0
S1-476948940	S2-495325641	0	train	0.0	0.0	0.3703703703703704	0.3414634146341463	0.16666666666666666	0.3333333333333333	0.0	0.5	1.0	0.0	0.0	0.0	0.3577235772357723	0.326530612244898	0.11764705882352941	0.2222222222222222	0.0	0.0	0.0	0.0	1.0	1.0	1.0	0.0	0.0	0.0	0.0	0.0	0.0	1.0	0.0	0.0	1.0	0.0	0.0	0.0
S1-476948940	S2-528950954	0	train	0.0	0.0	0.4225352112676056	0.3571428571428571	0.2857142857142857	0.5	0.0	1.0	1.0	0.0	0.0	0.0	0.5029239766081872	0.48611111111111116	0.17647058823529413	0.3	0.0	0.0	0.0	0.0	1.0	1.0	1.0	0.0	0.0	0.0	0.0	0.0	0.0	1.0	0.0	0.0	1.0	0.0	0.0	0.0
S1-476948940	S2-531631485	0	train	0.0	0.0	0.326530612244898	0.2702702702702703	0.0	0.0	0.0	0.0	1.0	0.0	0.0	0.0	0.5696969696969697	0.5797101449275363	0.3333333333333333	0.5	0.0	0.0	0.0	0.0	1.0	1.0	1.0	0.0	0.0	0.0	0.0	0.0	0.0	1.0	0.0	0.0	1.0	0.0	0.0	0.0
S1-476948940	S2-600740219	0	train	0.0	0.0	0.42622950819672134	0.42553191489361697	0.3333333333333333	0.5	0.0	1.0	1.0	0.0	0.0	0.0	0.390625	0.40384615384615385	0.058823529411764705	0.125	0.0	0.0	0.0	0.0	1.0	1.0	1.0	0.0	0.0	0.0	0.0	0.0	0.0	1.0	0.0	0.0	1.0	0.0	0.0	0.0
S1-476948940	S2-659197423	0	train	0.0	0.0	0.31999999999999995	0.26315789473684215	0.0	0.0	0.0	0.0	1.0	0.0	0.0	0.0	0.4	0.37606837606837606	0.1	0.2	0.0	0.0	0.0	0.0	1.0	1.0	1.0	0.0	0.0	0.0	0.0	0.0	0.0	1.0	0.0	0.0	1.0	0.0	0.0	0.0
S1-476948940	S2-687418962	0	train	0.0	0.0	0.08823529411764708	0.0	0.0	0.0	0.0	0.0	0.0	0.0	0.0	0.0	0.3565891472868217	0.34615384615384615	0.05555555555555555	0.1111111111111111	0.0	0.0	0.0	0.0	1.0	1.0	1.0	0.0	0.0	0.0	0.0	0.0	0.0	1.0	0.0	0.0	1.0	0.0	0.0	0.0
S1-476948940	S2-827674927	0	train	0.0	0.0	0.4067796610169492	0.39130434782608686	0.16666666666666666	0.3333333333333333	0.0	0.5	1.0	0.0	0.0	0.0	0.4806201550387597	0.4615384615384615	0.1875	0.3333333333333333	0.0	0.0	0.0	0.0	1.0	1.0	1.0	0.0	0.0	0.0	0.0	0.0	0.0	1.0	0.0	0.0	1.0	0.0	0.0	0.0
S1-476948940	S2-930559732	0	train	0.0	0.0	0.07692307692307687	0.0	0.0	0.0	0.0	0.0	0.0	0.0	0.0	0.0	0.4736842105263158	0.4628099173553719	0.09090909090909091	0.2	0.0	0.0	0.0	0.0	1.0	1.0	1.0	0.0	0.0	0.0	0.0	0.0	0.0	1.0	0.0	0.0	1.0	0.0	0.0	0.0
S1-476948940	S2-941202942	0	train	0.0	0.0	0.5263157894736843	0.5714285714285714	0.2857142857142857	0.5	0.0	1.0	1.0	0.0	0.0	0.0	0.375	0.3653846153846154	0.125	0.25	0.0	0.0	0.0	0.0	1.0	1.0	1.0	0.0	0.0	0.0	0.0	0.0	0.0	1.0	0.0	0.0	1.0	0.0	0.0	0.0
S1-476948940	S2-955578076	0	train	0.0	0.0	0.39344262295081966	0.3829787234042554	0.3333333333333333	0.5	0.0	1.0	1.0	0.0	0.0	0.0	0.5109489051094891	0.5225225225225225	0.1875	0.3333333333333333	0.0	0.0	0.0	0.0	1.0	1.0	1.0	0.0	0.0	0.0	0.0	0.0	0.0	1.0	0.0	0.0	1.0	0.0	0.0	0.0
S1-476948940	S3-140890374	0	train	0.0	0.0	0.3829787234042554	0.4705882352941176	0.16666666666666666	0.3333333333333333	0.0	0.5	1.0	0.0	0.0	0.0	0.5736434108527132	0.6019417475728155	0.17647058823529413	0.3	0.0	0.0	0.0	0.0	1.0	1.0	1.0	0.0	0.0	0.0	0.0	0.0	0.0	1.0	0.0	0.0	1.0	0.0	0.0	0.0
S1-476948940	S3-151868784	0	train	0.0	0.0	0.4363636363636364	0.4878048780487805	0.3333333333333333	0.5	0.0	1.0	1.0	0.0	0.0	0.0	0.3661971830985915	0.3620689655172413	0.058823529411764705	0.125	0.0	0.0	0.0	0.0	1.0	1.0	1.0	0.0	0.0	0.0	0.0	0.0	0.0	1.0	0.0	0.0	1.0	0.0	0.0	0.0
S1-476948940	S3-412552254	0	train	0.0	0.0	0.2666666666666667	0.25531914893617025	0.0	0.0	0.0	0.0	1.0	0.0	0.0	0.0	0.38095238095238093	0.3418803418803419	0.09090909090909091	0.2	0.0	0.0	0.0	0.0	1.0	1.0	1.0	0.0	0.0	0.0	0.0	0.0	0.0	1.0	0.0	0.0	1.0	0.0	0.0	0.0
S1-476948940	S3-523964684	0	train	0.0	0.0	0.5084745762711864	0.5454545454545454	0.2857142857142857	0.5	0.0	1.0	1.0	0.0	0.0	0.0	0.42962962962962964	0.4363636363636364	0.11764705882352941	0.2222222222222222	0.0	0.0	0.0	0.0	1.0	1.0	1.0	0.0	0.0	0.0	0.0	0.0	0.0	1.0	0.0	0.0	1.0	0.0	0.0	0.0
S1-476948940	S3-598390835	0	train	0.0	0.0	0.4285714285714286	0.4761904761904761	0.3333333333333333	0.5	0.0	1.0	1.0	0.0	0.0	0.0	0.4087591240875912	0.4144144144144144	0.1875	0.3333333333333333	0.0	0.0	0.0	0.0	1.0	1.0	1.0	0.0	0.0	0.0	0.0	0.0	0.0	1.0	0.0	0.0	1.0	0.0	0.0	0.0
S1-476948940	S3-627037434	0	train	0.0	0.0	0.33333333333333337	0.4	0.16666666666666666	0.3333333333333333	0.0	0.5	1.0	0.0	0.0	0.0	0.37593984962406013	0.35185185185185186	0.05555555555555555	0.1111111111111111	0.0	0.0	0.0	0.0	1.0	1.0	1.0	0.0	0.0	0.0	0.0	0.0	0.0	1.0	0.0	0.0	1.0	0.0	0.0	0.0
S1-476948940	S3-745185806	0	train	0.0	0.0	0.31999999999999995	0.32432432432432434	0.16666666666666666	0.3333333333333333	0.0	0.5	1.0	0.0	0.0	0.0	0.43410852713178294	0.4077669902912622	0.05263157894736842	0.1	0.0	0.0	0.0	0.0	1.0	1.0	1.0	0.0	0.0	0.0	0.0	0.0	0.0	1.0	0.0	0.0	1.0	0.0	0.0	0.0
S1-476948940	S3-804410776	0	train	0.0	0.0	0.32258064516129037	0.2857142857142857	0.0	0.0	0.0	0.0	1.0	0.0	0.0	0.0	0.4	0.3793103448275862	0.1	0.2	0.0	0.0	0.0	0.0	1.0	1.0	1.0	0.0	0.0	0.0	0.0	0.0	0.0	1.0	0.0	0.0	1.0	0.0	0.0	0.0
S1-476948940	S3-831402806	0	train	0.0	0.0	0.4307692307692308	0.4897959183673469	0.25	0.5	0.0	1.0	1.0	0.0	0.0	0.0	0.3571428571428571	0.368421052631579	0.05263157894736842	0.1	0.0	0.0	0.0	0.0	1.0	1.0	1.0	0.0	0.0	0.0	0.0	0.0	0.0	1.0	0.0	0.0	1.0	0.0	0.0	0.0
S1-476948940	S3-841323037	0	train	0.0	0.0	0.4285714285714286	0.4761904761904761	0.3333333333333333	0.5	0.0	1.0	1.0	0.0	0.0	0.0	0.5691056910569106	0.5800000000000001	0.21428571428571427	0.42857142857142855	0.0	0.0	0.0	0.0	1.0	1.0	1.0	0.0	0.0	0.0	0.0	0.0	0.0	1.0	0.0	0.0	1.0	0.0	0.0	0.0
S1-476948940	S3-861015822	0	train	0.0	0.0	0.4516129032258065	0.42553191489361697	0.125	0.25	0.0	0.5	1.0	0.0	0.0	0.0	0.5225225225225225	0.5617977528089888	0.14285714285714285	0.3333333333333333	0.0	0.0	0.0	0.0	1.0	1.0	1.0	0.0	0.0	0.0	0.0	0.0	0.0	1.0	0.0	0.0	1.0	0.0	0.0	0.0
S1-476948940	S3-946721202	0	train	0.0	0.0	0.43999999999999995	0.5	0.3333333333333333	0.5	0.0	1.0	1.0	0.0	0.0	0.0	0.5606060606060606	0.5555555555555556	0.125	0.25	0.0	0.0	0.0	0.0	1.0	1.0	1.0	0.0	0.0	0.0	0.0	0.0	0.0	1.0	0.0	0.0	1.0	0.0	0.0	0.0
S1-476948940	S3-953839052	0	train	0.0	0.0	0.23809523809523814	0.2666666666666667	0.0	0.0	0.0	0.0	1.0	0.0	0.0	0.0	0.2896551724137931	0.288135593220339	0.1111111111111111	0.2	0.0	0.0	0.0	0.0	1.0	1.0	1.0	0.0	0.0	0.0	0.0	0.0	0.0	1.0	0.0	0.0	1.0	0.0	0.0	0.0
S1-476948940	S3-969947899	0	train	0.0	0.0	0.23076923076923073	0.19999999999999996	0.0	0.0	0.0	0.0	1.0	0.0	0.0	0.0	0.41726618705035967	0.4173913043478261	0.125	0.25	0.0	0.0	0.0	0.0	1.0	1.0	1.0	0.0	0.0	0.0	0.0	0.0	0.0	1.0	0.0	0.0	1.0	0.0	0.0	0.0
S1-476948940	S3-983210457	0	train	0.0	0.0	0.4444444444444444	0.45833333333333337	0.2857142857142857	0.5	0.0	1.0	1.0	0.0	0.0	0.0	0.4233576642335767	0.4299065420560748	0.09523809523809523	0.2	0.0	0.0	0.0	0.0	1.0	1.0	1.0	0.0	0.0	0.0	0.0	0.0	0.0	1.0	0.0	0.0	1.0	0.0	0.0	0.0
S1-476948940	S3-988779461	0	train	0.0	0.0	0.24489795918367352	0.2702702702702703	0.0	0.0	0.0	0.0	1.0	0.0	0.0	0.0	0.38095238095238093	0.38	0.11764705882352941	0.2222222222222222	0.0	0.0	0.0	0.0	1.0	1.0	1.0	0.0	0.0	0.0	0.0	0.0	0.0	1.0	0.0	0.0	1.0	0.0	0.0	0.0
S1-481329806	S3-301509949	1	train	1.0	1.0	1.0	1.0	1.0	1.0	1.0	1.0	1.0	0.0	0.0	0.0	0.0	0.0	0.0	0.0	0.0	0.0	0.0	0.0	0.0	1.0	1.0	0.0	0.0	0.0	1.0	0.0	0.0	1.0	1.0	0.0	0.0	0.0	0.0	0.0
S1-481329806	S2-315652326	0	train	1.0	1.0	1.0	1.0	1.0	1.0	1.0	1.0	1.0	0.0	0.0	0.0	0.2588235294117647	0.21212121212121215	0.0	0.0	0.0	0.0	0.0	0.0	1.0	1.0	1.0	0.0	0.0	0.0	0.0	0.0	0.0	1.0	1.0	0.0	0.0	0.0	0.0	0.0
S1-481329806	S2-353795977	0	train	1.0	1.0	1.0	1.0	1.0	1.0	1.0	1.0	1.0	0.0	0.0	0.0	0.36363636363636365	0.36734693877551017	0.0	0.0	0.0	0.0	0.0	0.0	1.0	1.0	1.0	0.0	0.0	0.0	0.0	0.0	0.0	1.0	1.0	0.0	0.0	0.0	0.0	0.0
S1-481329806	S2-373907831	0	train	1.0	1.0	1.0	1.0	1.0	1.0	1.0	1.0	1.0	0.0	0.0	0.0	0.2588235294117647	0.21212121212121215	0.0	0.0	0.0	0.0	0.0	0.0	1.0	1.0	1.0	0.0	0.0	0.0	0.0	0.0	0.0	1.0	1.0	0.0	0.0	0.0	0.0	0.0
S1-481329806	S2-526499540	0	train	1.0	1.0	1.0	1.0	1.0	1.0	1.0	1.0	1.0	0.0	0.0	0.0	0.26086956521739135	0.18867924528301885	0.0	0.0	0.0	0.0	0.0	0.0	1.0	1.0	1.0	0.0	0.0	0.0	0.0	0.0	0.0	1.0	1.0	0.0	0.0	0.0	0.0	0.0
S1-481329806	S2-800842694	0	train	1.0	1.0	1.0	1.0	1.0	1.0	1.0	1.0	1.0	0.0	0.0	0.0	0.2588235294117647	0.21212121212121215	0.0	0.0	0.0	0.0	0.0	0.0	1.0	1.0	1.0	0.0	0.0	0.0	0.0	0.0	0.0	1.0	1.0	0.0	0.0	0.0	0.0	0.0
S1-481329806	S2-875249383	0	train	1.0	1.0	1.0	1.0	1.0	1.0	1.0	1.0	1.0	0.0	0.0	0.0	0.303030303030303	0.28	0.0	0.0	0.0	0.0	0.0	0.0	1.0	1.0	1.0	0.0	0.0	0.0	0.0	0.0	0.0	1.0	1.0	0.0	0.0	0.0	0.0	0.0
S1-481329806	S3-749498329	0	train	1.0	1.0	1.0	1.0	1.0	1.0	1.0	1.0	1.0	0.0	0.0	0.0	0.0	0.0	0.0	0.0	0.0	0.0	0.0	0.0	0.0	1.0	1.0	0.0	0.0	0.0	1.0	0.0	0.0	1.0	1.0	0.0	0.0	0.0	0.0	0.0
S1-481329806	S3-942156211	0	train	1.0	1.0	1.0	1.0	1.0	1.0	1.0	1.0	1.0	0.0	0.0	0.0	0.33333333333333337	0.2857142857142857	0.0	0.0	0.0	0.0	0.0	0.0	1.0	1.0	1.0	0.0	0.0	0.0	0.0	0.0	0.0	1.0	1.0	0.0	0.0	0.0	0.0	0.0
S1-481329806	S3-988873790	0	train	1.0	1.0	1.0	1.0	1.0	1.0	1.0	1.0	1.0	0.0	0.0	0.0	0.3733333333333333	0.3448275862068966	0.0	0.0	0.0	0.0	0.0	0.0	1.0	1.0	1.0	0.0	0.0	0.0	0.0	0.0	0.0	1.0	1.0	0.0	0.0	0.0	0.0	0.0
S1-511379656	S3-166649845	1	validation	0.0	0.0	0.5	0.5	0.5	1.0	0.3333333333333333	1.0	1.0	0.0	1.0	1.0	0.9397590361445783	1.0	1.0	1.0	0.0	1.0	1.0	1.0	1.0	1.0	1.0	0.0	0.0	0.0	0.0	0.0	0.0	2.0	0.0	1.0	1.0	0.0	0.0	0.0
S1-511379656	S2-162662503	0	validation	0.0	0.0	0.38095238095238093	0.3157894736842105	0.0	0.0	0.0	0.0	1.0	0.0	0.0	0.0	0.5641025641025641	0.5806451612903225	0.18181818181818182	0.3333333333333333	0.0	1.0	1.0	1.0	1.0	1.0	1.0	0.0	0.0	0.0	0.0	0.0	0.0	1.0	0.0	0.0	1.0	0.0	0.0	0.0
S1-511379656	S2-20108330	0	validation	0.0	0.0	0.56	0.5454545454545454	0.25	0.5	0.3333333333333333	0.0	1.0	0.0	0.0	0.0	0.3142857142857143	0.32727272727272727	0.0	0.0	0.0	0.0	0.0	0.0	1.0	1.0	1.0	0.0	0.0	0.0	0.0	0.0	0.0	1.0	0.0	1.0	0.0	0.0	0.0	0.0
S1-511379656	S2-307118621	0	validation	0.0	0.0	0.2666666666666667	0.2222222222222222	0.0	0.0	0.0	0.0	1.0	0.0	0.0	0.0	0.32530120481927716	0.32835820895522383	0.037037037037037035	0.14285714285714285	0.0	0.2	1.0	0.0	1.0	1.0	0.0	0.0	0.0	0.0	0.0	0.0	0.0	1.0	0.0	0.0	1.0	0.0	0.0	0.0
S1-511379656	S2-384397344	0	validation	0.0	0.0	0.15384615384615385	0.09523809523809523	0.0	0.0	0.0	0.0	1.0	0.0	0.0	0.0	0.3309352517985612	0.3392857142857143	0.045454545454545456	0.14285714285714285	0.0	0.3333333333333333	0.0	0.0	1.0	1.0	0.0	0.0	0.0	0.0	0.0	0.0	0.0	1.0	0.0	0.0	1.0	0.0	0.0	0.0
S1-511379656	S2-519798884	0	validation	0.0	0.0	0.2727272727272727	0.25	0.2	0.5	0.0	1.0	1.0	0.0	0.0	0.0	0.3855421686746988	0.36363636363636365	0.07692307692307693	0.14285714285714285	0.0	1.0	1.0	1.0	1.0	1.0	1.0	0.0	0.0	0.0	0.0	0.0	0.0	1.0	0.0	0.0	1.0	0.0	0.0	0.0
S1-511379656	S2-615033168	0	validation	0.0	0.0	0.7	0.6666666666666667	0.3333333333333333	0.5	0.5	0.0	1.0	0.0	0.0	0.0	0.3513513513513513	0.31034482758620685	0.0	0.0	0.0	0.0	0.0	0.0	1.0	1.0	1.0	0.0	0.0	0.0	0.0	0.0	0.0	1.0	0.0	1.0	0.0	0.0	0.0	0.0
S1-511379656	S2-624075527	0	validation	0.0	0.0	0.18181818181818177	0.19999999999999996	0.0	0.0	0.0	0.0	1.0	0.0	0.0	0.0	0.4675324675324676	0.4918032786885246	0.08333333333333333	0.16666666666666666	0.0	1.0	1.0	1.0	1.0	1.0	1.0	0.0	0.0	0.0	0.0	0.0	0.0	1.0	0.0	0.0	1.0	0.0	0.0	0.0
S1-511379656	S2-693061143	0	validation	0.0	0.0	0.2857142857142857	0.32432432432432434	0.0	0.0	0.0	0.0	1.0	0.0	0.0	0.0	0.32061068702290074	0.28846153846153844	0.047619047619047616	0.14285714285714285	0.0	0.3333333333333333	0.0	0.0	1.0	1.0	0.0	0.0	0.0	0.0	0.0	0.0	0.0	1.0	0.0	0.0	1.0	0.0	0.0	0.0
S1-511379656	S2-696545243	0	validation	0.0	0.0	0.24489795918367352	0.23809523809523814	0.0	0.0	0.0	0.0	1.0	0.0	0.0	0.0	0.631578947368421	0.6666666666666667	0.3	0.5	0.0	1.0	1.0	1.0	1.0	1.0	1.0	0.0	0.0	0.0	0.0	0.0	0.0	1.0	0.0	0.0	1.0	0.0	0.0	0.0
S1-511379656	S2-70452531	0	validation	0.0	0.0	0.32258064516129037	0.2857142857142857	0.0	0.0	0.0	0.0	1.0	0.0	0.0	0.0	0.27692307692307694	0.24	0.09090909090909091	0.2	0.0	0.3333333333333333	1.0	1.0	1.0	1.0	1.0	0.0	0.0	0.0	0.0	0.0	0.0	1.0	0.0	0.0	1.0	0.0	0.0	0.0
S1-511379656	S2-754147246	0	validation	0.0	0.0	0.2666666666666667	0.2222222222222222	0.0	0.0	0.0	0.0	1.0	0.0	0.0	0.0	0.3561643835616438	0.31034482758620685	0.09090909090909091	0.2	0.0	1.0	1.0	1.0	1.0	1.0	1.0	0.0	0.0	0.0	0.0	0.0	0.0	1.0	0.0	0.0	1.0	0.0	0.0	0.0
S1-511379656	S2-799567806	0	validation	0.0	0.0	0.2857142857142857	0.21052631578947367	0.0	0.0	0.0	0.0	1.0	0.0	0.0	0.0	0.39560439560439564	0.3661971830985915	0.0625	0.14285714285714285	0.0	0.5	1.0	1.0	1.0	1.0	1.0	0.0	0.0	0.0	0.0	0.0	0.0	1.0	0.0	0.0	1.0	0.0	0.0	0.0
S1-511379656	S2-820838895	0	validation	0.0	0.0	0.32258064516129037	0.2857142857142857	0.0	0.0	0.0	0.0	1.0	0.0	0.0	0.0	0.3142857142857143	0.2962962962962963	0.08333333333333333	0.16666666666666666	0.0	0.3333333333333333	1.0	1.0	1.0	1.0	1.0	0.0	0.0	0.0	0.0	0.0	0.0	1.0	0.0	0.0	1.0	0.0	0.0	0.0
S1-511379656	S2-907240825	0	validation	0.0	0.0	0.2727272727272727	0.19999999999999996	0.0	0.0	0.0	0.0	1.0	0.0	0.0	0.0	0.475	0.4444444444444444	0.07692307692307693	0.14285714285714285	0.0	0.5	0.0	0.0	1.0	1.0	1.0	0.0	0.0	0.0	0.0	0.0	0.0	1.0	0.0	0.0	1.0	0.0	0.0	0.0
S1-511379656	S2-969293774	0	validation	0.0	0.0	0.23529411764705888	0.2068965517241379	0.0	0.0	0.0	0.0	1.0	0.0	0.0	0.0	0.3013698630136986	0.3114754098360656	0.05263157894736842	0.14285714285714285	0.0	0.3333333333333333	0.0	0.0	1.0	1.0	0.0	0.0	0.0	0.0	0.0	0.0	0.0	1.0	0.0	0.0	1.0	0.0	0.0	0.0
S1-511379656	S2-977643725	0	validation	0.0	0.0	0.4615384615384615	0.43478260869565216	0.25	0.5	0.0	1.0	1.0	0.0	0.0	0.0	0.4444444444444444	0.45614035087719296	0.09090909090909091	0.2	0.0	1.0	1.0	1.0	1.0	1.0	1.0	0.0	0.0	0.0	0.0	0.0	0.0	1.0	0.0	0.0	1.0	0.0	0.0	0.0
S1-511379656	S3-111746330	0	validation	0.0	0.0	0.20833333333333337	0.19512195121951215	0.0	0.0	0.0	0.0	1.0	0.0	0.0	0.0	0.5176470588235293	0.5074626865671642	0.15384615384615385	0.2857142857142857	0.0	0.5	1.0	1.0	1.0	1.0	1.0	0.0	0.0	0.0	0.0	0.0	0.0	1.0	0.0	0.0	1.0	0.0	0.0	0.0
S1-511379656	S3-113098718	0	validation	0.0	0.0	0.2857142857142857	0.24	0.0	0.0	0.0	0.0	1.0	0.0	0.0	0.0	0.3733333333333333	0.4	0.09090909090909091	0.2	0.0	1.0	1.0	1.0	1.0	1.0	1.0	0.0	0.0	0.0	0.0	0.0	0.0	1.0	0.0	0.0	1.0	0.0	0.0	0.0
S1-511379656	S3-165980680	0	validation	0.0	0.0	0.5714285714285714	0.5263157894736843	0.3333333333333333	0.5	0.5	0.0	1.0	0.0	0.0	0.0	0.32432432432432434	0.3448275862068966	0.0	0.0	0.0	0.0	0.0	0.0	1.0	1.0	1.0	0.0	0.0	0.0	0.0	0.0	0.0	1.0	0.0	1.0	0.0	0.0	0.0	0.0
S1-511379656	S3-212158712	0	validation	0.0	0.0	0.2666666666666667	0.23076923076923073	0.0	0.0	0.0	0.0	1.0	0.0	0.0	0.0	0.375	0.3589743589743589	0.07142857142857142	0.14285714285714285	0.0	0.5	0.0	0.0	1.0	1.0	1.0	0.0	0.0	0.0	0.0	0.0	0.0	1.0	0.0	0.0	1.0	0.0	0.0	0.0
S1-511379656	S3-245842971	0	validation	0.0	0.0	0.25806451612903225	0.2142857142857143	0.0	0.0	0.0	0.0	1.0	0.0	0.0	0.0	0.4200000000000001	0.4	0.07142857142857142	0.14285714285714285	0.0	0.5	1.0	1.0	1.0	1.0	1.0	0.0	0.0	0.0	0.0	0.0	0.0	1.0	0.0	0.0	1.0	0.0	0.0	0.0
S1-511379656	S3-353019080	0	validation	0.0	0.0	0.42105263157894735	0.3529411764705882	0.0	0.0	0.0	0.0	1.0	0.0	0.0	0.0	0.3076923076923077	0.31506849315068497	0.03225806451612903	0.14285714285714285	0.0	0.16666666666666666	0.0	0.0	1.0	1.0	0.0	0.0	0.0	0.0	0.0	0.0	0.0	1.0	0.0	0.0	1.0	0.0	0.0	0.0
S1-511379656	S3-379999205	0	validation	0.0	0.0	0.2857142857142857	0.21052631578947367	0.0	0.0	0.0	0.0	1.0	0.0	0.0	0.0	0.32432432432432434	0.2807017543859649	0.07692307692307693	0.14285714285714285	0.0	0.3333333333333333	1.0	1.0	1.0	1.0	1.0	0.0	0.0	0.0	0.0	0.0	0.0	1.0	0.0	0.0	1.0	0.0	0.0	0.0
S1-511379656	S3-471032066	0	validation	0.0	0.0	0.21052631578947367	0.18181818181818177	0.16666666666666666	0.5	0.0	1.0	1.0	0.0	0.0	0.0	0.40506329113924056	0.40625	0.09090909090909091	0.2	0.0	1.0	1.0	1.0	1.0	1.0	1.0	0.0	0.0	0.0	0.0	0.0	0.0	1.0	0.0	0.0	1.0	0.0	0.0	0.0
S1-511379656	S3-778664310	0	validation	0.0	0.0	0.3703703703703704	0.33333333333333337	0.25	0.5	0.0	1.0	1.0	0.0	0.0	0.0	0.4545454545454546	0.4225352112676056	0.16666666666666666	0.2857142857142857	0.0	0.5	1.0	1.0	1.0	1.0	1.0	0.0	0.0	0.0	0.0	0.0	0.0	1.0	0.0	0.0	1.0	0.0	0.0	0.0
S1-511379656	S3-82402004	0	validation	0.0	0.0	0.6666666666666667	0.631578947368421	0.3333333333333333	0.5	0.5	0.0	1.0	0.0	0.0	0.0	0.3733333333333333	0.3666666666666667	0.09090909090909091	0.2	0.0	0.0	0.0	0.0	1.0	1.0	1.0	0.0	0.0	0.0	0.0	0.0	0.0	1.0	0.0	1.0	0.0	0.0	0.0	0.0
S1-511379656	S3-849820007	0	validation	0.0	0.0	0.17647058823529416	0.19999999999999996	0.2	0.5	0.0	1.0	1.0	0.0	0.0	0.0	0.45569620253164556	0.4375	0.2	0.4	0.0	0.5	1.0	1.0	1.0	1.0	1.0	0.0	0.0	0.0	0.0	0.0	0.0	1.0	0.0	0.0	1.0	0.0	0.0	0.0
S1-511379656	S3-907654990	0	validation	0.0	0.0	0.38095238095238093	0.42105263157894735	0.0	0.0	0.0	0.0	1.0	0.0	0.0	0.0	0.34210526315789463	0.3793103448275862	0.07692307692307693	0.14285714285714285	0.0	0.3333333333333333	0.0	0.0	1.0	1.0	0.0	0.0	0.0	0.0	0.0	0.0	0.0	1.0	0.0	0.0	1.0	0.0	0.0	0.0
S1-511379656	S3-975331889	0	validation	0.0	0.0	0.5454545454545454	0.5	0.3333333333333333	0.5	0.5	0.0	1.0	0.0	0.0	0.0	0.3711340206185567	0.40506329113924056	0.0	0.0	0.0	0.0	0.0	0.0	1.0	1.0	1.0	0.0	0.0	0.0	0.0	0.0	0.0	1.0	0.0	1.0	0.0	0.0	0.0	0.0
S1-511379656	S3-978877875	0	validation	0.0	0.0	0.2068965517241379	0.24	0.0	0.0	0.0	0.0	1.0	0.0	0.0	0.0	0.4222222222222223	0.4324324324324324	0.08333333333333333	0.16666666666666666	0.0	1.0	1.0	1.0	1.0	1.0	1.0	0.0	0.0	0.0	0.0	0.0	0.0	1.0	0.0	0.0	1.0	0.0	0.0	0.0
S1-527409223	S2-40471459	1	validation	0.0	0.0	0.09090909090909094	0.0	0.0	0.0	0.0	0.0	0.0	0.0	0.0	0.0	0.9058823529411765	0.950354609929078	0.8571428571428571	1.0	0.0	1.0	1.0	0.0	1.0	1.0	1.0	0.0	0.0	0.0	0.0	0.0	0.0	1.0	0.0	0.0	1.0	0.0	0.0	0.0
S1-527409223	S2-518569652	1	validation	0.0	0.0	0.8	0.9333333333333332	0.8	1.0	0.6666666666666666	1.0	1.0	0.0	0.0	0.0	0.7878787878787878	0.8175182481751826	0.7857142857142857	0.9166666666666666	0.0	1.0	1.0	0.0	1.0	1.0	1.0	0.0	0.0	0.0	0.0	0.0	0.0	1.0	0.0	0.0	1.0	0.0	0.0	0.0
S1-527409223	S2-758888187	1	validation	0.0	0.0	0.09090909090909094	0.0	0.0	0.0	0.0	0.0	0.0	0.0	0.0	0.0	0.8402366863905325	0.8571428571428572	0.7333333333333333	0.9166666666666666	0.0	1.0	1.0	0.0	0.0	1.0	1.0	0.0	0.0	0.0	0.0	0.0	0.0	1.0	0.0	0.0	1.0	0.0	0.0	0.0
S1-527409223	S3-186512992	1	validation	0.0	0.0	0.09090909090909094	0.0	0.0	0.0	0.0	0.0	0.0	0.0	0.0	0.0	0.8860759493670887	0.916030534351145	0.8461538461538461	0.9166666666666666	0.0	1.0	1.0	1.0	1.0	1.0	1.0	0.0	0.0	0.0	0.0	0.0	0.0	1.0	0.0	0.0	1.0	0.0	0.0	0.0
S1-527409223	S3-233034552	1	validation	0.0	0.0	0.09090909090909094	0.0	0.0	0.0	0.0	0.0	0.0	0.0	0.0	0.0	0.9240506329113924	0.9465648854961831	0.8461538461538461	0.9166666666666666	0.0	1.0	1.0	1.0	1.0	1.0	1.0	0.0	0.0	0.0	0.0	0.0	0.0	1.0	0.0	0.0	1.0	0.0	0.0	0.0
S1-527409223	S2-154430036	0	validation	0.0	0.0	0.27586206896551724	0.2727272727272727	0.3333333333333333	0.5	0.0	1.0	1.0	0.0	0.0	0.0	0.39743589743589747	0.3875968992248062	0.09090909090909091	0.16666666666666666	0.0	0.0	0.0	0.0	1.0	1.0	1.0	0.0	0.0	0.0	0.0	0.0	0.0	1.0	0.0	0.0	1.0	0.0	0.0	0.0
S1-527409223	S2-171909035	0	validation	0.0	0.0	0.4489795918367348	0.45714285714285713	0.3333333333333333	0.5	0.0	1.0	1.0	0.0	0.0	0.0	0.3798882681564246	0.3537414965986394	0.037037037037037035	0.08333333333333333	0.0	0.0	0.0	0.0	1.0	1.0	1.0	0.0	0.0	0.0	0.0	0.0	0.0	1.0	0.0	0.0	1.0	0.0	0.0	0.0
S1-527409223	S2-187884406	0	validation	0.0	0.0	0.3111111111111111	0.303030303030303	0.0	0.0	0.0	0.0	1.0	0.0	0.0	0.0	0.4878048780487805	0.4901960784313726	0.125	0.3333333333333333	0.0	0.0	0.0	0.0	1.0	1.0	1.0	0.0	0.0	0.0	0.0	0.0	0.0	1.0	0.0	0.0	1.0	0.0	0.0	0.0
S1-527409223	S2-313557423	0	validation	0.0	0.0	0.417910447761194	0.42307692307692313	0.125	0.25	0.0	0.5	1.0	0.0	0.0	0.0	0.4871794871794872	0.5196850393700787	0.08695652173913043	0.16666666666666666	0.0	0.0	0.0	0.0	1.0	1.0	1.0	0.0	0.0	0.0	0.0	0.0	0.0	1.0	0.0	0.0	1.0	0.0	0.0	0.0
S1-527409223	S2-325661030	0	validation	0.0	0.0	0.5641025641025641	0.5806451612903225	0.25	0.5	0.0	1.0	1.0	0.0	0.0	0.0	0.4023668639053254	0.37142857142857144	0.04	0.08333333333333333	0.0	0.0	0.0	0.0	1.0	1.0	1.0	0.0	0.0	0.0	0.0	0.0	0.0	1.0	0.0	0.0	1.0	0.0	0.0	0.0
S1-527409223	S2-433355281	0	validation	0.0	0.0	0.45070422535211263	0.3928571428571429	0.125	0.25	0.0	0.5	1.0	0.0	0.0	0.0	0.41221374045801523	0.3703703703703704	0.1111111111111111	0.25	0.0	0.0	0.0	0.0	0.0	1.0	1.0	0.0	0.0	0.0	0.0	0.0	0.0	1.0	0.0	0.0	1.0	0.0	0.0	0.0
S1-527409223	S2-454930134	0	validation	0.0	0.0	0.3157894736842105	0.2790697674418605	0.3333333333333333	0.5	0.0	1.0	0.0	0.0	0.0	0.0	0.3026315789473685	0.27419354838709675	0.09090909090909091	0.16666666666666666	0.0	0.0	0.0	0.0	0.0	1.0	1.0	0.0	0.0	0.0	0.0	0.0	0.0	1.0	0.0	0.0	1.0	0.0	0.0	0.0
S1-527409223	S2-595476434	0	validation	0.0	0.0	0.29032258064516125	0.29166666666666663	0.0	0.0	0.0	0.0	1.0	0.0	0.0	0.0	0.49664429530201337	0.5079365079365079	0.1111111111111111	0.25	0.0	0.0	0.0	0.0	1.0	1.0	1.0	0.0	0.0	0.0	0.0	0.0	0.0	1.0	0.0	0.0	1.0	0.0	0.0	0.0
S1-527409223	S2-607911215	0	validation	0.0	0.0	0.3939393939393939	0.43999999999999995	0.25	0.5	0.0	1.0	1.0	0.0	0.0	0.0	0.38596491228070173	0.3597122302158273	0.07407407407407407	0.16666666666666666	0.0	0.0	0.0	0.0	1.0	1.0	1.0	0.0	0.0	0.0	0.0	0.0	0.0	1.0	0.0	0.0	1.0	0.0	0.0	0.0
S1-527409223	S2-616440682	0	validation	0.0	0.0	0.4363636363636364	0.4878048780487805	0.3333333333333333	0.5	0.0	1.0	1.0	0.0	0.0	0.0	0.421875	0.419047619047619	0.11764705882352941	0.2857142857142857	0.0	0.0	0.0	0.0	1.0	1.0	1.0	0.0	0.0	0.0	0.0	0.0	0.0	1.0	0.0	0.0	1.0	0.0	0.0	0.0
S1-527409223	S2-707600429	0	validation	0.0	0.0	0.33333333333333337	0.33333333333333337	0.0	0.0	0.0	0.0	1.0	0.0	0.0	0.0	0.5222222222222221	0.4933333333333333	0.17391304347826086	0.3333333333333333	0.0	0.0	0.0	0.0	1.0	1.0	1.0	0.0	0.0	0.0	0.0	0.0	0.0	1.0	0.0	0.0	1.0	0.0	0.0	0.0
S1-527409223	S2-744793479	0	validation	0.0	0.0	0.23076923076923073	0.20512820512820518	0.0	0.0	0.0	0.0	1.0	0.0	0.0	0.0	0.35955056179775285	0.3448275862068966	0.07142857142857142	0.16666666666666666	0.0	0.0	0.0	0.0	1.0	1.0	1.0	0.0	0.0	0.0	0.0	0.0	0.0	1.0	0.0	0.0	1.0	0.0	0.0	0.0
S1-527409223	S2-771777278	0	validation	0.0	0.0	0.33333333333333337	0.29268292682926833	0.16666666666666666	0.3333333333333333	0.0	0.5	1.0	0.0	0.0	0.0	0.4201680672268907	0.40816326530612246	0.125	0.3333333333333333	0.0	0.0	0.0	0.0	1.0	1.0	1.0	0.0	0.0	0.0	0.0	0.0	0.0	1.0	0.0	0.0	1.0	0.0	0.0	0.0
S1-527409223	S2-855220901	0	validation	0.0	0.0	0.46875	0.4897959183673469	0.2857142857142857	0.5	0.0	1.0	1.0	0.0	0.0	0.0	0.4779874213836478	0.48484848484848486	0.15	0.2727272727272727	0.0	0.0	0.0	0.0	0.0	1.0	1.0	0.0	0.0	0.0	0.0	0.0	0.0	1.0	0.0	0.0	1.0	0.0	0.0	0.0
S1-527409223	S2-881738499	0	validation	0.0	0.0	0.3111111111111111	0.3125	0.16666666666666666	0.3333333333333333	0.0	0.5	1.0	0.0	0.0	0.0	0.3798882681564246	0.3537414965986394	0.037037037037037035	0.08333333333333333	0.0	0.0	0.0	0.0	1.0	1.0	1.0	0.0	0.0	0.0	0.0	0.0	0.0	1.0	0.0	0.0	1.0	0.0	0.0	0.0
S1-527409223	S2-955061959	0	validation	0.0	0.0	0.3728813559322034	0.2222222222222222	0.0	0.0	0.0	0.0	1.0	0.0	0.0	0.0	0.40789473684210537	0.384	0.2	0.3333333333333333	0.0	0.0	0.0	0.0	1.0	1.0	1.0	0.0	0.0	0.0	0.0	0.0	0.0	1.0	0.0	0.0	1.0	0.0	0.0	0.0
S1-527409223	S2-957785827	0	validation	0.0	0.0	0.40816326530612246	0.33333333333333337	0.0	0.0	0.0	0.0	1.0	0.0	0.0	0.0	0.4736842105263158	0.48936170212765956	0.3076923076923077	0.8	0.0	0.0	0.0	0.0	1.0	1.0	1.0	0.0	0.0	0.0	0.0	0.0	0.0	1.0	0.0	0.0	1.0	0.0	0.0	0.0
S1-527409223	S3-17703508	0	validation	0.0	0.0	0.20512820512820518	0.2142857142857143	0.0	0.0	0.0	0.0	1.0	0.0	0.0	0.0	0.36363636363636365	0.33576642335766427	0.09090909090909091	0.16666666666666666	0.0	0.0	0.0	0.0	0.0	1.0	1.0	0.0	0.0	0.0	0.0	0.0	0.0	1.0	0.0	0.0	1.0	0.0	0.0	0.0
S1-527409223	S3-22296435	0	validation	0.0	0.0	0.5373134328358209	0.5769230769230769	0.2857142857142857	0.5	0.0	1.0	1.0	0.0	0.0	0.0	0.33333333333333337	0.30612244897959184	0.05555555555555555	0.14285714285714285	0.0	0.0	0.0	0.0	0.0	1.0	1.0	0.0	0.0	0.0	0.0	0.0	0.0	1.0	0.0	0.0	1.0	0.0	0.0	0.0
S1-527409223	S3-305359990	0	validation	0.0	0.0	0.3111111111111111	0.3125	0.16666666666666666	0.3333333333333333	0.0	0.5	1.0	0.0	0.0	0.0	0.375	0.3356643356643356	0.03571428571428571	0.08333333333333333	0.0	0.0	0.0	0.0	1.0	1.0	1.0	0.0	0.0	0.0	0.0	0.0	0.0	1.0	0.0	0.0	1.0	0.0	0.0	0.0
S1-527409223	S3-312608759	0	validation	0.0	0.0	0.3111111111111111	0.303030303030303	0.0	0.0	0.0	0.0	1.0	0.0	0.0	0.0	0.3402061855670103	0.2962962962962963	0.037037037037037035	0.08333333333333333	0.0	0.0	0.0	0.0	1.0	1.0	1.0	0.0	0.0	0.0	0.0	0.0	0.0	1.0	0.0	0.0	1.0	0.0	0.0	0.0
S1-527409223	S3-339836852	0	validation	0.0	0.0	0.42622950819672134	0.43478260869565216	0.2857142857142857	0.5	0.0	1.0	1.0	0.0	0.0	0.0	0.4227642276422764	0.43999999999999995	0.05263157894736842	0.125	0.0	0.0	0.0	0.0	1.0	1.0	1.0	0.0	0.0	0.0	0.0	0.0	0.0	1.0	0.0	0.0	1.0	0.0	0.0	0.0
S1-527409223	S3-357362435	0	validation	0.0	0.0	0.33333333333333337	0.23076923076923073	0.0	0.0	0.0	0.0	1.0	0.0	0.0	0.0	0.3857142857142857	0.4035087719298246	0.045454545454545456	0.09090909090909091	0.0	0.0	0.0	0.0	1.0	1.0	1.0	0.0	0.0	0.0	0.0	0.0	0.0	1.0	0.0	0.0	1.0	0.0	0.0	0.0
S1-527409223	S3-491237198	0	validation	0.0	0.0	0.09999999999999998	0.0	0.0	0.0	0.0	0.0	0.0	0.0	0.0	0.0	0.40909090909090906	0.42201834862385323	0.17647058823529413	0.375	0.0	0.0	0.0	0.0	1.0	1.0	1.0	0.0	0.0	0.0	0.0	0.0	0.0	1.0	0.0	0.0	1.0	0.0	0.0	0.0
S1-527409223	S3-577221501	0	validation	0.0	0.0	0.19999999999999996	0.2068965517241379	0.0	0.0	0.0	0.0	1.0	0.0	0.0	0.0	0.35151515151515156	0.36496350364963503	0.041666666666666664	0.08333333333333333	0.0	0.0	0.0	0.0	1.0	1.0	1.0	0.0	0.0	0.0	0.0	0.0	0.0	1.0	0.0	0.0	1.0	0.0	0.0	0.0
S1-527409223	S3-689760301	0	validation	0.0	0.0	0.2857142857142857	0.2702702702702703	0.0	0.0	0.0	0.0	1.0	0.0	0.0	0.0	0.33333333333333337	0.31999999999999995	0.04	0.08333333333333333	0.0	0.0	0.0	0.0	1.0	1.0	1.0	0.0	0.0	0.0	0.0	0.0	0.0	1.0	0.0	0.0	1.0	0.0	0.0	0.0
S1-527409223	S3-792793350	0	validation	0.0	0.0	0.39344262295081966	0.34782608695652173	0.125	0.25	0.0	0.5	1.0	0.0	0.0	0.0	0.36363636363636365	0.3207547169811321	0.045454545454545456	0.09090909090909091	0.0	0.0	0.0	0.0	1.0	1.0	1.0	0.0	0.0	0.0	0.0	0.0	0.0	1.0	0.0	0.0	1.0	0.0	0.0	0.0
S1-527409223	S3-855551221	0	validation	0.0	0.0	0.5263157894736843	0.5714285714285714	0.2857142857142857	0.5	0.0	1.0	1.0	0.0	0.0	0.0	0.3418803418803419	0.33684210526315794	0.125	0.3333333333333333	0.0	0.0	0.0	0.0	1.0	1.0	1.0	0.0	0.0	0.0	0.0	0.0	0.0	1.0	0.0	0.0	1.0	0.0	0.0	0.0
S1-527409223	S3-901344249	0	validation	0.0	0.0	0.27450980392156865	0.2564102564102564	0.0	0.0	0.0	0.0	1.0	0.0	0.0	0.0	0.3354838709677419	0.29230769230769227	0.05	0.1111111111111111	0.0	0.0	0.0	0.0	0.0	1.0	1.0	0.0	0.0	0.0	0.0	0.0	0.0	1.0	0.0	0.0	1.0	0.0	0.0	0.0
S1-527409223	S3-987939273	0	validation	0.0	0.0	0.28	0.32432432432432434	0.0	0.0	0.0	0.0	1.0	0.0	0.0	0.0	0.4705882352941176	0.45070422535211263	0.041666666666666664	0.08333333333333333	0.0	0.0	0.0	0.0	1.0	1.0	1.0	0.0	0.0	0.0	0.0	0.0	0.0	1.0	0.0	0.0	1.0	0.0	0.0	0.0
S1-532789674	S2-571929057	1	train	1.0	1.0	1.0	1.0	1.0	1.0	1.0	1.0	1.0	0.0	0.0	0.0	0.6382978723404256	0.7647058823529411	0.8	1.0	0.0	0.0	0.0	0.0	1.0	1.0	1.0	0.0	0.0	0.0	0.0	0.0	0.0	2.0	1.0	0.0	1.0	0.0	0.0	0.0
S1-532789674	S3-691985514	1	train	1.0	1.0	1.0	1.0	1.0	1.0	1.0	1.0	1.0	0.0	0.0	0.0	0.8070175438596492	0.8837209302325582	0.6666666666666666	0.8	0.0	1.0	1.0	1.0	1.0	1.0	1.0	0.0	0.0	0.0	0.0	0.0	0.0	2.0	1.0	0.0	1.0	0.0	0.0	0.0
S1-532789674	S2-103081522	0	train	0.0	0.0	0.31999999999999995	0.34782608695652173	0.0	0.0	0.0	0.0	1.0	0.0	0.0	0.0	0.3448275862068966	0.40909090909090906	0.25	0.4	0.0	0.0	0.0	0.0	1.0	1.0	1.0	0.0	0.0	0.0	0.0	0.0	0.0	1.0	0.0	0.0	1.0	0.0	0.0	0.0
S1-532789674	S2-251179334	0	train	0.0	0.0	0.4444444444444444	0.48	0.0	0.0	0.0	0.0	1.0	0.0	0.0	0.0	0.5925925925925926	0.55	0.25	0.4	0.0	0.0	0.0	0.0	1.0	1.0	1.0	0.0	0.0	0.0	0.0	0.0	0.0	1.0	0.0	0.0	1.0	0.0	0.0	0.0
S1-532789674	S2-372738095	0	train	0.0	0.0	0.5263157894736843	0.4705882352941176	0.3333333333333333	0.5	0.0	1.0	1.0	0.0	0.0	0.0	0.44776119402985076	0.42307692307692313	0.1	0.2	0.0	1.0	1.0	1.0	1.0	1.0	1.0	0.0	0.0	0.0	0.0	0.0	0.0	1.0	0.0	0.0	1.0	0.0	0.0	0.0
S1-532789674	S2-552666530	0	train	1.0	1.0	1.0	1.0	1.0	1.0	1.0	1.0	1.0	0.0	0.0	0.0	0.26415094339622647	0.3076923076923077	0.1111111111111111	0.2	0.0	0.0	0.0	0.0	1.0	1.0	1.0	0.0	0.0	0.0	0.0	0.0	0.0	1.0	1.0	0.0	0.0	0.0	0.0	0.0
S1-532789674	S2-786516869	0	train	0.0	0.0	0.17021276595744683	0.1428571428571429	0.0	0.0	0.0	0.0	1.0	0.0	0.0	0.0	0.4615384615384615	0.4	0.1	0.2	0.0	1.0	1.0	1.0	1.0	1.0	1.0	0.0	0.0	0.0	0.0	0.0	0.0	1.0	0.0	0.0	1.0	0.0	0.0	0.0
S1-532789674	S2-806333104	0	train	0.0	0.0	0.19047619047619047	0.10526315789473684	0.0	0.0	0.0	0.0	1.0	0.0	0.0	0.0	0.4666666666666666	0.4444444444444444	0.1	0.2	0.0	1.0	1.0	1.0	1.0	1.0	1.0	0.0	0.0	0.0	0.0	0.0	0.0	1.0	0.0	0.0	1.0	0.0	0.0	0.0
S1-532789674	S2-81702535	0	train	1.0	1.0	1.0	1.0	1.0	1.0	1.0	1.0	1.0	0.0	0.0	0.0	0.3921568627450981	0.3157894736842105	0.0	0.0	0.0	0.0	0.0	0.0	1.0	1.0	1.0	0.0	0.0	0.0	0.0	0.0	0.0	1.0	1.0	0.0	0.0	0.0	0.0	0.0
S1-532789674	S2-851958065	0	train	0.0	0.0	0.5	0.5333333333333333	0.0	0.0	0.0	0.0	1.0	0.0	0.0	0.0	0.4067796610169492	0.40909090909090906	0.1	0.2	0.0	0.5	1.0	1.0	1.0	1.0	1.0	0.0	0.0	0.0	0.0	0.0	0.0	1.0	0.0	0.0	1.0	0.0	0.0	0.0
S1-532789674	S2-860329495	0	train	0.0	0.0	0.21739130434782605	0.19512195121951215	0.0	0.0	0.0	0.0	1.0	0.0	0.0	0.0	0.45614035087719296	0.4761904761904761	0.2222222222222222	0.4	0.0	1.0	1.0	1.0	1.0	1.0	1.0	0.0	0.0	0.0	0.0	0.0	0.0	1.0	0.0	0.0	1.0	0.0	0.0	0.0
S1-532789674	S2-941820982	0	train	0.0	0.0	0.3076923076923077	0.26086956521739135	0.0	0.0	0.0	0.0	1.0	0.0	0.0	0.0	0.3571428571428571	0.33333333333333337	0.25	0.4	0.0	0.0	0.0	0.0	1.0	1.0	1.0	0.0	0.0	0.0	0.0	0.0	0.0	1.0	0.0	0.0	1.0	0.0	0.0	0.0
S1-532789674	S3-118278511	0	train	0.0	0.0	0.2592592592592593	0.25531914893617025	0.125	0.5	0.0	1.0	1.0	0.0	0.0	0.0	0.3529411764705882	0.3137254901960784	0.08333333333333333	0.2	0.0	0.0	0.0	0.0	1.0	1.0	1.0	0.0	0.0	0.0	0.0	0.0	0.0	1.0	0.0	0.0	1.0	0.0	0.0	0.0
S1-532789674	S3-127520143	0	train	0.0	0.0	0.19999999999999996	0.21052631578947367	0.0	0.0	0.0	0.0	1.0	0.0	0.0	0.0	0.36363636363636365	0.3846153846153846	0.1111111111111111	0.2	0.0	0.0	0.0	0.0	1.0	1.0	1.0	0.0	0.0	0.0	0.0	0.0	0.0	1.0	0.0	0.0	1.0	0.0	0.0	0.0
S1-532789674	S3-166773223	0	train	0.0	0.0	0.32558139534883723	0.34285714285714286	0.1111111111111111	0.5	0.0	1.0	1.0	0.0	0.0	0.0	0.42622950819672134	0.46808510638297873	0.1111111111111111	0.2	0.0	0.0	0.0	0.0	1.0	1.0	1.0	0.0	0.0	0.0	0.0	0.0	0.0	1.0	0.0	0.0	1.0	0.0	0.0	0.0
S1-532789674	S3-175203877	0	train	0.0	0.0	0.32258064516129037	0.2857142857142857	0.0	0.0	0.0	0.0	1.0	0.0	0.0	0.0	0.47457627118644063	0.5333333333333333	0.25	0.4	0.0	0.0	0.0	0.0	1.0	1.0	1.0	0.0	0.0	0.0	0.0	0.0	0.0	1.0	0.0	0.0	1.0	0.0	0.0	0.0
S1-532789674	S3-298876998	0	train	0.0	0.0	0.3448275862068966	0.3076923076923077	0.0	0.0	0.0	0.0	1.0	0.0	0.0	0.0	0.3793103448275862	0.36363636363636365	0.25	0.4	0.0	1.0	1.0	0.0	1.0	1.0	1.0	0.0	0.0	0.0	0.0	0.0	0.0	1.0	0.0	0.0	1.0	0.0	0.0	0.0
S1-532789674	S3-321280631	0	train	0.0	0.0	0.2272727272727273	0.20512820512820518	0.16666666666666666	0.5	0.0	1.0	1.0	0.0	0.0	0.0	0.4444444444444444	0.44999999999999996	0.25	0.4	0.0	1.0	1.0	1.0	1.0	1.0	1.0	0.0	0.0	0.0	0.0	0.0	0.0	1.0	0.0	0.0	1.0	0.0	0.0	0.0
S1-532789674	S3-356264323	0	train	0.0	0.0	0.2666666666666667	0.24390243902439024	0.0	0.0	0.0	0.0	1.0	0.0	0.0	0.0	0.3928571428571429	0.38095238095238093	0.25	0.4	0.0	1.0	1.0	1.0	1.0	1.0	1.0	0.0	0.0	0.0	0.0	0.0	0.0	1.0	0.0	0.0	1.0	0.0	0.0	0.0
S1-532789674	S3-523031700	0	train	0.0	0.0	0.375	0.4	0.0	0.0	0.0	0.0	1.0	0.0	0.0	0.0	0.47887323943661975	0.47272727272727283	0.09090909090909091	0.2	0.0	0.0	0.0	0.0	1.0	1.0	1.0	0.0	0.0	0.0	0.0	0.0	0.0	1.0	0.0	0.0	1.0	0.0	0.0	0.0
S1-532789674	S3-600235120	0	train	0.0	0.0	0.2727272727272727	0.19999999999999996	0.0	0.0	0.0	0.0	1.0	0.0	0.0	0.0	0.4545454545454546	0.43999999999999995	0.09090909090909091	0.2	0.0	0.5	1.0	1.0	1.0	1.0	1.0	0.0	0.0	0.0	0.0	0.0	0.0	1.0	0.0	0.0	1.0	0.0	0.0	0.0
S1-532789674	S3-60078649	0	train	0.0	0.0	0.20512820512820518	0.17647058823529416	0.0	0.0	0.0	0.0	1.0	0.0	0.0	0.0	0.46376811594202894	0.4444444444444444	0.1	0.2	0.0	1.0	1.0	1.0	1.0	1.0	1.0	0.0	0.0	0.0	0.0	0.0	0.0	1.0	0.0	0.0	1.0	0.0	0.0	0.0
S1-532789674	S3-605879312	0	train	0.0	0.0	0.23529411764705888	0.2857142857142857	0.0	0.0	0.0	0.0	1.0	0.0	0.0	0.0	0.4642857142857143	0.4	0.2	0.4	0.0	0.0	0.0	0.0	1.0	1.0	1.0	0.0	0.0	0.0	0.0	0.0	0.0	1.0	0.0	0.0	1.0	0.0	0.0	0.0
S1-532789674	S3-610954923	0	train	0.0	0.0	0.18867924528301885	0.17391304347826086	0.0	0.0	0.0	0.0	1.0	0.0	0.0	0.0	0.3928571428571429	0.3902439024390244	0.1	0.2	0.0	1.0	1.0	0.0	1.0	1.0	1.0	0.0	0.0	0.0	0.0	0.0	0.0	1.0	0.0	0.0	1.0	0.0	0.0	0.0
S1-532789674	S3-634460433	0	train	0.0	0.0	0.15384615384615385	0.18181818181818177	0.0	0.0	0.0	0.0	1.0	0.0	0.0	0.0	0.24528301886792447	0.21176470588235297	0.06666666666666667	0.2	0.0	0.5	0.0	0.0	0.0	1.0	0.0	0.0	0.0	0.0	0.0	0.0	0.0	1.0	0.0	0.0	1.0	0.0	0.0	0.0
S1-532789674	S3-676504072	0	train	0.0	0.0	0.3076923076923077	0.2941176470588235	0.16666666666666666	0.5	0.0	1.0	1.0	0.0	0.0	0.0	0.5357142857142857	0.5714285714285714	0.25	0.4	0.0	0.0	0.0	0.0	1.0	1.0	1.0	0.0	0.0	0.0	0.0	0.0	0.0	1.0	0.0	0.0	1.0	0.0	0.0	0.0
S1-532789674	S3-697219414	0	train	0.0	0.0	0.17021276595744683	0.19047619047619047	0.0	0.0	0.0	0.0	1.0	0.0	0.0	0.0	0.5079365079365079	0.5106382978723405	0.09090909090909091	0.2	0.0	0.0	0.0	0.0	1.0	1.0	1.0	0.0	0.0	0.0	0.0	0.0	0.0	1.0	0.0	0.0	1.0	0.0	0.0	0.0
S1-532789674	S3-698253323	0	train	0.0	0.0	0.25806451612903225	0.2222222222222222	0.0	0.0	0.0	0.0	1.0	0.0	0.0	0.0	0.3013698630136986	0.24561403508771928	0.09090909090909091	0.2	0.0	0.5	0.0	0.0	1.0	1.0	1.0	0.0	0.0	0.0	0.0	0.0	0.0	1.0	0.0	0.0	1.0	0.0	0.0	0.0
S1-532789674	S3-731189434	0	train	0.0	0.0	0.25	0.26086956521739135	0.0	0.0	0.0	0.0	1.0	0.0	0.0	0.0	0.5517241379310345	0.5454545454545454	0.25	0.4	0.0	0.0	0.0	0.0	1.0	1.0	1.0	0.0	0.0	0.0	0.0	0.0	0.0	1.0	0.0	0.0	1.0	0.0	0.0	0.0
S1-532789674	S3-739878099	0	train	0.0	0.0	0.29166666666666663	0.29268292682926833	0.125	0.5	0.0	0.5	1.0	0.0	0.0	0.0	0.40540540540540543	0.3508771929824561	0.18181818181818182	0.4	0.0	0.5	0.0	0.0	1.0	1.0	1.0	0.0	0.0	0.0	0.0	0.0	0.0	1.0	0.0	0.0	1.0	0.0	0.0	0.0
S1-532789674	S3-857088139	0	train	0.0	0.0	0.4	0.4444444444444444	0.0	0.0	0.0	0.0	1.0	0.0	0.0	0.0	0.30379746835443033	0.3278688524590164	0.07692307692307693	0.2	0.0	0.5	0.0	0.0	1.0	1.0	0.0	0.0	0.0	0.0	0.0	0.0	0.0	1.0	0.0	0.0	1.0	0.0	0.0	0.0
S1-532789674	S3-926972776	0	train	0.0	0.0	0.2264150943396226	0.2222222222222222	0.0	0.0	0.0	0.0	1.0	0.0	0.0	0.0	0.45614035087719296	0.41860465116279066	0.1111111111111111	0.2	0.0	0.0	0.0	0.0	1.0	1.0	1.0	0.0	0.0	0.0	0.0	0.0	0.0	1.0	0.0	0.0	1.0	0.0	0.0	0.0
S1-546810647	S2-965961991	1	train	0.0	0.0	0.8648648648648648	0.9032258064516128	0.75	1.0	1.0	0.0	1.0	0.0	0.0	0.0	0.8076923076923077	0.9473684210526316	0.8	1.0	0.0	0.0	0.0	0.0	1.0	1.0	1.0	0.0	0.0	0.0	0.0	0.0	0.0	2.0	0.0	1.0	1.0	0.0	0.0	0.0
S1-546810647	S3-133962329	1	train	0.0	0.0	0.8275862068965517	0.88	0.6666666666666666	1.0	0.6666666666666666	0.0	1.0	0.0	0.0	0.0	0.7272727272727273	0.7843137254901962	0.6666666666666666	0.8	0.0	1.0	1.0	1.0	1.0	1.0	1.0	0.0	0.0	0.0	0.0	0.0	0.0	2.0	0.0	1.0	1.0	0.0	0.0	0.0
S1-546810647	S3-407503570	1	train	1.0	1.0	0.9696969696969697	1.0	1.0	1.0	1.0	0.0	1.0	0.0	0.0	0.0	0.7272727272727273	0.7843137254901962	0.6666666666666666	0.8	0.0	1.0	1.0	1.0	1.0	1.0	1.0	0.0	0.0	0.0	0.0	0.0	0.0	3.0	1.0	1.0	1.0	0.0	0.0	0.0
S1-546810647	S3-980707266	1	train	1.0	1.0	0.9696969696969697	1.0	1.0	1.0	1.0	0.0	1.0	0.0	0.0	0.0	0.6666666666666667	0.7346938775510203	0.5	0.75	0.0	0.0	0.0	0.0	1.0	1.0	1.0	0.0	0.0	0.0	0.0	0.0	0.0	3.0	1.0	1.0	1.0	0.0	0.0	0.0
S1-546810647	S2-10061993	0	train	0.0	0.0	0.196078431372549	0.18181818181818177	0.0	0.0	0.0	0.0	1.0	0.0	0.0	0.0	0.6206896551724138	0.6046511627906976	0.25	0.4	0.0	0.0	0.0	0.0	1.0	1.0	1.0	0.0	0.0	0.0	0.0	0.0	0.0	1.0	0.0	0.0	1.0	0.0	0.0	0.0
S1-546810647	S2-316933570	0	train	0.0	0.0	0.2857142857142857	0.33333333333333337	0.0	0.0	0.0	0.0	1.0	0.0	0.0	0.0	0.6909090909090909	0.75	0.25	0.4	0.0	0.0	0.0	0.0	1.0	1.0	1.0	0.0	0.0	0.0	0.0	0.0	0.0	1.0	0.0	0.0	1.0	0.0	0.0	0.0
S1-546810647	S2-400837475	0	train	0.0	0.0	0.36734693877551017	0.32558139534883723	0.0	0.0	0.0	0.0	1.0	0.0	0.0	0.0	0.4482758620689655	0.4651162790697675	0.25	0.4	0.0	0.0	0.0	0.0	1.0	1.0	1.0	0.0	0.0	0.0	0.0	0.0	0.0	1.0	0.0	0.0	1.0	0.0	0.0	0.0
S1-546810647	S2-430284137	0	train	0.0	0.0	0.303030303030303	0.3214285714285714	0.0	0.0	0.0	0.0	1.0	0.0	0.0	0.0	0.5666666666666667	0.5454545454545454	0.2222222222222222	0.4	0.0	0.0	0.0	0.0	1.0	1.0	1.0	0.0	0.0	0.0	0.0	0.0	0.0	1.0	0.0	0.0	1.0	0.0	0.0	0.0
S1-546810647	S2-474161929	0	train	0.0	0.0	0.31818181818181823	0.3157894736842105	0.0	0.0	0.0	0.0	1.0	0.0	0.0	0.0	0.6	0.5777777777777777	0.25	0.4	0.0	0.0	0.0	0.0	1.0	1.0	1.0	0.0	0.0	0.0	0.0	0.0	0.0	1.0	0.0	0.0	1.0	0.0	0.0	0.0
S1-546810647	S2-629165656	0	train	0.0	0.0	0.6274509803921569	0.6363636363636364	0.6	1.0	0.6	0.0	1.0	0.0	0.0	0.0	0.36065573770491793	0.30434782608695654	0.0	0.0	0.0	0.0	0.0	0.0	1.0	1.0	1.0	0.0	0.0	0.0	0.0	0.0	0.0	1.0	0.0	1.0	0.0	0.0	0.0	0.0
S1-546810647	S2-648878556	0	train	0.0	0.0	0.3076923076923077	0.26086956521739135	0.0	0.0	0.0	0.0	1.0	0.0	0.0	0.0	0.6551724137931035	0.6976744186046511	0.25	0.4	0.0	0.0	0.0	0.0	1.0	1.0	1.0	0.0	0.0	0.0	0.0	0.0	0.0	1.0	0.0	0.0	1.0	0.0	0.0	0.0
S1-546810647	S2-662259088	0	train	0.0	0.0	0.22857142857142854	0.25806451612903225	0.0	0.0	0.0	0.0	1.0	0.0	0.0	0.0	0.6909090909090909	0.8	0.6666666666666666	0.8	0.0	0.0	0.0	0.0	1.0	1.0	1.0	0.0	0.0	0.0	0.0	0.0	0.0	1.0	0.0	0.0	1.0	0.0	0.0	0.0
S1-546810647	S2-669324008	0	train	0.0	0.0	0.6666666666666667	0.6428571428571428	0.2	0.3333333333333333	0.2	0.0	1.0	0.0	0.0	0.0	0.32727272727272727	0.21052631578947367	0.0	0.0	0.0	0.0	0.0	0.0	1.0	1.0	1.0	0.0	0.0	0.0	0.0	0.0	0.0	1.0	0.0	1.0	0.0	0.0	0.0	0.0
S1-546810647	S2-700066003	0	train	0.0	0.0	0.38095238095238093	0.33333333333333337	0.0	0.0	0.0	0.0	1.0	0.0	0.0	0.0	0.6274509803921569	0.6486486486486487	0.2857142857142857	0.5	0.0	0.0	0.0	0.0	1.0	1.0	1.0	0.0	0.0	0.0	0.0	0.0	0.0	1.0	0.0	0.0	1.0	0.0	0.0	0.0
S1-546810647	S2-801687451	0	train	0.0	0.0	0.3529411764705882	0.27586206896551724	0.0	0.0	0.0	0.0	1.0	0.0	0.0	0.0	0.6071428571428572	0.5853658536585367	0.25	0.4	0.0	0.0	0.0	0.0	1.0	1.0	1.0	0.0	0.0	0.0	0.0	0.0	0.0	1.0	0.0	0.0	1.0	0.0	0.0	0.0
S1-546810647	S2-845899026	0	train	0.0	0.0	0.2666666666666667	0.3076923076923077	0.0	0.0	0.0	0.0	1.0	0.0	0.0	0.0	0.576271186440678	0.5454545454545454	0.1111111111111111	0.2	0.0	0.0	0.0	0.0	1.0	1.0	1.0	0.0	0.0	0.0	0.0	0.0	0.0	1.0	0.0	0.0	1.0	0.0	0.0	0.0
S1-546810647	S2-872285940	0	train	0.0	0.0	0.2941176470588235	0.2068965517241379	0.0	0.0	0.0	0.0	1.0	0.0	0.0	0.0	0.6229508196721312	0.5777777777777777	0.2222222222222222	0.4	0.0	0.0	0.0	0.0	1.0	1.0	1.0	0.0	0.0	0.0	0.0	0.0	0.0	1.0	0.0	0.0	1.0	0.0	0.0	0.0
S1-546810647	S2-893980179	0	train	0.0	0.0	0.32727272727272727	0.2978723404255319	0.0	0.0	0.0	0.0	1.0	0.0	0.0	0.0	0.576271186440678	0.5581395348837209	0.2222222222222222	0.4	0.0	0.0	0.0	0.0	1.0	1.0	1.0	0.0	0.0	0.0	0.0	0.0	0.0	1.0	0.0	0.0	1.0	0.0	0.0	0.0
S1-546810647	S2-956974370	0	train	0.0	0.0	0.33898305084745756	0.3529411764705882	0.14285714285714285	0.3333333333333333	0.16666666666666666	0.0	1.0	0.0	0.0	0.0	0.31034482758620685	0.23809523809523814	0.0	0.0	0.0	0.0	0.0	0.0	1.0	1.0	1.0	0.0	0.0	0.0	0.0	0.0	0.0	1.0	0.0	1.0	0.0	0.0	0.0	0.0
S1-546810647	S3-225682953	0	train	0.0	0.0	0.2666666666666667	0.23529411764705888	0.0	0.0	0.0	0.0	1.0	0.0	0.0	0.0	0.657142857142857	0.5660377358490566	0.2	0.4	0.0	0.0	0.0	0.0	1.0	1.0	1.0	0.0	0.0	0.0	0.0	0.0	0.0	1.0	0.0	0.0	1.0	0.0	0.0	0.0
S1-546810647	S3-244619879	0	train	0.0	0.0	0.4390243902439024	0.4	0.0	0.0	0.0	0.0	1.0	0.0	0.0	0.0	0.5428571428571429	0.5555555555555556	0.2222222222222222	0.4	0.0	0.0	0.0	0.0	1.0	1.0	1.0	0.0	0.0	0.0	0.0	0.0	0.0	1.0	0.0	0.0	1.0	0.0	0.0	0.0
S1-546810647	S3-272542098	0	train	0.0	0.0	0.5833333333333333	0.6666666666666667	0.3333333333333333	1.0	0.3333333333333333	0.0	1.0	0.0	0.0	0.0	0.2857142857142857	0.2637362637362637	0.0	0.0	0.0	0.0	0.0	0.0	1.0	1.0	0.0	0.0	0.0	0.0	0.0	0.0	0.0	1.0	0.0	1.0	0.0	0.0	0.0	0.0
S1-546810647	S3-295458812	0	train	0.0	0.0	0.23529411764705888	0.2068965517241379	0.0	0.0	0.0	0.0	1.0	0.0	0.0	0.0	0.45783132530120485	0.375	0.07692307692307693	0.2	0.0	0.0	0.0	0.0	1.0	1.0	1.0	0.0	0.0	0.0	0.0	0.0	0.0	1.0	0.0	0.0	1.0	0.0	0.0	0.0
S1-546810647	S3-352824972	0	train	0.0	0.0	0.2857142857142857	0.28	0.0	0.0	0.0	0.0	1.0	0.0	0.0	0.0	0.5454545454545454	0.55	0.1111111111111111	0.2	0.0	0.0	0.0	0.0	1.0	1.0	1.0	0.0	0.0	0.0	0.0	0.0	0.0	1.0	0.0	0.0	1.0	0.0	0.0	0.0
S1-546810647	S3-369181262	0	train	0.0	0.0	0.29268292682926833	0.22857142857142854	0.0	0.0	0.0	0.0	1.0	0.0	0.0	0.0	0.5142857142857142	0.4814814814814815	0.1	0.2	0.0	0.0	0.0	0.0	1.0	1.0	1.0	0.0	0.0	0.0	0.0	0.0	0.0	1.0	0.0	0.0	1.0	0.0	0.0	0.0
S1-546810647	S3-426172651	0	train	0.0	0.0	0.27586206896551724	0.3076923076923077	0.0	0.0	0.0	0.0	1.0	0.0	0.0	0.0	0.5625	0.5306122448979591	0.1111111111111111	0.2	0.0	0.0	0.0	0.0	1.0	1.0	1.0	0.0	0.0	0.0	0.0	0.0	0.0	1.0	0.0	0.0	1.0	0.0	0.0	0.0
S1-546810647	S3-442331429	0	train	0.0	0.0	0.303030303030303	0.3448275862068966	0.0	0.0	0.0	0.0	1.0	0.0	0.0	0.0	0.34210526315789463	0.3728813559322034	0.09090909090909091	0.2	0.0	0.0	0.0	0.0	1.0	1.0	1.0	0.0	0.0	0.0	0.0	0.0	0.0	1.0	0.0	0.0	1.0	0.0	0.0	0.0
S1-546810647	S3-467429944	0	train	0.0	0.0	0.2564102564102564	0.303030303030303	0.0	0.0	0.0	0.0	1.0	0.0	0.0	0.0	0.53125	0.5306122448979591	0.1111111111111111	0.2	0.0	0.0	0.0	0.0	1.0	1.0	1.0	0.0	0.0	0.0	0.0	0.0	0.0	1.0	0.0	0.0	1.0	0.0	0.0	0.0
S1-546810647	S3-507250206	0	train	0.0	0.0	0.25	0.2222222222222222	0.0	0.0	0.0	0.0	1.0	0.0	0.0	0.0	0.523076923076923	0.43999999999999995	0.1111111111111111	0.2	0.0	0.0	0.0	0.0	1.0	1.0	1.0	0.0	0.0	0.0	0.0	0.0	0.0	1.0	0.0	0.0	1.0	0.0	0.0	0.0
S1-546810647	S3-590947289	0	train	0.0	0.0	0.25	0.2857142857142857	0.0	0.0	0.0	0.0	1.0	0.0	0.0	0.0	0.4776119402985075	0.43137254901960786	0.1111111111111111	0.2	0.0	0.0	0.0	0.0	1.0	1.0	1.0	0.0	0.0	0.0	0.0	0.0	0.0	1.0	0.0	0.0	1.0	0.0	0.0	0.0
S1-546810647	S3-649672623	0	train	0.0	0.0	0.4117647058823529	0.41379310344827597	0.2	0.3333333333333333	0.25	0.0	1.0	0.0	0.0	0.0	0.3035714285714286	0.2727272727272727	0.0	0.0	0.0	0.0	0.0	0.0	1.0	1.0	0.0	0.0	0.0	0.0	0.0	0.0	0.0	1.0	0.0	1.0	0.0	0.0	0.0	0.0
S1-546810647	S3-725341450	0	train	0.0	0.0	0.3555555555555555	0.3157894736842105	0.0	0.0	0.0	0.0	1.0	0.0	0.0	0.0	0.4383561643835616	0.3928571428571429	0.09090909090909091	0.2	0.0	0.0	0.0	0.0	1.0	1.0	1.0	0.0	0.0	0.0	0.0	0.0	0.0	1.0	0.0	0.0	1.0	0.0	0.0	0.0
S1-546810647	S3-852556588	0	train	0.0	0.0	0.29166666666666663	0.2857142857142857	0.0	0.0	0.0	0.0	1.0	0.0	0.0	0.0	0.5294117647058824	0.49056603773584906	0.1111111111111111	0.2	0.0	0.0	0.0	0.0	1.0	1.0	1.0	0.0	0.0	0.0	0.0	0.0	0.0	1.0	0.0	0.0	1.0	0.0	0.0	0.0
S1-546810647	S3-915085564	0	train	0.0	0.0	0.34615384615384615	0.30434782608695654	0.0	0.0	0.0	0.0	1.0	0.0	0.0	0.0	0.45333333333333337	0.3793103448275862	0.09090909090909091	0.2	0.0	0.0	0.0	0.0	1.0	1.0	1.0	0.0	0.0	0.0	0.0	0.0	0.0	1.0	0.0	0.0	1.0	0.0	0.0	0.0
S1-561178119	S3-274683273	1	train	1.0	1.0	0.975609756097561	1.0	1.0	1.0	1.0	1.0	1.0	0.0	0.0	0.0	0.0	0.0	0.0	0.0	0.0	0.0	0.0	0.0	0.0	1.0	1.0	0.0	0.0	0.0	1.0	0.0	0.0	2.0	1.0	1.0	0.0	0.0	0.0	0.0
S1-561178119	S3-686987323	1	train	1.0	1.0	0.975609756097561	1.0	1.0	1.0	1.0	1.0	1.0	0.0	0.0	0.0	0.7088607594936708	0.75	0.5	0.8	0.0	1.0	1.0	1.0	1.0	1.0	1.0	0.0	0.0	0.0	0.0	0.0	0.0	3.0	1.0	1.0	1.0	0.0	0.0	0.0
S1-561178119	S3-747037486	1	train	1.0	1.0	0.975609756097561	1.0	1.0	1.0	1.0	1.0	1.0	0.0	0.0	0.0	0.7317073170731707	0.7164179104477613	0.3333333333333333	0.6	0.0	1.0	1.0	1.0	1.0	1.0	1.0	0.0	0.0	0.0	0.0	0.0	0.0	3.0	1.0	1.0	1.0	0.0	0.0	0.0
S1-561178119	S3-887400713	1	train	1.0	1.0	0.975609756097561	1.0	1.0	1.0	1.0	1.0	1.0	0.0	0.0	0.0	0.6329113924050633	0.6875	0.5	0.8	0.0	1.0	1.0	0.0	1.0	1.0	1.0	0.0	0.0	0.0	0.0	0.0	0.0	3.0	1.0	1.0	1.0	0.0	0.0	0.0
S1-561178119	S2-177374541	0	train	0.0	0.0	0.4651162790697675	0.4444444444444444	0.0	0.0	0.0	0.0	1.0	0.0	0.0	0.0	0.36065573770491793	0.3829787234042554	0.1	0.2	0.0	0.0	0.0	0.0	1.0	1.0	1.0	0.0	0.0	0.0	0.0	0.0	0.0	1.0	0.0	0.0	1.0	0.0	0.0	0.0
S1-561178119	S2-244001493	0	train	0.0	0.0	0.368421052631579	0.4375	0.0	0.0	0.0	0.0	1.0	0.0	0.0	0.0	0.33333333333333337	0.34042553191489366	0.1111111111111111	0.2	0.0	0.0	0.0	0.0	1.0	1.0	1.0	0.0	0.0	0.0	0.0	0.0	0.0	1.0	0.0	0.0	1.0	0.0	0.0	0.0
S1-561178119	S2-398406516	0	train	0.0	0.0	0.3157894736842105	0.303030303030303	0.0	0.0	0.0	0.0	1.0	0.0	0.0	0.0	0.3703703703703704	0.38095238095238093	0.125	0.25	0.0	0.0	0.0	0.0	1.0	1.0	1.0	0.0	0.0	0.0	0.0	0.0	0.0	1.0	0.0	0.0	1.0	0.0	0.0	0.0
S1-561178119	S2-428486743	0	train	0.0	0.0	0.3589743589743589	0.36363636363636365	0.16666666666666666	0.3333333333333333	0.2	0.0	1.0	0.0	0.0	0.0	0.44067796610169496	0.48888888888888893	0.1	0.2	0.0	0.0	0.0	0.0	1.0	1.0	1.0	0.0	0.0	0.0	0.0	0.0	0.0	1.0	0.0	0.0	1.0	0.0	0.0	0.0
S1-561178119	S2-626041779	0	train	0.0	0.0	0.26315789473684215	0.25806451612903225	0.0	0.0	0.0	0.0	1.0	0.0	0.0	0.0	0.5161290322580645	0.5306122448979591	0.1111111111111111	0.2	0.0	0.0	0.0	0.0	1.0	1.0	1.0	0.0	0.0	0.0	0.0	0.0	0.0	1.0	0.0	0.0	1.0	0.0	0.0	0.0
S1-561178119	S2-718642434	0	train	0.0	0.0	0.4864864864864865	0.4516129032258065	0.4	0.6666666666666666	0.5	0.0	1.0	0.0	0.0	0.0	0.3728813559322034	0.34782608695652173	0.0	0.0	0.0	0.0	0.0	0.0	1.0	1.0	1.0	0.0	0.0	0.0	0.0	0.0	0.0	1.0	0.0	1.0	0.0	0.0	0.0	0.0
S1-561178119	S2-818357726	0	train	0.0	0.0	0.5	0.4705882352941176	0.16666666666666666	0.3333333333333333	0.0	1.0	1.0	0.0	0.0	0.0	0.3076923076923077	0.27450980392156865	0.1	0.2	0.0	0.0	0.0	0.0	1.0	1.0	1.0	0.0	0.0	0.0	0.0	0.0	0.0	1.0	0.0	0.0	1.0	0.0	0.0	0.0
S1-561178119	S2-86592611	0	train	0.0	0.0	0.3571428571428571	0.375	0.0	0.0	0.0	0.0	1.0	0.0	0.0	0.0	0.38596491228070173	0.41860465116279066	0.1	0.2	0.0	0.0	0.0	0.0	1.0	1.0	1.0	0.0	0.0	0.0	0.0	0.0	0.0	1.0	0.0	0.0	1.0	0.0	0.0	0.0
S1-561178119	S2-906240849	0	train	0.0	0.0	0.4705882352941176	0.48275862068965514	0.2	0.5	0.25	0.0	1.0	0.0	0.0	0.0	0.4	0.39130434782608686	0.0	0.0	0.0	0.0	0.0	0.0	1.0	1.0	1.0	0.0	0.0	0.0	0.0	0.0	0.0	1.0	0.0	1.0	0.0	0.0	0.0	0.0
S1-561178119	S2-955304583	0	train	0.0	0.0	0.5714285714285714	0.5142857142857142	0.14285714285714285	0.25	0.2	0.0	1.0	0.0	0.0	0.0	0.32727272727272727	0.2790697674418605	0.0	0.0	0.0	0.0	0.0	0.0	1.0	1.0	1.0	0.0	0.0	0.0	0.0	0.0	0.0	1.0	0.0	1.0	0.0	0.0	0.0	0.0
S1-561178119	S3-158762217	0	train	0.0	0.0	0.18181818181818177	0.1428571428571429	0.0	0.0	0.0	0.0	1.0	0.0	0.0	0.0	0.46875	0.43999999999999995	0.1	0.2	0.0	0.0	0.0	0.0	1.0	1.0	1.0	0.0	0.0	0.0	0.0	0.0	0.0	1.0	0.0	0.0	1.0	0.0	0.0	0.0
S1-561178119	S3-207984667	0	train	0.0	0.0	0.33898305084745756	0.28	0.0	0.0	0.0	0.0	1.0	0.0	0.0	0.0	0.7213114754098361	0.75	0.42857142857142855	0.6	0.0	0.0	0.0	0.0	1.0	1.0	1.0	0.0	0.0	0.0	0.0	0.0	0.0	1.0	0.0	0.0	1.0	0.0	0.0	0.0
S1-561178119	S3-251401175	0	train	0.0	0.0	0.2272727272727273	0.26315789473684215	0.0	0.0	0.0	0.0	1.0	0.0	0.0	0.0	0.47272727272727283	0.5116279069767442	0.125	0.25	0.0	0.0	0.0	0.0	1.0	1.0	1.0	0.0	0.0	0.0	0.0	0.0	0.0	1.0	0.0	0.0	1.0	0.0	0.0	0.0
S1-561178119	S3-416134311	0	train	0.0	0.0	0.4736842105263158	0.48484848484848486	0.2	0.5	0.25	0.0	1.0	0.0	0.0	0.0	0.43478260869565216	0.32727272727272727	0.0	0.0	0.0	0.0	0.0	0.0	1.0	1.0	1.0	0.0	0.0	0.0	0.0	0.0	0.0	1.0	0.0	1.0	0.0	0.0	0.0	0.0
S1-561178119	S3-416662825	0	train	0.0	0.0	0.4126984126984127	0.3846153846153846	0.1	0.25	0.0	1.0	1.0	0.0	0.0	0.0	0.5882352941176471	0.6037735849056604	0.2	0.4	0.0	0.0	0.0	0.0	1.0	1.0	1.0	0.0	0.0	0.0	0.0	0.0	0.0	1.0	0.0	0.0	1.0	0.0	0.0	0.0
S1-561178119	S3-461542541	0	train	0.0	0.0	0.33333333333333337	0.3414634146341463	0.14285714285714285	0.25	0.2	0.0	1.0	0.0	0.0	0.0	0.375	0.36	0.0	0.0	0.0	0.0	0.0	0.0	1.0	1.0	1.0	0.0	0.0	0.0	0.0	0.0	0.0	1.0	0.0	1.0	0.0	0.0	0.0	0.0
S1-561178119	S3-520746730	0	train	0.0	0.0	0.32727272727272727	0.3111111111111111	0.0	0.0	0.0	0.0	1.0	0.0	0.0	0.0	0.5789473684210527	0.5901639344262295	0.2	0.4	0.0	0.0	0.0	0.0	1.0	1.0	1.0	0.0	0.0	0.0	0.0	0.0	0.0	1.0	0.0	0.0	1.0	0.0	0.0	0.0
S1-561178119	S3-526483887	0	train	0.0	0.0	0.31818181818181823	0.3157894736842105	0.0	0.0	0.0	0.0	1.0	0.0	0.0	0.0	0.5	0.5185185185185186	0.1	0.2	0.0	0.0	0.0	0.0	1.0	1.0	1.0	0.0	0.0	0.0	0.0	0.0	0.0	1.0	0.0	0.0	1.0	0.0	0.0	0.0
S1-561178119	S3-680394752	0	train	0.0	0.0	0.45833333333333337	0.4390243902439024	0.3333333333333333	0.5	0.4	0.0	1.0	0.0	0.0	0.0	0.45714285714285713	0.45614035087719296	0.0	0.0	0.0	0.0	0.0	0.0	1.0	1.0	1.0	0.0	0.0	0.0	0.0	0.0	0.0	1.0	0.0	1.0	0.0	0.0	0.0	0.0
S1-561178119	S3-704246074	0	train	0.0	0.0	0.19672131147540983	0.1923076923076923	0.0	0.0	0.0	0.0	1.0	0.0	0.0	0.0	0.26388888888888884	0.2586206896551724	0.047619047619047616	0.2	0.0	0.0	0.0	0.0	1.0	1.0	0.0	0.0	0.0	0.0	0.0	0.0	0.0	1.0	0.0	0.0	1.0	0.0	0.0	0.0
S1-561178119	S3-745369244	0	train	0.0	0.0	0.41509433962264153	0.41860465116279066	0.0	0.0	0.0	0.0	1.0	0.0	0.0	0.0	0.5428571428571429	0.5454545454545454	0.2	0.4	0.0	0.0	0.0	0.0	1.0	1.0	1.0	0.0	0.0	0.0	0.0	0.0	0.0	1.0	0.0	0.0	1.0	0.0	0.0	0.0
S1-561178119	S3-749940287	0	train	0.0	0.0	0.4285714285714286	0.4444444444444444	0.16666666666666666	0.3333333333333333	0.2	0.0	1.0	0.0	0.0	0.0	0.33333333333333337	0.30434782608695654	0.0	0.0	0.0	0.0	0.0	0.0	1.0	1.0	1.0	0.0	0.0	0.0	0.0	0.0	0.0	1.0	0.0	1.0	0.0	0.0	0.0	0.0
S1-561178119	S3-762784658	0	train	0.0	0.0	0.2264150943396226	0.2272727272727273	0.0	0.0	0.0	0.0	1.0	0.0	0.0	0.0	0.2654867256637168	0.2471910112359551	0.05	0.2	0.0	0.0	0.0	0.0	0.0	1.0	0.0	0.0	0.0	0.0	0.0	0.0	0.0	1.0	0.0	0.0	1.0	0.0	0.0	0.0
S1-561178119	S3-767201351	0	train	0.0	0.0	0.3529411764705882	0.3571428571428571	0.0	0.0	0.0	0.0	1.0	0.0	0.0	0.0	0.3880597014925373	0.4074074074074075	0.1111111111111111	0.2	0.0	0.0	0.0	0.0	1.0	1.0	1.0	0.0	0.0	0.0	0.0	0.0	0.0	1.0	0.0	0.0	1.0	0.0	0.0	0.0
S1-561178119	S3-847079689	0	train	0.0	0.0	0.29166666666666663	0.25	0.0	0.0	0.0	0.0	1.0	0.0	0.0	0.0	0.5588235294117647	0.5660377358490566	0.2	0.4	0.0	0.0	0.0	0.0	1.0	1.0	1.0	0.0	0.0	0.0	0.0	0.0	0.0	1.0	0.0	0.0	1.0	0.0	0.0	0.0
S1-561178119	S3-871035755	0	train	0.0	0.0	0.36363636363636365	0.3783783783783784	0.0	0.0	0.0	0.0	1.0	0.0	0.0	0.0	0.4307692307692308	0.42307692307692313	0.1111111111111111	0.2	0.0	0.0	0.0	0.0	1.0	1.0	1.0	0.0	0.0	0.0	0.0	0.0	0.0	1.0	0.0	0.0	1.0	0.0	0.0	0.0
S1-561178119	S3-932799275	0	train	0.0	0.0	0.33333333333333337	0.29268292682926833	0.14285714285714285	0.25	0.0	1.0	1.0	0.0	0.0	0.0	0.4642857142857143	0.5	0.125	0.25	0.0	0.0	0.0	0.0	1.0	1.0	1.0	0.0	0.0	0.0	0.0	0.0	0.0	1.0	0.0	0.0	1.0	0.0	0.0	0.0
S1-561178119	S3-934911982	0	train	0.0	0.0	0.3939393939393939	0.3928571428571429	0.0	0.0	0.0	0.0	1.0	0.0	0.0	0.0	0.5625	0.5714285714285714	0.2	0.4	0.0	0.0	0.0	0.0	1.0	1.0	1.0	0.0	0.0	0.0	0.0	0.0	0.0	1.0	0.0	0.0	1.0	0.0	0.0	0.0
S1-561178119	S3-951591318	0	train	0.0	0.0	0.3589743589743589	0.36363636363636365	0.0	0.0	0.0	0.0	1.0	0.0	0.0	0.0	0.38888888888888884	0.3448275862068966	0.1	0.2	0.0	0.0	0.0	0.0	1.0	1.0	1.0	0.0	0.0	0.0	0.0	0.0	0.0	1.0	0.0	0.0	1.0	0.0	0.0	0.0
S1-561178119	S3-968486675	0	train	0.0	0.0	0.32727272727272727	0.3111111111111111	0.0	0.0	0.0	0.0	1.0	0.0	0.0	0.0	0.6206896551724138	0.6666666666666667	0.25	0.4	0.0	0.0	0.0	0.0	1.0	1.0	1.0	0.0	0.0	0.0	0.0	0.0	0.0	1.0	0.0	0.0	1.0	0.0	0.0	0.0
S1-562201661	S2-114803651	1	train	1.0	1.0	0.8620689655172413	1.0	1.0	1.0	1.0	1.0	1.0	0.0	0.0	0.0	0.8702290076335878	0.9174311926605505	0.7272727272727273	0.8888888888888888	0.0	1.0	1.0	1.0	1.0	1.0	1.0	0.0	0.0	0.0	0.0	0.0	0.0	2.0	1.0	0.0	1.0	0.0	0.0	0.0
S1-562201661	S2-624614681	1	train	0.0	0.0	0.08450704225352113	0.0	0.0	0.0	0.0	0.0	0.0	0.0	0.0	0.0	0.8787878787878788	0.9272727272727272	0.7272727272727273	0.8888888888888888	0.0	1.0	1.0	1.0	1.0	1.0	1.0	0.0	0.0	0.0	0.0	0.0	0.0	1.0	0.0	0.0	1.0	0.0	0.0	0.0
S1-562201661	S2-692542191	1	train	0.0	0.0	0.7777777777777779	0.926829268292683	0.75	1.0	1.0	0.5	1.0	0.0	0.0	0.0	0.8702290076335878	0.9174311926605505	0.7272727272727273	0.8888888888888888	0.0	1.0	1.0	1.0	1.0	1.0	1.0	0.0	0.0	0.0	0.0	0.0	0.0	1.0	0.0	0.0	1.0	0.0	0.0	0.0
S1-562201661	S2-102162866	0	train	0.0	0.0	0.5714285714285714	0.6666666666666667	0.3333333333333333	0.5	0.0	1.0	1.0	0.0	0.0	0.0	0.5	0.5137614678899083	0.17647058823529413	0.3	0.0	0.3333333333333333	1.0	0.0	1.0	1.0	1.0	0.0	0.0	0.0	0.0	0.0	0.0	1.0	0.0	0.0	1.0	0.0	0.0	0.0
S1-562201661	S2-173172383	0	train	0.0	0.0	0.43999999999999995	0.5	0.3333333333333333	0.5	0.0	1.0	1.0	0.0	0.0	0.0	0.5	0.5309734513274336	0.3333333333333333	0.5	0.0	0.0	0.0	0.0	1.0	1.0	1.0	0.0	0.0	0.0	0.0	0.0	0.0	1.0	0.0	0.0	1.0	0.0	0.0	0.0
S1-562201661	S2-314561654	0	train	0.0	0.0	0.2222222222222222	0.18181818181818177	0.0	0.0	0.0	0.0	1.0	0.0	0.0	0.0	0.4821428571428571	0.4946236559139785	0.14285714285714285	0.3333333333333333	0.0	0.0	0.0	0.0	1.0	1.0	1.0	0.0	0.0	0.0	0.0	0.0	0.0	1.0	0.0	0.0	1.0	0.0	0.0	0.0
S1-562201661	S2-349761237	0	train	0.0	0.0	0.3076923076923077	0.3157894736842105	0.3333333333333333	0.5	0.0	1.0	1.0	0.0	0.0	0.0	0.47482014388489213	0.47457627118644063	0.0625	0.14285714285714285	0.0	0.0	0.0	0.0	1.0	1.0	1.0	0.0	0.0	0.0	0.0	0.0	0.0	1.0	0.0	0.0	1.0	0.0	0.0	0.0
S1-562201661	S2-378671280	0	train	0.0	0.0	0.326530612244898	0.38888888888888884	0.16666666666666666	0.3333333333333333	0.0	0.5	1.0	0.0	0.0	0.0	0.5161290322580645	0.5384615384615384	0.21428571428571427	0.42857142857142855	0.0	0.0	0.0	0.0	1.0	1.0	1.0	0.0	0.0	0.0	0.0	0.0	0.0	1.0	0.0	0.0	1.0	0.0	0.0	0.0
S1-562201661	S2-441110387	0	train	0.0	0.0	0.29166666666666663	0.2222222222222222	0.0	0.0	0.0	0.0	1.0	0.0	0.0	0.0	0.40816326530612246	0.43333333333333335	0.09523809523809523	0.2	0.0	0.0	0.0	0.0	1.0	1.0	1.0	0.0	0.0	0.0	0.0	0.0	0.0	1.0	0.0	0.0	1.0	0.0	0.0	0.0
S1-562201661	S2-473995511	0	train	0.0	0.0	0.41509433962264153	0.30000000000000004	0.0	0.0	0.0	0.0	1.0	0.0	0.0	0.0	0.32061068702290074	0.3207547169811321	0.1	0.2	0.0	0.0	0.0	0.0	1.0	1.0	1.0	0.0	0.0	0.0	0.0	0.0	0.0	1.0	0.0	0.0	1.0	0.0	0.0	0.0
S1-562201661	S2-713711801	0	train	0.0	0.0	0.30434782608695654	0.303030303030303	0.16666666666666666	0.3333333333333333	0.0	0.5	1.0	0.0	0.0	0.0	0.46451612903225803	0.4651162790697675	0.047619047619047616	0.1	0.0	0.0	0.0	0.0	1.0	1.0	1.0	0.0	0.0	0.0	0.0	0.0	0.0	1.0	0.0	0.0	1.0	0.0	0.0	0.0
S1-562201661	S2-732805990	0	train	0.0	0.0	0.41509433962264153	0.4615384615384615	0.3333333333333333	0.5	0.0	1.0	1.0	0.0	0.0	0.0	0.4806201550387597	0.47706422018348627	0.0625	0.14285714285714285	0.0	0.0	0.0	0.0	1.0	1.0	1.0	0.0	0.0	0.0	0.0	0.0	0.0	1.0	0.0	0.0	1.0	0.0	0.0	0.0
S1-562201661	S2-751971607	0	train	0.0	0.0	0.4615384615384615	0.5263157894736843	0.3333333333333333	0.5	0.0	1.0	1.0	0.0	0.0	0.0	0.4806201550387597	0.47706422018348627	0.0625	0.14285714285714285	0.0	0.0	0.0	0.0	1.0	1.0	1.0	0.0	0.0	0.0	0.0	0.0	0.0	1.0	0.0	0.0	1.0	0.0	0.0	0.0
S1-562201661	S2-874322036	0	train	0.0	0.0	0.31999999999999995	0.368421052631579	0.0	0.0	0.0	0.0	1.0	0.0	0.0	0.0	0.576271186440678	0.6185567010309279	0.2857142857142857	0.5	0.0	0.25	0.0	0.0	1.0	1.0	1.0	0.0	0.0	0.0	0.0	0.0	0.0	1.0	0.0	0.0	1.0	0.0	0.0	0.0
S1-562201661	S2-922243054	0	train	0.0	0.0	0.5384615384615384	0.631578947368421	0.3333333333333333	0.5	0.0	1.0	1.0	0.0	0.0	0.0	0.49704142011834324	0.5401459854014599	0.07407407407407407	0.2	0.0	0.0	0.0	0.0	1.0	1.0	1.0	0.0	0.0	0.0	0.0	0.0	0.0	1.0	0.0	0.0	1.0	0.0	0.0	0.0
S1-562201661	S2-970131572	0	train	1.0	1.0	0.8620689655172413	1.0	1.0	1.0	1.0	1.0	1.0	0.0	0.0	0.0	0.3941605839416058	0.3893805309734514	0.0	0.0	0.0	0.0	0.0	0.0	1.0	1.0	1.0	0.0	0.0	0.0	0.0	0.0	0.0	1.0	1.0	0.0	0.0	0.0	0.0	0.0
S1-562201661	S3-138147294	0	train	1.0	1.0	0.8620689655172413	1.0	1.0	1.0	1.0	1.0	1.0	0.0	0.0	0.0	0.3111111111111111	0.32432432432432434	0.0	0.0	0.0	0.0	0.0	0.0	0.0	1.0	1.0	0.0	0.0	0.0	0.0	0.0	0.0	1.0	1.0	0.0	0.0	0.0	0.0	0.0
S1-562201661	S3-199396132	0	train	0.0	0.0	0.3921568627450981	0.42105263157894735	0.16666666666666666	0.3333333333333333	0.0	0.5	1.0	0.0	0.0	0.0	0.3846153846153846	0.3779527559055118	0.04	0.1	0.0	0.0	0.0	0.0	1.0	1.0	1.0	0.0	0.0	0.0	0.0	0.0	0.0	1.0	0.0	0.0	1.0	0.0	0.0	0.0
S1-562201661	S3-295014224	0	train	0.0	0.0	0.5	0.5263157894736843	0.3333333333333333	0.5	0.0	1.0	1.0	0.0	0.0	0.0	0.41538461538461535	0.4036697247706422	0.058823529411764705	0.125	0.0	0.0	0.0	0.0	1.0	1.0	1.0	0.0	0.0	0.0	0.0	0.0	0.0	1.0	0.0	0.0	1.0	0.0	0.0	0.0
S1-562201661	S3-34908191	0	train	0.0	1.0	0.7241379310344827	0.8636363636363636	1.0	1.0	1.0	1.0	1.0	0.0	0.0	0.0	0.3661971830985915	0.3728813559322034	0.0	0.0	0.0	0.0	0.0	0.0	1.0	1.0	1.0	0.0	0.0	0.0	0.0	0.0	0.0	1.0	1.0	0.0	0.0	0.0	0.0	0.0
S1-562201661	S3-366762165	0	train	0.0	0.0	0.4642857142857143	0.5238095238095238	0.3333333333333333	0.5	0.0	1.0	1.0	0.0	0.0	0.0	0.39520958083832336	0.4	0.08	0.2	0.0	0.0	0.0	0.0	1.0	1.0	1.0	0.0	0.0	0.0	0.0	0.0	0.0	1.0	0.0	0.0	1.0	0.0	0.0	0.0
S1-562201661	S3-413535306	0	train	1.0	1.0	0.8620689655172413	1.0	1.0	1.0	1.0	1.0	1.0	0.0	0.0	0.0	0.2247191011235955	0.19718309859154926	0.0	0.0	0.0	0.0	0.0	0.0	1.0	1.0	1.0	0.0	0.0	0.0	0.0	0.0	0.0	1.0	1.0	0.0	0.0	0.0	0.0	0.0
S1-562201661	S3-429516592	0	train	0.0	0.0	0.4363636363636364	0.4878048780487805	0.3333333333333333	0.5	0.0	1.0	1.0	0.0	0.0	0.0	0.359375	0.3584905660377359	0.05555555555555555	0.1111111111111111	0.0	0.0	0.0	0.0	1.0	1.0	1.0	0.0	0.0	0.0	0.0	0.0	0.0	1.0	0.0	0.0	1.0	0.0	0.0	0.0
S1-562201661	S3-438705109	0	train	0.0	1.0	0.7241379310344827	0.8636363636363636	1.0	1.0	1.0	1.0	1.0	0.0	0.0	0.0	0.29357798165137616	0.2727272727272727	0.0	0.0	0.0	0.0	0.0	0.0	1.0	1.0	1.0	0.0	0.0	0.0	0.0	0.0	0.0	1.0	1.0	0.0	0.0	0.0	0.0	0.0
S1-562201661	S3-477643543	0	train	0.0	0.0	0.509090909090909	0.5365853658536586	0.3333333333333333	0.5	0.0	1.0	1.0	0.0	0.0	0.0	0.5507246376811594	0.543859649122807	0.25	0.4	0.0	0.0	0.0	0.0	1.0	1.0	1.0	0.0	0.0	0.0	0.0	0.0	0.0	1.0	0.0	0.0	1.0	0.0	0.0	0.0
S1-562201661	S3-559674549	0	train	1.0	1.0	0.8620689655172413	1.0	1.0	1.0	1.0	1.0	1.0	0.0	0.0	0.0	0.2828282828282829	0.22784810126582278	0.0	0.0	0.0	0.0	0.0	0.0	1.0	1.0	1.0	0.0	0.0	0.0	0.0	0.0	0.0	1.0	1.0	0.0	0.0	0.0	0.0	0.0
S1-562201661	S3-628890904	0	train	0.0	0.0	0.38888888888888884	0.32727272727272727	0.2222222222222222	0.5	0.0	1.0	1.0	0.0	0.0	0.0	0.4375	0.4339622641509434	0.05555555555555555	0.1111111111111111	0.0	0.0	0.0	0.0	1.0	1.0	1.0	0.0	0.0	0.0	0.0	0.0	0.0	1.0	0.0	0.0	1.0	0.0	0.0	0.0
S1-562201661	S3-708014574	0	train	0.0	0.0	0.4489795918367348	0.34285714285714286	0.3333333333333333	0.5	0.0	1.0	1.0	0.0	0.0	0.0	0.4305555555555556	0.42622950819672134	0.2	0.375	0.0	0.0	0.0	0.0	1.0	1.0	1.0	0.0	0.0	0.0	0.0	0.0	0.0	1.0	0.0	0.0	1.0	0.0	0.0	0.0
S1-562201661	S3-720669161	0	train	0.0	0.0	0.4838709677419355	0.5106382978723405	0.2857142857142857	0.5	0.0	1.0	1.0	0.0	0.0	0.0	0.4444444444444444	0.4782608695652174	0.07142857142857142	0.2	0.0	0.0	0.0	0.0	1.0	1.0	1.0	0.0	0.0	0.0	0.0	0.0	0.0	1.0	0.0	0.0	1.0	0.0	0.0	0.0
S1-562201661	S3-752374390	0	train	0.0	1.0	0.7241379310344827	0.8636363636363636	1.0	1.0	1.0	1.0	1.0	0.0	0.0	0.0	0.36111111111111116	0.3448275862068966	0.0	0.0	0.0	0.0	0.0	0.0	1.0	1.0	1.0	0.0	0.0	0.0	0.0	0.0	0.0	1.0	1.0	0.0	0.0	0.0	0.0	0.0
S1-562201661	S3-814740965	0	train	0.0	0.0	0.4242424242424242	0.43137254901960786	0.2857142857142857	0.5	0.0	1.0	1.0	0.0	0.0	0.0	0.4204545454545454	0.4105960264900662	0.05	0.1	0.0	0.0	0.0	0.0	1.0	1.0	1.0	0.0	0.0	0.0	0.0	0.0	0.0	1.0	0.0	0.0	1.0	0.0	0.0	0.0
S1-562201661	S3-950643928	0	train	1.0	1.0	0.8620689655172413	1.0	1.0	1.0	1.0	1.0	1.0	0.0	0.0	0.0	0.28828828828828834	0.2666666666666667	0.0	0.0	0.0	0.0	0.0	0.0	1.0	1.0	1.0	0.0	0.0	0.0	0.0	0.0	0.0	1.0	1.0	0.0	0.0	0.0	0.0	0.0
S1-562201661	S3-98586769	0	train	0.0	0.0	0.44067796610169496	0.5	0.2857142857142857	0.5	0.0	1.0	1.0	0.0	0.0	0.0	0.3709677419354838	0.36	0.05	0.1	0.0	0.0	0.0	0.0	1.0	1.0	1.0	0.0	0.0	0.0	0.0	0.0	0.0	1.0	0.0	0.0	1.0	0.0	0.0	0.0
S1-581796204	S2-363119542	0	train	0.0	0.0	0.46808510638297873	0.4117647058823529	0.16666666666666666	0.3333333333333333	0.25	0.0	1.0	0.0	0.0	0.0	0.2571428571428571	0.1785714285714286	0.0	0.0	0.0	0.0	0.0	0.0	1.0	1.0	0.0	0.0	0.0	0.0	0.0	0.0	0.0	1.0	0.0	1.0	0.0	0.0	0.0	0.0
S1-581796204	S2-389471115	0	train	0.0	0.0	0.2666666666666667	0.25	0.16666666666666666	0.3333333333333333	0.25	0.0	1.0	0.0	0.0	0.0	0.3414634146341463	0.32835820895522383	0.0	0.0	0.0	0.0	0.0	0.0	1.0	1.0	0.0	0.0	0.0	0.0	0.0	0.0	0.0	1.0	0.0	1.0	0.0	0.0	0.0	0.0
S1-581796204	S2-452058698	0	train	0.0	0.0	0.36363636363636365	0.32258064516129037	0.16666666666666666	0.3333333333333333	0.25	0.0	1.0	0.0	0.0	0.0	0.29333333333333333	0.2622950819672131	0.0	0.0	0.0	0.0	0.0	0.0	1.0	1.0	0.0	0.0	0.0	0.0	0.0	0.0	0.0	1.0	0.0	1.0	0.0	0.0	0.0	0.0
S1-581796204	S2-65541725	0	train	0.0	0.0	0.43999999999999995	0.38888888888888884	0.14285714285714285	0.25	0.2	0.0	1.0	0.0	0.0	0.0	0.3846153846153846	0.38095238095238093	0.0	0.0	0.0	0.0	0.0	0.0	1.0	1.0	0.0	0.0	0.0	0.0	0.0	0.0	0.0	1.0	0.0	1.0	0.0	0.0	0.0	0.0
S1-581796204	S2-659388516	0	train	0.0	0.0	0.32432432432432434	0.4	0.2	0.5	0.3333333333333333	0.0	1.0	0.0	0.0	0.0	0.0	0.0	0.0	0.0	0.0	0.0	0.0	0.0	0.0	1.0	0.0	0.0	0.0	0.0	1.0	0.0	0.0	1.0	0.0	1.0	0.0	0.0	0.0	0.0
S1-581796204	S2-683198833	0	train	0.0	0.0	0.36363636363636365	0.32258064516129037	0.0	0.0	0.0	0.0	1.0	0.0	0.0	0.0	0.6818181818181819	0.6944444444444444	0.2727272727272727	0.42857142857142855	0.0	0.0	0.0	0.0	1.0	1.0	1.0	0.0	0.0	0.0	0.0	0.0	0.0	1.0	0.0	0.0	1.0	0.0	0.0	0.0
S1-581796204	S2-722741904	0	train	0.0	0.0	0.4	0.25	0.0	0.0	0.0	0.0	1.0	0.0	0.0	0.0	0.607843137254902	0.6265060240963856	0.21428571428571427	0.42857142857142855	0.0	0.0	0.0	0.0	1.0	1.0	1.0	0.0	0.0	0.0	0.0	0.0	0.0	1.0	0.0	0.0	1.0	0.0	0.0	0.0
S1-581796204	S2-830893425	0	train	0.0	0.0	0.3921568627450981	0.3783783783783784	0.0	0.0	0.0	0.0	1.0	0.0	0.0	0.0	0.6464646464646464	0.6341463414634146	0.25	0.42857142857142855	0.0	0.0	0.0	0.0	1.0	1.0	1.0	0.0	0.0	0.0	0.0	0.0	0.0	1.0	0.0	0.0	1.0	0.0	0.0	0.0
S1-581796204	S3-174803582	0	train	0.0	0.0	0.5	0.5882352941176471	0.6	0.75	0.3333333333333333	1.0	1.0	0.0	0.0	0.0	0.0	0.0	0.0	0.0	0.0	0.0	0.0	0.0	0.0	1.0	1.0	0.0	0.0	0.0	1.0	0.0	0.0	1.0	0.0	1.0	0.0	0.0	0.0	0.0
S1-581796204	S3-210520913	0	train	0.0	0.0	0.09836065573770492	0.0	0.0	0.0	0.0	0.0	0.0	0.0	0.0	0.0	0.41509433962264153	0.38636363636363635	0.06666666666666667	0.14285714285714285	0.0	0.0	0.0	0.0	1.0	1.0	1.0	0.0	0.0	0.0	0.0	0.0	0.0	1.0	0.0	0.0	1.0	0.0	0.0	0.0
S1-581796204	S3-216265235	0	train	0.0	0.0	0.3728813559322034	0.3555555555555555	0.14285714285714285	0.25	0.25	0.0	1.0	0.0	0.0	0.0	0.273972602739726	0.2666666666666667	0.0	0.0	0.0	0.0	0.0	0.0	1.0	1.0	0.0	0.0	0.0	0.0	0.0	0.0	0.0	1.0	0.0	1.0	0.0	0.0	0.0	0.0
S1-581796204	S3-222592859	0	train	0.0	0.0	0.3555555555555555	0.4375	0.4	0.6666666666666666	0.3333333333333333	0.5	1.0	0.0	0.0	0.0	0.3661971830985915	0.3157894736842105	0.0	0.0	0.0	0.0	0.0	0.0	1.0	1.0	0.0	0.0	0.0	0.0	0.0	0.0	0.0	1.0	0.0	1.0	0.0	0.0	0.0	0.0
S1-581796204	S3-239729390	0	train	0.0	0.0	0.3928571428571429	0.38095238095238093	0.14285714285714285	0.25	0.2	0.0	1.0	0.0	0.0	0.0	0.31818181818181823	0.3287671232876712	0.0	0.0	0.0	0.0	0.0	0.0	1.0	1.0	0.0	0.0	0.0	0.0	0.0	0.0	0.0	1.0	0.0	1.0	0.0	0.0	0.0	0.0
S1-581796204	S3-260556321	0	train	0.0	0.0	0.36734693877551017	0.34285714285714286	0.14285714285714285	0.25	0.0	0.5	1.0	0.0	0.0	0.0	0.4242424242424242	0.45283018867924535	0.1	0.25	0.0	0.0	0.0	0.0	1.0	1.0	1.0	0.0	0.0	0.0	0.0	0.0	0.0	1.0	0.0	0.0	1.0	0.0	0.0	0.0
S1-581796204	S3-279116460	0	train	0.0	0.0	0.5797101449275363	0.5185185185185186	0.2857142857142857	0.5	0.2	0.5	1.0	0.0	0.0	0.0	0.4554455445544554	0.4285714285714286	0.07142857142857142	0.14285714285714285	0.0	0.0	0.0	0.0	1.0	1.0	1.0	0.0	0.0	0.0	0.0	0.0	0.0	1.0	0.0	0.0	1.0	0.0	0.0	0.0
S1-581796204	S3-337832059	0	train	0.0	0.0	0.4363636363636364	0.4285714285714286	0.16666666666666666	0.3333333333333333	0.0	0.5	1.0	0.0	0.0	0.0	0.3950617283950617	0.40625	0.07142857142857142	0.14285714285714285	0.0	0.0	0.0	0.0	1.0	1.0	1.0	0.0	0.0	0.0	0.0	0.0	0.0	1.0	0.0	0.0	1.0	0.0	0.0	0.0
S1-581796204	S3-391854921	0	train	0.0	0.0	0.3111111111111111	0.3125	0.16666666666666666	0.3333333333333333	0.3333333333333333	0.0	1.0	0.0	0.0	0.0	0.30000000000000004	0.27692307692307694	0.0	0.0	0.0	0.0	0.0	0.0	1.0	1.0	0.0	0.0	0.0	0.0	0.0	0.0	0.0	1.0	0.0	1.0	0.0	0.0	0.0	0.0
S1-581796204	S3-429099435	0	train	0.0	0.0	0.30000000000000004	0.3703703703703704	0.16666666666666666	0.3333333333333333	0.3333333333333333	0.0	1.0	0.0	0.0	0.0	0.3855421686746988	0.3768115942028986	0.0	0.0	0.0	0.0	0.0	0.0	1.0	1.0	0.0	0.0	0.0	0.0	0.0	0.0	0.0	1.0	0.0	1.0	0.0	0.0	0.0	0.0
S1-581796204	S3-451846012	0	train	0.0	0.0	0.3137254901960784	0.26315789473684215	0.16666666666666666	0.3333333333333333	0.25	0.0	1.0	0.0	0.0	0.0	0.3380281690140845	0.31034482758620685	0.0	0.0	0.0	0.0	0.0	0.0	1.0	1.0	0.0	0.0	0.0	0.0	0.0	0.0	0.0	1.0	0.0	1.0	0.0	0.0	0.0	0.0
S1-581796204	S3-527653848	0	train	0.0	0.0	0.32558139534883723	0.25806451612903225	0.2	0.5	0.3333333333333333	0.0	1.0	0.0	0.0	0.0	0.3055555555555556	0.24137931034482762	0.0	0.0	0.0	0.0	0.0	0.0	1.0	1.0	0.0	0.0	0.0	0.0	0.0	0.0	0.0	1.0	0.0	1.0	0.0	0.0	0.0	0.0
S1-581796204	S3-565518828	0	train	0.0	0.0	0.48	0.5	0.3333333333333333	0.5	0.25	0.5	1.0	0.0	0.0	0.0	0.2716049382716049	0.24242424242424243	0.0	0.0	0.0	0.0	0.0	0.0	1.0	1.0	0.0	0.0	0.0	0.0	0.0	0.0	0.0	1.0	0.0	1.0	0.0	0.0	0.0	0.0
S1-581796204	S3-617998594	0	train	0.0	0.0	0.37735849056603776	0.41025641025641024	0.3333333333333333	0.5	0.0	1.0	1.0	0.0	0.0	0.0	0.4554455445544554	0.4390243902439024	0.13333333333333333	0.2857142857142857	0.0	0.0	0.0	0.0	1.0	1.0	1.0	0.0	0.0	0.0	0.0	0.0	0.0	1.0	0.0	0.0	1.0	0.0	0.0	0.0
S1-581796204	S3-682880268	0	train	0.0	0.0	0.34782608695652173	0.303030303030303	0.16666666666666666	0.3333333333333333	0.25	0.0	1.0	0.0	0.0	0.0	0.36144578313253023	0.32835820895522383	0.0	0.0	0.0	0.0	0.0	0.0	1.0	1.0	0.0	0.0	0.0	0.0	0.0	0.0	0.0	1.0	0.0	1.0	0.0	0.0	0.0	0.0
S1-581796204	S3-784161080	0	train	0.0	0.0	0.4776119402985075	0.52	0.375	0.75	0.16666666666666666	1.0	1.0	0.0	0.0	0.0	0.3902439024390244	0.38383838383838387	0.0	0.0	0.0	0.0	0.0	0.0	1.0	1.0	1.0	0.0	0.0	0.0	0.0	0.0	0.0	1.0	0.0	1.0	0.0	0.0	0.0	0.0
S1-581796204	S3-844246047	0	train	0.0	0.0	0.3548387096774194	0.2978723404255319	0.0	0.0	0.0	0.0	1.0	0.0	0.0	0.0	0.49350649350649356	0.4838709677419355	0.08333333333333333	0.16666666666666666	0.0	0.0	0.0	0.0	1.0	1.0	1.0	0.0	0.0	0.0	0.0	0.0	0.0	1.0	0.0	0.0	1.0	0.0	0.0	0.0
S1-581796204	S3-861167963	0	train	0.0	0.0	0.2272727272727273	0.1875	0.0	0.0	0.0	0.0	1.0	0.0	0.0	0.0	0.3902439024390244	0.33333333333333337	0.07692307692307693	0.14285714285714285	0.0	0.0	0.0	0.0	0.0	1.0	1.0	0.0	0.0	0.0	0.0	0.0	0.0	1.0	0.0	0.0	1.0	0.0	0.0	0.0
S1-581796204	S3-871860297	0	train	0.0	0.0	0.23255813953488372	0.2666666666666667	0.16666666666666666	0.3333333333333333	0.3333333333333333	0.0	1.0	0.0	0.0	0.0	0.35	0.33333333333333337	0.0	0.0	0.0	0.0	0.0	0.0	1.0	1.0	0.0	0.0	0.0	0.0	0.0	0.0	0.0	1.0	0.0	1.0	0.0	0.0	0.0	0.0
S1-581796204	S3-899222835	0	train	0.0	0.0	0.43137254901960786	0.4324324324324324	0.3333333333333333	0.5	0.0	1.0	1.0	0.0	0.0	0.0	0.31506849315068497	0.2833333333333333	0.09090909090909091	0.2857142857142857	0.0	0.0	0.0	0.0	0.0	1.0	1.0	0.0	0.0	0.0	0.0	0.0	0.0	1.0	0.0	0.0	1.0	0.0	0.0	0.0
S1-581796204	S3-962828124	0	train	0.0	0.0	0.43478260869565216	0.4242424242424242	0.16666666666666666	0.3333333333333333	0.3333333333333333	0.0	1.0	0.0	0.0	0.0	0.31818181818181823	0.3013698630136986	0.0	0.0	0.0	0.0	0.0	0.0	1.0	1.0	0.0	0.0	0.0	0.0	0.0	0.0	0.0	1.0	0.0	1.0	0.0	0.0	0.0	0.0
S1-581796204	S3-986933797	0	train	0.0	0.0	0.2857142857142857	0.2857142857142857	0.14285714285714285	0.25	0.0	0.5	1.0	0.0	0.0	0.0	0.39130434782608686	0.3513513513513513	0.06666666666666667	0.14285714285714285	0.0	0.0	0.0	0.0	0.0	1.0	1.0	0.0	0.0	0.0	0.0	0.0	0.0	1.0	0.0	0.0	1.0	0.0	0.0	0.0
S1-58460636	S2-311157365	1	train	0.0	0.0	0.6666666666666667	0.7692307692307692	0.0	0.0	0.0	0.0	1.0	0.0	0.0	0.0	0.8867924528301887	0.9318181818181819	0.8571428571428571	1.0	0.0	1.0	1.0	1.0	1.0	1.0	1.0	0.0	0.0	0.0	0.0	0.0	0.0	1.0	0.0	0.0	1.0	0.0	0.0	0.0
S1-58460636	S2-526196383	1	train	0.0	0.0	0.7692307692307692	0.923076923076923	0.75	1.0	1.0	0.5	1.0	0.0	0.0	0.0	0.6857142857142857	0.7045454545454546	0.5	0.8	0.0	1.0	1.0	1.0	0.0	1.0	1.0	0.0	0.0	0.0	0.0	0.0	0.0	2.0	0.0	1.0	1.0	0.0	0.0	0.0
S1-58460636	S2-263378761	0	train	0.0	0.0	0.4545454545454546	0.5625	0.2	0.5	0.5	0.0	1.0	0.0	0.0	0.0	0.32258064516129037	0.3116883116883117	0.0	0.0	0.0	0.0	0.0	0.0	1.0	1.0	0.0	0.0	0.0	0.0	0.0	0.0	0.0	1.0	0.0	1.0	0.0	0.0	0.0	0.0
S1-58460636	S2-269650074	0	train	0.0	0.0	0.5079365079365079	0.5833333333333333	0.2857142857142857	0.5	0.0	0.6666666666666666	1.0	0.0	0.0	0.0	0.6949152542372881	0.736842105263158	0.38461538461538464	0.7142857142857143	0.0	0.0	0.0	0.0	1.0	1.0	1.0	0.0	0.0	0.0	0.0	0.0	0.0	1.0	0.0	0.0	1.0	0.0	0.0	0.0
S1-58460636	S2-307931838	0	train	0.0	0.0	0.5714285714285714	0.6666666666666667	0.16666666666666666	0.3333333333333333	0.3333333333333333	0.0	1.0	0.0	0.0	0.0	0.34090909090909094	0.3055555555555556	0.0	0.0	0.0	0.0	0.0	0.0	1.0	1.0	0.0	0.0	0.0	0.0	0.0	0.0	0.0	1.0	0.0	1.0	0.0	0.0	0.0	0.0
S1-58460636	S2-317812309	0	train	0.0	0.0	0.45833333333333337	0.4705882352941176	0.3333333333333333	0.5	0.0	1.0	1.0	0.0	0.0	0.0	0.5	0.4854368932038835	0.21428571428571427	0.42857142857142855	0.0	0.0	0.0	0.0	1.0	1.0	1.0	0.0	0.0	0.0	0.0	0.0	0.0	1.0	0.0	0.0	1.0	0.0	0.0	0.0
S1-58460636	S2-45827723	0	train	0.0	0.0	0.08823529411764708	0.0	0.0	0.0	0.0	0.0	0.0	0.0	0.0	0.0	0.5483870967741935	0.5686274509803921	0.2	0.42857142857142855	0.0	0.0	0.0	0.0	0.0	1.0	1.0	0.0	0.0	0.0	0.0	0.0	0.0	1.0	0.0	0.0	1.0	0.0	0.0	0.0
S1-58460636	S2-494963296	0	train	0.0	0.0	0.4545454545454546	0.5	0.2	0.5	0.5	0.0	1.0	0.0	0.0	0.0	0.3414634146341463	0.32835820895522383	0.0	0.0	0.0	0.0	0.0	0.0	1.0	1.0	0.0	0.0	0.0	0.0	0.0	0.0	0.0	1.0	0.0	1.0	0.0	0.0	0.0	0.0
S1-58460636	S2-500385940	0	train	0.0	0.0	0.48	0.4864864864864865	0.16666666666666666	0.3333333333333333	0.3333333333333333	0.0	1.0	0.0	0.0	0.0	0.3023255813953488	0.28985507246376807	0.0	0.0	0.0	0.0	0.0	0.0	1.0	1.0	0.0	0.0	0.0	0.0	0.0	0.0	0.0	1.0	0.0	1.0	0.0	0.0	0.0	0.0
S1-58460636	S2-637968713	0	train	0.0	0.0	0.5084745762711864	0.5777777777777777	0.3333333333333333	0.5	0.0	1.0	1.0	0.0	0.0	0.0	0.7931034482758621	0.8333333333333335	0.5	0.7142857142857143	0.0	0.0	0.0	0.0	1.0	1.0	1.0	0.0	0.0	0.0	0.0	0.0	0.0	1.0	0.0	0.0	1.0	0.0	0.0	0.0
S1-58460636	S2-654795143	0	train	0.0	0.0	0.07547169811320753	0.0	0.0	0.0	0.0	0.0	0.0	0.0	0.0	0.0	0.5396825396825398	0.5576923076923077	0.2857142857142857	0.5714285714285714	0.0	0.0	0.0	0.0	1.0	1.0	1.0	0.0	0.0	0.0	0.0	0.0	0.0	1.0	0.0	0.0	1.0	0.0	0.0	0.0
S1-58460636	S2-700427445	0	train	0.0	0.0	0.4705882352941176	0.5789473684210527	0.16666666666666666	0.3333333333333333	0.0	0.5	1.0	0.0	0.0	0.0	0.6666666666666667	0.6956521739130435	0.38461538461538464	0.7142857142857143	0.0	0.0	0.0	0.0	1.0	1.0	1.0	0.0	0.0	0.0	0.0	0.0	0.0	1.0	0.0	0.0	1.0	0.0	0.0	0.0
S1-58460636	S2-710153229	0	train	0.0	0.0	0.3846153846153846	0.42105263157894735	0.3333333333333333	0.5	0.0	1.0	1.0	0.0	0.0	0.0	0.7346938775510203	0.7654320987654322	0.625	0.8333333333333334	0.0	0.0	0.0	0.0	1.0	1.0	1.0	0.0	0.0	0.0	0.0	0.0	0.0	1.0	0.0	0.0	1.0	0.0	0.0	0.0
S1-58460636	S2-719708404	0	train	0.0	0.0	0.08955223880597017	0.0	0.0	0.0	0.0	0.0	0.0	0.0	0.0	0.0	0.445859872611465	0.4427480916030534	0.15789473684210525	0.42857142857142855	0.0	0.0	0.0	0.0	0.0	1.0	1.0	0.0	0.0	0.0	0.0	0.0	0.0	1.0	0.0	0.0	1.0	0.0	0.0	0.0
S1-58460636	S2-805851600	0	train	0.0	0.0	0.4193548387096774	0.41666666666666663	0.0	0.0	0.0	0.0	1.0	0.0	0.0	0.0	0.5147058823529411	0.5357142857142857	0.1875	0.42857142857142855	0.0	0.0	0.0	0.0	0.0	1.0	1.0	0.0	0.0	0.0	0.0	0.0	0.0	1.0	0.0	0.0	1.0	0.0	0.0	0.0
S1-58460636	S2-811870437	0	train	0.0	0.0	0.375	0.34285714285714286	0.16666666666666666	0.3333333333333333	0.0	0.5	1.0	0.0	0.0	0.0	0.6412213740458015	0.6666666666666667	0.2857142857142857	0.5714285714285714	0.0	0.0	0.0	0.0	1.0	1.0	1.0	0.0	0.0	0.0	0.0	0.0	0.0	1.0	0.0	0.0	1.0	0.0	0.0	0.0
S1-58460636	S2-843904223	0	train	0.0	0.0	0.08955223880597017	0.0	0.0	0.0	0.0	0.0	0.0	0.0	0.0	0.0	0.6307692307692307	0.6542056074766356	0.26666666666666666	0.5714285714285714	0.0	0.0	0.0	0.0	1.0	1.0	1.0	0.0	0.0	0.0	0.0	0.0	0.0	1.0	0.0	0.0	1.0	0.0	0.0	0.0
S1-58460636	S2-928796183	0	train	0.0	0.0	0.4	0.5517241379310345	0.25	1.0	0.5	0.0	1.0	0.0	0.0	0.0	0.2666666666666667	0.273972602739726	0.0	0.0	0.0	0.0	0.0	0.0	1.0	1.0	0.0	0.0	0.0	0.0	0.0	0.0	0.0	1.0	0.0	1.0	0.0	0.0	0.0	0.0
S1-58460636	S2-96034058	0	train	0.0	0.0	0.45283018867924535	0.4615384615384615	0.3333333333333333	0.5	0.0	1.0	1.0	0.0	0.0	0.0	0.4897959183673469	0.5210084033613445	0.15789473684210525	0.42857142857142855	0.0	0.0	0.0	0.0	0.0	1.0	1.0	0.0	0.0	0.0	0.0	0.0	0.0	1.0	0.0	0.0	1.0	0.0	0.0	0.0
S1-58460636	S2-973998362	0	train	0.0	0.0	0.5	0.5405405405405406	0.2857142857142857	0.5	0.0	1.0	1.0	0.0	0.0	0.0	0.6611570247933884	0.6938775510204082	0.26666666666666666	0.5714285714285714	0.0	0.0	0.0	0.0	1.0	1.0	1.0	0.0	0.0	0.0	0.0	0.0	0.0	1.0	0.0	0.0	1.0	0.0	0.0	0.0
S1-58460636	S3-208609920	0	train	0.0	0.0	0.5	0.6111111111111112	0.2	0.5	0.3333333333333333	0.0	1.0	0.0	0.0	0.0	0.36170212765957444	0.33766233766233766	0.0	0.0	0.0	0.0	0.0	0.0	1.0	1.0	0.0	0.0	0.0	0.0	0.0	0.0	0.0	1.0	0.0	1.0	0.0	0.0	0.0	0.0
S1-58460636	S3-285488831	0	train	0.0	0.0	0.4782608695652174	0.5882352941176471	0.2	0.5	0.3333333333333333	0.0	1.0	0.0	0.0	0.0	0.3695652173913043	0.3733333333333333	0.0	0.0	0.0	0.0	0.0	0.0	1.0	1.0	0.0	0.0	0.0	0.0	0.0	0.0	0.0	1.0	0.0	1.0	0.0	0.0	0.0	0.0
S1-58460636	S3-30282907	0	train	0.0	0.0	0.3076923076923077	0.3076923076923077	0.0	0.0	0.0	0.0	1.0	0.0	0.0	0.0	0.7543859649122807	0.7872340425531915	0.36363636363636365	0.5714285714285714	0.0	0.0	0.0	0.0	1.0	1.0	1.0	0.0	0.0	0.0	0.0	0.0	0.0	1.0	0.0	0.0	1.0	0.0	0.0	0.0
S1-58460636	S3-306855466	0	train	0.0	0.0	0.5507246376811594	0.6037735849056604	0.42857142857142855	0.75	0.2	1.0	1.0	0.0	0.0	0.0	0.31746031746031744	0.3366336633663366	0.0	0.0	0.0	0.0	0.0	0.0	1.0	1.0	1.0	0.0	0.0	0.0	0.0	0.0	0.0	1.0	0.0	1.0	0.0	0.0	0.0	0.0
S1-58460636	S3-3159420	0	train	0.0	0.0	0.4117647058823529	0.42307692307692313	0.25	0.5	0.0	1.0	1.0	0.0	0.0	0.0	0.6140350877192983	0.6105263157894737	0.36363636363636365	0.5714285714285714	0.0	0.0	0.0	0.0	0.0	1.0	1.0	0.0	0.0	0.0	0.0	0.0	0.0	1.0	0.0	0.0	1.0	0.0	0.0	0.0
S1-58460636	S3-376584103	0	train	0.0	0.0	0.3111111111111111	0.303030303030303	0.0	0.0	0.0	0.0	1.0	0.0	0.0	0.0	0.41860465116279066	0.4444444444444444	0.13333333333333333	0.2857142857142857	0.0	0.0	0.0	0.0	1.0	1.0	1.0	0.0	0.0	0.0	0.0	0.0	0.0	1.0	0.0	0.0	1.0	0.0	0.0	0.0
S1-58460636	S3-451040555	0	train	0.0	0.0	0.5416666666666667	0.5882352941176471	0.3333333333333333	0.5	0.0	1.0	1.0	0.0	0.0	0.0	0.44067796610169496	0.4375	0.125	0.2857142857142857	0.0	0.0	0.0	0.0	1.0	1.0	1.0	0.0	0.0	0.0	0.0	0.0	0.0	1.0	0.0	0.0	1.0	0.0	0.0	0.0
S1-58460636	S3-502618127	0	train	0.0	0.0	0.23809523809523814	0.25806451612903225	0.0	0.0	0.0	0.0	1.0	0.0	0.0	0.0	0.47482014388489213	0.4869565217391304	0.1875	0.42857142857142855	0.0	0.0	0.0	0.0	1.0	1.0	1.0	0.0	0.0	0.0	0.0	0.0	0.0	1.0	0.0	0.0	1.0	0.0	0.0	0.0
S1-58460636	S3-601709739	0	train	0.0	0.0	0.5714285714285714	0.6666666666666667	0.16666666666666666	0.3333333333333333	0.25	0.0	1.0	0.0	0.0	0.0	0.38383838383838387	0.3703703703703704	0.0	0.0	0.0	0.0	0.0	0.0	1.0	1.0	0.0	0.0	0.0	0.0	0.0	0.0	0.0	1.0	0.0	1.0	0.0	0.0	0.0	0.0
S1-58460636	S3-651237278	0	train	0.0	0.0	0.36363636363636365	0.5	0.2	0.5	0.5	0.0	1.0	0.0	0.0	0.0	0.303030303030303	0.2682926829268293	0.0	0.0	0.0	0.0	0.0	0.0	1.0	1.0	0.0	0.0	0.0	0.0	0.0	0.0	0.0	1.0	0.0	1.0	0.0	0.0	0.0	0.0
S1-58460636	S3-658342366	0	train	0.0	0.0	0.5384615384615384	0.5641025641025641	0.16666666666666666	0.3333333333333333	0.3333333333333333	0.0	1.0	0.0	0.0	0.0	0.3516483516483516	0.3013698630136986	0.0	0.0	0.0	0.0	0.0	0.0	1.0	1.0	0.0	0.0	0.0	0.0	0.0	0.0	0.0	1.0	0.0	1.0	0.0	0.0	0.0	0.0
S1-58460636	S3-896841750	0	train	0.0	0.0	0.49230769230769234	0.3921568627450981	0.14285714285714285	0.25	0.0	0.5	1.0	0.0	0.0	0.0	0.368	0.3653846153846154	0.0625	0.14285714285714285	0.0	0.0	0.0	0.0	0.0	1.0	1.0	0.0	0.0	0.0	0.0	0.0	0.0	1.0	0.0	0.0	1.0	0.0	0.0	0.0
S1-597891065	S2-122418049	0	validation	0.0	0.0	0.5714285714285714	0.5882352941176471	0.16666666666666666	0.3333333333333333	0.2	0.0	1.0	0.0	0.0	0.0	0.31999999999999995	0.32727272727272727	0.0	0.0	0.0	0.0	0.0	0.0	1.0	1.0	1.0	0.0	0.0	0.0	0.0	0.0	0.0	1.0	0.0	1.0	0.0	0.0	0.0	0.0
S1-597891065	S2-184207788	0	validation	0.0	0.0	0.6333333333333333	0.6296296296296297	0.3333333333333333	0.5	0.2	1.0	1.0	0.0	0.0	0.0	0.32432432432432434	0.25	0.0	0.0	0.0	0.0	0.0	0.0	1.0	1.0	1.0	0.0	0.0	0.0	0.0	0.0	0.0	1.0	0.0	1.0	0.0	0.0	0.0	0.0
S1-597891065	S2-208099111	0	validation	0.0	0.0	0.6122448979591837	0.6222222222222222	0.2	0.5	0.25	0.0	1.0	0.0	0.0	0.0	0.41025641025641024	0.36065573770491793	0.0	0.0	0.0	0.0	0.0	0.0	1.0	1.0	1.0	0.0	0.0	0.0	0.0	0.0	0.0	1.0	0.0	1.0	0.0	0.0	0.0	0.0
S1-597891065	S2-208583789	0	validation	0.0	0.0	0.42666666666666664	0.4242424242424242	0.1	0.25	0.125	0.0	1.0	0.0	0.0	0.0	0.24137931034482762	0.23809523809523814	0.0	0.0	0.0	0.0	0.0	0.0	1.0	1.0	1.0	0.0	0.0	0.0	0.0	0.0	0.0	1.0	0.0	1.0	0.0	0.0	0.0	0.0
S1-597891065	S2-214552099	0	validation	0.0	0.0	0.5084745762711864	0.4814814814814815	0.16666666666666666	0.3333333333333333	0.2	0.0	1.0	0.0	0.0	0.0	0.3076923076923077	0.25	0.0	0.0	0.0	0.0	0.0	0.0	1.0	1.0	1.0	0.0	0.0	0.0	0.0	0.0	0.0	1.0	0.0	1.0	0.0	0.0	0.0	0.0
S1-597891065	S2-41567984	0	validation	0.0	0.0	0.6071428571428572	0.56	0.14285714285714285	0.25	0.2	0.0	1.0	0.0	0.0	0.0	0.37142857142857144	0.3076923076923077	0.0	0.0	0.0	0.0	0.0	0.0	1.0	1.0	1.0	0.0	0.0	0.0	0.0	0.0	0.0	1.0	0.0	1.0	0.0	0.0	0.0	0.0
S1-597891065	S2-555459135	0	validation	0.0	0.0	0.5660377358490566	0.5531914893617021	0.14285714285714285	0.25	0.16666666666666666	0.0	1.0	0.0	0.0	0.0	0.23684210526315785	0.1724137931034483	0.0	0.0	0.0	0.0	0.0	0.0	1.0	1.0	1.0	0.0	0.0	0.0	0.0	0.0	0.0	1.0	0.0	1.0	0.0	0.0	0.0	0.0
S1-597891065	S2-585295476	0	validation	0.0	0.0	0.5333333333333333	0.5365853658536586	0.2	0.5	0.25	0.0	1.0	0.0	0.0	0.0	0.28985507246376807	0.3076923076923077	0.09090909090909091	0.2	0.0	0.0	0.0	0.0	1.0	1.0	1.0	0.0	0.0	0.0	0.0	0.0	0.0	1.0	0.0	1.0	0.0	0.0	0.0	0.0
S1-597891065	S2-700635083	0	validation	0.0	0.0	0.5373134328358209	0.5333333333333333	0.125	0.25	0.16666666666666666	0.0	1.0	0.0	0.0	0.0	0.34285714285714286	0.339622641509434	0.09090909090909091	0.2	0.0	0.0	0.0	0.0	1.0	1.0	1.0	0.0	0.0	0.0	0.0	0.0	0.0	1.0	0.0	1.0	0.0	0.0	0.0	0.0
S1-597891065	S2-763800560	0	validation	0.0	0.0	0.45614035087719296	0.4615384615384615	0.16666666666666666	0.3333333333333333	0.2	0.0	1.0	0.0	0.0	0.0	0.28125	0.25531914893617025	0.0	0.0	0.0	0.0	0.0	0.0	1.0	1.0	1.0	0.0	0.0	0.0	0.0	0.0	0.0	1.0	0.0	1.0	0.0	0.0	0.0	0.0
S1-597891065	S2-885174936	0	validation	0.0	0.0	0.5666666666666667	0.5555555555555556	0.14285714285714285	0.25	0.2	0.0	1.0	0.0	0.0	0.0	0.273972602739726	0.25	0.0	0.0	0.0	0.0	0.0	0.0	1.0	1.0	1.0	0.0	0.0	0.0	0.0	0.0	0.0	1.0	0.0	1.0	0.0	0.0	0.0	0.0
S1-597891065	S2-889647326	0	validation	0.0	0.0	0.5357142857142857	0.52	0.14285714285714285	0.25	0.2	0.0	1.0	0.0	0.0	0.0	0.25	0.17391304347826086	0.0	0.0	0.0	0.0	0.0	0.0	1.0	1.0	1.0	0.0	0.0	0.0	0.0	0.0	0.0	1.0	0.0	1.0	0.0	0.0	0.0	0.0
S1-597891065	S3-154647667	0	validation	0.0	0.0	0.5714285714285714	0.5454545454545454	0.16666666666666666	0.3333333333333333	0.25	0.0	1.0	0.0	0.0	0.0	0.31818181818181823	0.28985507246376807	0.07692307692307693	0.14285714285714285	0.0	0.0	0.0	0.0	1.0	1.0	1.0	0.0	0.0	0.0	0.0	0.0	0.0	1.0	0.0	1.0	0.0	0.0	0.0	0.0
S1-597891065	S3-24101200	0	validation	0.0	0.0	0.64	0.6222222222222222	0.4	0.6666666666666666	0.25	1.0	1.0	0.0	0.0	0.0	0.3157894736842105	0.3728813559322034	0.0	0.0	0.0	0.0	0.0	0.0	1.0	1.0	1.0	0.0	0.0	0.0	0.0	0.0	0.0	1.0	0.0	1.0	0.0	0.0	0.0	0.0
S1-597891065	S3-354817802	0	validation	0.0	0.0	0.5882352941176471	0.5652173913043479	0.16666666666666666	0.3333333333333333	0.2	0.0	1.0	0.0	0.0	0.0	0.36363636363636365	0.29850746268656714	0.0	0.0	0.0	0.0	0.0	0.0	1.0	1.0	1.0	0.0	0.0	0.0	0.0	0.0	0.0	1.0	0.0	1.0	0.0	0.0	0.0	0.0
S1-597891065	S3-411241782	0	validation	0.0	0.0	0.5769230769230769	0.5531914893617021	0.16666666666666666	0.3333333333333333	0.25	0.0	1.0	0.0	0.0	0.0	0.3373493975903614	0.25396825396825395	0.0	0.0	0.0	0.0	0.0	0.0	1.0	1.0	1.0	0.0	0.0	0.0	0.0	0.0	0.0	1.0	0.0	1.0	0.0	0.0	0.0	0.0
S1-597891065	S3-504412773	0	validation	0.0	0.0	0.4897959183673469	0.48888888888888893	0.2	0.5	0.25	0.0	1.0	0.0	0.0	0.0	0.3544303797468354	0.3278688524590164	0.0	0.0	0.0	0.0	0.0	0.0	1.0	1.0	1.0	0.0	0.0	0.0	0.0	0.0	0.0	1.0	0.0	1.0	0.0	0.0	0.0	0.0
S1-597891065	S3-534130814	0	validation	0.0	0.0	0.6296296296296297	0.6122448979591837	0.16666666666666666	0.3333333333333333	0.25	0.0	1.0	0.0	0.0	0.0	0.3896103896103897	0.33898305084745756	0.0	0.0	0.0	0.0	0.0	0.0	1.0	1.0	1.0	0.0	0.0	0.0	0.0	0.0	0.0	1.0	0.0	1.0	0.0	0.0	0.0	0.0
S1-597891065	S3-536399421	0	validation	0.0	0.0	0.5079365079365079	0.5263157894736843	0.14285714285714285	0.25	0.16666666666666666	0.0	1.0	0.0	0.0	0.0	0.3098591549295775	0.33333333333333337	0.0	0.0	0.0	0.0	0.0	0.0	1.0	1.0	1.0	0.0	0.0	0.0	0.0	0.0	0.0	1.0	0.0	1.0	0.0	0.0	0.0	0.0
S1-597891065	S3-537062283	0	validation	0.0	0.0	0.5614035087719298	0.5384615384615384	0.16666666666666666	0.3333333333333333	0.2	0.0	1.0	0.0	0.0	0.0	0.3733333333333333	0.3448275862068966	0.0	0.0	0.0	0.0	0.0	0.0	1.0	1.0	1.0	0.0	0.0	0.0	0.0	0.0	0.0	1.0	0.0	1.0	0.0	0.0	0.0	0.0
S1-597891065	S3-542919370	0	validation	0.0	0.0	0.42500000000000004	0.4285714285714286	0.09090909090909091	0.25	0.1111111111111111	0.0	1.0	0.0	0.0	0.0	0.36585365853658536	0.32258064516129037	0.15384615384615385	0.2857142857142857	0.0	0.0	0.0	0.0	1.0	1.0	1.0	0.0	0.0	0.0	0.0	0.0	0.0	1.0	0.0	1.0	0.0	0.0	0.0	0.0
S1-597891065	S3-577036676	0	validation	0.0	0.0	0.64	0.6222222222222222	0.4	0.6666666666666666	0.25	1.0	1.0	0.0	0.0	0.0	0.3655913978494624	0.3561643835616438	0.07142857142857142	0.14285714285714285	0.0	0.0	0.0	0.0	1.0	1.0	1.0	0.0	0.0	0.0	0.0	0.0	0.0	1.0	0.0	1.0	0.0	0.0	0.0	0.0
S1-597891065	S3-623378853	0	validation	0.0	0.0	0.5846153846153845	0.576271186440678	0.3333333333333333	0.5	0.2	1.0	1.0	0.0	0.0	0.0	0.2921348314606742	0.26086956521739135	0.0	0.0	0.0	0.0	0.0	0.0	1.0	1.0	1.0	0.0	0.0	0.0	0.0	0.0	0.0	1.0	0.0	1.0	0.0	0.0	0.0	0.0
S1-597891065	S3-655439441	0	validation	0.0	0.0	0.4705882352941176	0.4590163934426229	0.125	0.25	0.16666666666666666	0.0	1.0	0.0	0.0	0.0	0.29885057471264365	0.26865671641791045	0.0	0.0	0.0	0.0	0.0	0.0	1.0	1.0	1.0	0.0	0.0	0.0	0.0	0.0	0.0	1.0	0.0	1.0	0.0	0.0	0.0	0.0
S1-597891065	S3-677883717	0	validation	0.0	0.0	0.5106382978723405	0.5116279069767442	0.2	0.5	0.25	0.0	1.0	0.0	0.0	0.0	0.0	0.0	0.0	0.0	0.0	0.0	0.0	0.0	0.0	1.0	1.0	0.0	0.0	0.0	1.0	0.0	0.0	1.0	0.0	1.0	0.0	0.0	0.0	0.0
S1-597891065	S3-756315360	0	validation	0.0	0.0	0.631578947368421	0.5882352941176471	0.3333333333333333	0.5	0.2	1.0	1.0	0.0	0.0	0.0	0.32835820895522383	0.31999999999999995	0.1	0.25	0.0	0.0	0.0	0.0	1.0	1.0	1.0	0.0	0.0	0.0	0.0	0.0	0.0	1.0	0.0	1.0	0.0	0.0	0.0	0.0
S1-597891065	S3-776647927	0	validation	0.0	0.0	0.6206896551724138	0.6153846153846154	0.3333333333333333	0.5	0.2	1.0	1.0	0.0	0.0	0.0	0.42666666666666664	0.42105263157894735	0.08333333333333333	0.16666666666666666	0.0	0.0	0.0	0.0	1.0	1.0	1.0	0.0	0.0	0.0	0.0	0.0	0.0	1.0	0.0	1.0	0.0	0.0	0.0	0.0
S1-597891065	S3-812821820	0	validation	0.0	0.0	0.6428571428571428	0.6274509803921569	0.4	0.6666666666666666	0.25	1.0	1.0	0.0	0.0	0.0	0.35	0.2857142857142857	0.0	0.0	0.0	0.0	0.0	0.0	1.0	1.0	1.0	0.0	0.0	0.0	0.0	0.0	0.0	1.0	0.0	1.0	0.0	0.0	0.0	0.0
S1-597891065	S3-841338423	0	validation	0.0	0.0	0.5333333333333333	0.5074626865671642	0.1111111111111111	0.25	0.14285714285714285	0.0	1.0	0.0	0.0	0.0	0.37209302325581395	0.35820895522388063	0.0	0.0	0.0	0.0	0.0	0.0	1.0	1.0	1.0	0.0	0.0	0.0	0.0	0.0	0.0	1.0	0.0	1.0	0.0	0.0	0.0	0.0
S1-597891065	S3-847865882	0	validation	0.0	0.0	0.4482758620689655	0.42307692307692313	0.14285714285714285	0.25	0.2	0.0	1.0	0.0	0.0	0.0	0.28205128205128205	0.16666666666666663	0.0	0.0	0.0	0.0	0.0	0.0	1.0	1.0	1.0	0.0	0.0	0.0	0.0	0.0	0.0	1.0	0.0	1.0	0.0	0.0	0.0	0.0
S1-66825612	S2-867160854	1	train	1.0	1.0	1.0	1.0	1.0	1.0	1.0	1.0	1.0	0.0	0.0	1.0	0.8571428571428572	0.9285714285714286	1.0	1.0	0.0	1.0	1.0	0.0	1.0	1.0	1.0	0.0	0.0	0.0	0.0	0.0	0.0	3.0	1.0	0.0	1.0	1.0	0.0	0.0
S1-66825612	S3-738613517	1	train	1.0	1.0	1.0	1.0	1.0	1.0	1.0	1.0	1.0	0.0	0.0	0.0	0.8684210526315791	0.9032258064516128	0.7142857142857143	0.8333333333333334	0.0	1.0	1.0	1.0	1.0	1.0	1.0	0.0	0.0	0.0	0.0	0.0	0.0	3.0	1.0	0.0	1.0	1.0	0.0	0.0
S1-66825612	S3-881240719	1	train	0.0	0.0	0.8	0.8235294117647058	0.6666666666666666	1.0	1.0	0.0	1.0	0.0	0.0	0.0	0.8684210526315791	0.9032258064516128	0.7142857142857143	0.8333333333333334	0.0	1.0	1.0	1.0	1.0	1.0	1.0	0.0	0.0	0.0	0.0	0.0	0.0	2.0	0.0	0.0	1.0	1.0	0.0	0.0
S1-66825612	S2-201986765	0	train	0.0	0.0	0.303030303030303	0.27586206896551724	0.0	0.0	0.0	0.0	1.0	0.0	0.0	0.0	0.3661971830985915	0.3571428571428571	0.18181818181818182	0.3333333333333333	0.0	1.0	1.0	1.0	1.0	1.0	1.0	0.0	0.0	0.0	0.0	0.0	0.0	2.0	0.0	0.0	1.0	1.0	0.0	0.0
S1-66825612	S2-202766684	0	train	0.0	0.0	0.33333333333333337	0.2857142857142857	0.0	0.0	0.0	0.0	1.0	0.0	0.0	0.0	0.30107526881720426	0.2162162162162162	0.0625	0.16666666666666666	0.0	0.3333333333333333	0.0	0.0	1.0	1.0	1.0	0.0	0.0	0.0	0.0	0.0	0.0	1.0	0.0	0.0	1.0	0.0	0.0	0.0
S1-66825612	S2-273444741	0	train	0.0	0.0	0.3414634146341463	0.34285714285714286	0.0	0.0	0.0	0.0	1.0	0.0	0.0	0.0	0.32258064516129037	0.2941176470588235	0.05555555555555555	0.16666666666666666	0.0	0.3333333333333333	1.0	1.0	1.0	1.0	0.0	0.0	0.0	0.0	0.0	0.0	0.0	2.0	0.0	0.0	1.0	1.0	0.0	0.0
S1-66825612	S2-293618166	0	train	0.0	0.0	0.29268292682926833	0.2857142857142857	0.0	0.0	0.0	0.0	1.0	0.0	0.0	0.0	0.7575757575757575	0.7924528301886792	0.375	0.6	0.0	0.0	0.0	0.0	1.0	1.0	1.0	0.0	0.0	0.0	0.0	0.0	0.0	1.0	0.0	0.0	1.0	0.0	0.0	0.0
S1-66825612	S2-345217505	0	train	0.0	0.0	0.2264150943396226	0.17391304347826086	0.0	0.0	0.0	0.0	1.0	0.0	0.0	0.0	0.33333333333333337	0.34615384615384615	0.09090909090909091	0.16666666666666666	0.0	1.0	1.0	0.0	1.0	1.0	1.0	0.0	0.0	0.0	0.0	0.0	0.0	2.0	0.0	0.0	1.0	1.0	0.0	0.0
S1-66825612	S2-383836385	0	train	0.0	0.0	0.19999999999999996	0.22857142857142854	0.0	0.0	0.0	0.0	1.0	0.0	0.0	0.0	0.4307692307692308	0.43137254901960786	0.09090909090909091	0.16666666666666666	0.0	1.0	1.0	1.0	1.0	1.0	1.0	0.0	0.0	0.0	0.0	0.0	0.0	2.0	0.0	0.0	1.0	1.0	0.0	0.0
S1-66825612	S2-542093679	0	train	0.0	0.0	0.2857142857142857	0.2941176470588235	0.0	0.0	0.0	0.0	1.0	0.0	0.0	0.0	0.5142857142857142	0.509090909090909	0.18181818181818182	0.3333333333333333	0.0	1.0	1.0	1.0	1.0	1.0	1.0	0.0	0.0	0.0	0.0	0.0	0.0	2.0	0.0	0.0	1.0	1.0	0.0	0.0
S1-66825612	S2-596903801	0	train	0.0	0.0	0.3846153846153846	0.36363636363636365	0.0	0.0	0.0	0.0	1.0	0.0	0.0	0.0	0.2816901408450704	0.2909090909090909	0.07692307692307693	0.16666666666666666	0.0	0.5	0.0	0.0	1.0	1.0	1.0	0.0	0.0	0.0	0.0	0.0	0.0	1.0	0.0	0.0	1.0	0.0	0.0	0.0
S1-66825612	S2-605222706	0	train	1.0	1.0	1.0	1.0	1.0	1.0	1.0	1.0	1.0	0.0	0.0	0.0	0.3125	0.3137254901960784	0.0	0.0	0.0	0.0	0.0	0.0	1.0	1.0	1.0	0.0	0.0	0.0	0.0	0.0	0.0	1.0	1.0	0.0	0.0	0.0	0.0	0.0
S1-66825612	S2-679778413	0	train	0.0	0.0	0.48275862068965514	0.48	0.2	0.3333333333333333	0.0	1.0	1.0	0.0	0.0	0.0	0.47887323943661975	0.45614035087719296	0.2	0.3333333333333333	0.0	1.0	1.0	1.0	1.0	1.0	1.0	0.0	0.0	0.0	0.0	0.0	0.0	2.0	0.0	0.0	1.0	1.0	0.0	0.0
S1-66825612	S2-680457730	0	train	1.0	1.0	1.0	1.0	1.0	1.0	1.0	1.0	1.0	0.0	0.0	0.0	0.3529411764705882	0.36363636363636365	0.1	0.2	0.0	0.0	0.0	0.0	1.0	1.0	1.0	0.0	0.0	0.0	0.0	0.0	0.0	1.0	1.0	0.0	0.0	0.0	0.0	0.0
S1-66825612	S2-697781578	0	train	0.0	0.0	0.23529411764705888	0.2068965517241379	0.0	0.0	0.0	0.0	1.0	0.0	0.0	0.0	0.5915492957746479	0.631578947368421	0.7142857142857143	0.8333333333333334	0.0	0.0	0.0	0.0	1.0	1.0	1.0	0.0	0.0	0.0	0.0	0.0	0.0	1.0	0.0	0.0	1.0	0.0	0.0	0.0
S1-66825612	S2-720899721	0	train	0.0	0.0	0.27586206896551724	0.16000000000000003	0.0	0.0	0.0	0.0	1.0	0.0	0.0	0.0	0.676056338028169	0.7017543859649122	0.7142857142857143	0.8333333333333334	0.0	0.0	0.0	0.0	1.0	1.0	1.0	0.0	0.0	0.0	0.0	0.0	0.0	1.0	0.0	0.0	1.0	0.0	0.0	0.0
S1-66825612	S2-79772070	0	train	0.0	0.0	0.27586206896551724	0.3076923076923077	0.0	0.0	0.0	0.0	1.0	0.0	0.0	0.0	0.4225352112676056	0.3571428571428571	0.08333333333333333	0.16666666666666666	0.0	1.0	1.0	1.0	1.0	1.0	1.0	0.0	0.0	0.0	0.0	0.0	0.0	2.0	0.0	0.0	1.0	1.0	0.0	0.0
S1-66825612	S2-830815220	0	train	0.0	0.0	0.5	0.5	0.2	0.3333333333333333	0.0	1.0	1.0	0.0	0.0	0.0	0.47887323943661975	0.45614035087719296	0.2	0.3333333333333333	0.0	1.0	1.0	1.0	1.0	1.0	1.0	0.0	0.0	0.0	0.0	0.0	0.0	2.0	0.0	0.0	1.0	1.0	0.0	0.0
S1-66825612	S2-863669634	0	train	0.0	0.0	0.5454545454545454	0.5263157894736843	0.25	0.5	0.0	1.0	1.0	0.0	0.0	0.0	0.5454545454545454	0.5283018867924528	0.2222222222222222	0.4	0.0	1.0	1.0	1.0	1.0	1.0	1.0	0.0	0.0	0.0	0.0	0.0	0.0	2.0	0.0	0.0	1.0	1.0	0.0	0.0
S1-66825612	S2-934521097	0	train	0.0	0.0	0.30434782608695654	0.24390243902439024	0.0	0.0	0.0	0.0	1.0	0.0	0.0	0.0	0.40625	0.3529411764705882	0.1	0.2	0.0	1.0	1.0	1.0	1.0	1.0	1.0	0.0	0.0	0.0	0.0	0.0	0.0	2.0	0.0	0.0	1.0	1.0	0.0	0.0
S1-66825612	S3-113296721	0	train	0.0	0.0	0.2564102564102564	0.303030303030303	0.0	0.0	0.0	0.0	1.0	0.0	0.0	0.0	0.7123287671232876	0.7333333333333334	0.375	0.6	0.0	0.0	0.0	0.0	1.0	1.0	1.0	0.0	0.0	0.0	0.0	0.0	0.0	1.0	0.0	0.0	1.0	0.0	0.0	0.0
S1-66825612	S3-171264551	0	train	0.0	0.0	0.18181818181818177	0.06896551724137934	0.0	0.0	0.0	0.0	1.0	0.0	0.0	0.0	0.3380281690140845	0.3157894736842105	0.09090909090909091	0.16666666666666666	0.0	1.0	1.0	1.0	1.0	1.0	1.0	0.0	0.0	0.0	0.0	0.0	0.0	2.0	0.0	0.0	1.0	1.0	0.0	0.0
S1-66825612	S3-182428786	0	train	0.0	0.0	0.2222222222222222	0.17391304347826086	0.0	0.0	0.0	0.0	1.0	0.0	0.0	0.0	0.7761194029850746	0.814814814814815	0.5714285714285714	0.8	0.0	0.0	0.0	0.0	1.0	1.0	1.0	0.0	0.0	0.0	0.0	0.0	0.0	1.0	0.0	0.0	1.0	0.0	0.0	0.0
S1-66825612	S3-245345177	0	train	0.0	0.0	0.4	0.3529411764705882	0.0	0.0	0.0	0.0	1.0	0.0	0.0	0.0	0.5675675675675675	0.5573770491803278	0.1	0.2	0.0	0.0	0.0	0.0	1.0	1.0	1.0	0.0	0.0	0.0	0.0	0.0	0.0	1.0	0.0	0.0	1.0	0.0	0.0	0.0
S1-66825612	S3-454147080	0	train	0.0	0.0	0.33333333333333337	0.23076923076923073	0.0	0.0	0.0	0.0	1.0	0.0	0.0	0.0	0.4411764705882353	0.4	0.2222222222222222	0.4	0.0	1.0	1.0	1.0	1.0	1.0	1.0	0.0	0.0	0.0	0.0	0.0	0.0	2.0	0.0	0.0	1.0	1.0	0.0	0.0
S1-66825612	S3-640180728	0	train	0.0	0.0	0.3076923076923077	0.2727272727272727	0.0	0.0	0.0	0.0	1.0	0.0	0.0	0.0	0.42352941176470593	0.3768115942028986	0.07692307692307693	0.16666666666666666	0.0	0.5	1.0	1.0	1.0	1.0	1.0	0.0	0.0	0.0	0.0	0.0	0.0	2.0	0.0	0.0	1.0	1.0	0.0	0.0
S1-66825612	S3-644859282	0	train	0.0	0.0	0.3555555555555555	0.3076923076923077	0.0	0.0	0.0	0.0	1.0	0.0	0.0	0.0	0.3939393939393939	0.3846153846153846	0.09090909090909091	0.16666666666666666	0.0	0.5	1.0	1.0	1.0	1.0	1.0	0.0	0.0	0.0	0.0	0.0	0.0	2.0	0.0	0.0	1.0	1.0	0.0	0.0
S1-66825612	S3-675258860	0	train	0.0	0.0	0.29268292682926833	0.2777777777777778	0.0	0.0	0.0	0.0	1.0	0.0	0.0	0.0	0.6575342465753424	0.7	0.375	0.6	0.0	0.0	0.0	0.0	1.0	1.0	1.0	0.0	0.0	0.0	0.0	0.0	0.0	1.0	0.0	0.0	1.0	0.0	0.0	0.0
S1-66825612	S3-799068123	0	train	0.0	0.0	0.2941176470588235	0.2068965517241379	0.0	0.0	0.0	0.0	1.0	0.0	0.0	0.0	0.3571428571428571	0.36923076923076925	0.13333333333333333	0.3333333333333333	0.0	0.5	0.0	0.0	1.0	1.0	1.0	0.0	0.0	0.0	0.0	0.0	0.0	1.0	0.0	0.0	1.0	0.0	0.0	0.0
S1-66825612	S3-857258933	0	train	0.0	0.0	0.30000000000000004	0.23529411764705888	0.14285714285714285	0.3333333333333333	0.0	1.0	1.0	0.0	0.0	0.0	0.7164179104477613	0.7636363636363638	0.42857142857142855	0.75	0.0	0.0	0.0	0.0	1.0	1.0	1.0	0.0	0.0	0.0	0.0	0.0	0.0	1.0	0.0	0.0	1.0	0.0	0.0	0.0
S1-66825612	S3-944030194	0	train	0.0	0.0	0.25	0.22857142857142854	0.0	0.0	0.0	0.0	1.0	0.0	0.0	0.0	0.7733333333333333	0.7868852459016393	0.5	0.6666666666666666	0.0	0.0	0.0	0.0	1.0	1.0	1.0	0.0	0.0	0.0	0.0	0.0	0.0	1.0	0.0	0.0	1.0	0.0	0.0	0.0
S1-66825612	S3-946309726	0	train	0.0	0.0	0.3414634146341463	0.34285714285714286	0.0	0.0	0.0	0.0	1.0	0.0	0.0	0.0	0.3768115942028986	0.2909090909090909	0.09090909090909091	0.16666666666666666	0.0	0.5	1.0	0.0	1.0	1.0	1.0	0.0	0.0	0.0	0.0	0.0	0.0	2.0	0.0	0.0	1.0	1.0	0.0	0.0
S1-66825612	S3-997302578	0	train	0.0	0.0	0.3076923076923077	0.23529411764705888	0.0	0.0	0.0	0.0	1.0	0.0	0.0	0.0	0.36363636363636365	0.37735849056603776	0.2222222222222222	0.4	0.0	1.0	1.0	1.0	1.0	1.0	1.0	0.0	0.0	0.0	0.0	0.0	0.0	2.0	0.0	0.0	1.0	1.0	0.0	0.0
S1-687344952	S3-553028790	1	train	0.0	0.0	0.29268292682926833	0.32432432432432434	0.2	1.0	0.25	0.0	1.0	0.0	1.0	1.0	0.9285714285714286	1.0	1.0	1.0	0.0	1.0	1.0	1.0	1.0	1.0	1.0	0.0	0.0	0.0	0.0	0.0	0.0	2.0	0.0	1.0	1.0	0.0	0.0	0.0
S1-687344952	S2-152640471	0	train	0.0	0.0	0.33898305084745756	0.3137254901960784	0.0	0.0	0.0	0.0	1.0	0.0	0.0	0.0	0.3035714285714286	0.28260869565217395	0.058823529411764705	0.2	0.0	0.5	1.0	0.0	0.0	1.0	0.0	0.0	0.0	0.0	0.0	0.0	0.0	1.0	0.0	0.0	1.0	0.0	0.0	0.0
S1-687344952	S2-164489785	0	train	0.0	0.0	0.49056603773584906	0.5	0.16666666666666666	0.5	0.2	0.0	1.0	0.0	0.0	0.0	0.33333333333333337	0.23809523809523814	0.0	0.0	0.0	0.0	0.0	0.0	1.0	1.0	1.0	0.0	0.0	0.0	0.0	0.0	0.0	1.0	0.0	1.0	0.0	0.0	0.0	0.0
S1-687344952	S2-304177344	0	train	0.0	0.0	0.3703703703703704	0.33333333333333337	0.0	0.0	0.0	0.0	1.0	0.0	0.0	0.0	0.4516129032258065	0.40816326530612246	0.2222222222222222	0.4	0.0	0.0	0.0	0.0	1.0	1.0	1.0	0.0	0.0	0.0	0.0	0.0	0.0	1.0	0.0	0.0	1.0	0.0	0.0	0.0
S1-687344952	S2-387698616	0	train	0.0	0.0	0.4193548387096774	0.4	0.0	0.0	0.0	0.0	1.0	0.0	0.0	0.0	0.42553191489361697	0.4444444444444444	0.125	0.25	0.0	0.5	1.0	1.0	1.0	1.0	1.0	0.0	0.0	0.0	0.0	0.0	0.0	1.0	0.0	0.0	1.0	0.0	0.0	0.0
S1-687344952	S2-403985506	0	train	0.0	0.0	0.4	0.3703703703703704	0.0	0.0	0.0	0.0	1.0	0.0	0.0	0.0	0.34883720930232553	0.2941176470588235	0.06666666666666667	0.2	0.0	0.3333333333333333	1.0	1.0	1.0	1.0	0.0	0.0	0.0	0.0	0.0	0.0	0.0	1.0	0.0	0.0	1.0	0.0	0.0	0.0
S1-687344952	S2-404045944	0	train	0.0	0.0	0.5283018867924528	0.5416666666666667	0.16666666666666666	0.5	0.2	0.0	1.0	0.0	0.0	0.0	0.3529411764705882	0.3076923076923077	0.0	0.0	0.0	0.0	0.0	0.0	1.0	1.0	1.0	0.0	0.0	0.0	0.0	0.0	0.0	1.0	0.0	1.0	0.0	0.0	0.0	0.0
S1-687344952	S2-437774759	0	train	0.0	0.0	0.24	0.2222222222222222	0.0	0.0	0.0	0.0	1.0	0.0	0.0	0.0	0.4642857142857143	0.5	0.25	0.4	0.0	0.0	0.0	0.0	1.0	1.0	1.0	0.0	0.0	0.0	0.0	0.0	0.0	1.0	0.0	0.0	1.0	0.0	0.0	0.0
S1-687344952	S2-508471332	0	train	0.0	0.0	0.5666666666666667	0.5283018867924528	0.125	0.25	0.16666666666666666	0.0	1.0	0.0	0.0	0.0	0.25	0.18181818181818177	0.0	0.0	0.0	0.0	0.0	0.0	1.0	1.0	1.0	0.0	0.0	0.0	0.0	0.0	0.0	1.0	0.0	1.0	0.0	0.0	0.0	0.0
S1-687344952	S2-536143775	0	train	0.0	0.0	0.5964912280701755	0.5714285714285714	0.1111111111111111	0.2	0.14285714285714285	0.0	1.0	0.0	0.0	0.0	0.5263157894736843	0.48888888888888893	0.1111111111111111	0.2	0.0	0.0	0.0	0.0	1.0	1.0	1.0	0.0	0.0	0.0	0.0	0.0	0.0	1.0	0.0	1.0	0.0	0.0	0.0	0.0
S1-687344952	S2-547300930	0	train	0.0	0.0	0.5833333333333333	0.6031746031746033	0.2222222222222222	0.4	0.125	1.0	1.0	0.0	0.0	0.0	0.31034482758620685	0.2666666666666667	0.1	0.2	0.0	0.0	0.0	0.0	1.0	1.0	1.0	0.0	0.0	0.0	0.0	0.0	0.0	1.0	0.0	1.0	0.0	0.0	0.0	0.0
S1-687344952	S2-630925310	0	train	0.0	0.0	0.3214285714285714	0.31999999999999995	0.0	0.0	0.0	0.0	1.0	0.0	0.0	0.0	0.6779661016949151	0.6521739130434783	0.2222222222222222	0.4	0.0	0.0	0.0	0.0	1.0	1.0	1.0	0.0	0.0	0.0	0.0	0.0	0.0	1.0	0.0	0.0	1.0	0.0	0.0	0.0
S1-687344952	S2-690551126	0	train	0.0	0.0	0.5	0.52	0.14285714285714285	0.3333333333333333	0.2	0.0	1.0	0.0	0.0	0.0	0.35820895522388063	0.30188679245283023	0.0	0.0	0.0	0.0	0.0	0.0	1.0	1.0	1.0	0.0	0.0	0.0	0.0	0.0	0.0	1.0	0.0	1.0	0.0	0.0	0.0	0.0
S1-687344952	S2-753828164	0	train	0.0	0.0	0.5555555555555556	0.5416666666666667	0.14285714285714285	0.3333333333333333	0.2	0.0	1.0	0.0	0.0	0.0	0.4516129032258065	0.4489795918367348	0.0	0.0	0.0	0.0	0.0	0.0	1.0	1.0	1.0	0.0	0.0	0.0	0.0	0.0	0.0	1.0	0.0	1.0	0.0	0.0	0.0	0.0
S1-687344952	S2-798831543	0	train	0.0	0.0	0.5	0.52	0.14285714285714285	0.3333333333333333	0.16666666666666666	0.0	1.0	0.0	0.0	0.0	0.27450980392156865	0.2564102564102564	0.0	0.0	0.0	0.0	0.0	0.0	1.0	1.0	1.0	0.0	0.0	0.0	0.0	0.0	0.0	1.0	0.0	1.0	0.0	0.0	0.0	0.0
S1-687344952	S2-934738683	0	train	0.0	0.0	0.5384615384615384	0.5217391304347826	0.14285714285714285	0.3333333333333333	0.16666666666666666	0.0	1.0	0.0	0.0	0.0	0.28125	0.2692307692307693	0.0	0.0	0.0	0.0	0.0	0.0	1.0	1.0	1.0	0.0	0.0	0.0	0.0	0.0	0.0	1.0	0.0	1.0	0.0	0.0	0.0	0.0
S1-687344952	S2-939368514	0	train	0.0	0.0	0.5172413793103448	0.5	0.14285714285714285	0.3333333333333333	0.16666666666666666	0.0	1.0	0.0	0.0	0.0	0.33333333333333337	0.2978723404255319	0.1	0.2	0.0	0.0	0.0	0.0	1.0	1.0	1.0	0.0	0.0	0.0	0.0	0.0	0.0	1.0	0.0	1.0	0.0	0.0	0.0	0.0
S1-687344952	S3-197402016	0	train	0.0	0.0	0.3846153846153846	0.39130434782608686	0.14285714285714285	0.3333333333333333	0.0	1.0	1.0	0.0	0.0	0.0	0.5675675675675675	0.5666666666666667	0.09090909090909091	0.2	0.0	0.0	0.0	0.0	1.0	1.0	1.0	0.0	0.0	0.0	0.0	0.0	0.0	1.0	0.0	0.0	1.0	0.0	0.0	0.0
S1-687344952	S3-215761310	0	train	0.0	0.0	0.5384615384615384	0.5652173913043479	0.14285714285714285	0.3333333333333333	0.2	0.0	1.0	0.0	0.0	0.0	0.2571428571428571	0.17543859649122806	0.0	0.0	0.0	0.0	0.0	0.0	1.0	1.0	1.0	0.0	0.0	0.0	0.0	0.0	0.0	1.0	0.0	1.0	0.0	0.0	0.0	0.0
S1-687344952	S3-275939392	0	train	0.0	0.0	0.3870967741935484	0.3928571428571429	0.0	0.0	0.0	0.0	1.0	0.0	0.0	0.0	0.4545454545454546	0.41509433962264153	0.2222222222222222	0.4	0.0	1.0	1.0	1.0	1.0	1.0	1.0	0.0	0.0	0.0	0.0	0.0	0.0	1.0	0.0	0.0	1.0	0.0	0.0	0.0
S1-687344952	S3-464030809	0	train	0.0	0.0	0.4	0.4	0.0	0.0	0.0	0.0	1.0	0.0	0.0	0.0	0.5	0.5084745762711864	0.1	0.2	0.0	0.0	0.0	0.0	1.0	1.0	1.0	0.0	0.0	0.0	0.0	0.0	0.0	1.0	0.0	0.0	1.0	0.0	0.0	0.0
S1-687344952	S3-48551665	0	train	0.0	0.0	0.34615384615384615	0.34042553191489366	0.0	0.0	0.0	0.0	1.0	0.0	0.0	0.0	0.3513513513513513	0.4	0.09090909090909091	0.2	0.0	0.0	0.0	0.0	1.0	1.0	1.0	0.0	0.0	0.0	0.0	0.0	0.0	1.0	0.0	0.0	1.0	0.0	0.0	0.0
S1-687344952	S3-716662821	0	train	0.0	0.0	0.6428571428571428	0.64	0.14285714285714285	0.3333333333333333	0.16666666666666666	0.0	1.0	0.0	0.0	0.0	0.36363636363636365	0.33333333333333337	0.0	0.0	0.0	0.0	0.0	0.0	1.0	1.0	1.0	0.0	0.0	0.0	0.0	0.0	0.0	1.0	0.0	1.0	0.0	0.0	0.0	0.0
S1-687344952	S3-746626435	0	train	0.0	0.0	0.23076923076923073	0.26086956521739135	0.0	0.0	0.0	0.0	1.0	0.0	0.0	0.0	0.5915492957746479	0.631578947368421	0.09090909090909091	0.2	0.0	0.0	0.0	0.0	1.0	1.0	1.0	0.0	0.0	0.0	0.0	0.0	0.0	1.0	0.0	0.0	1.0	0.0	0.0	0.0
S1-687344952	S3-753908995	0	train	0.0	0.0	0.49122807017543857	0.48	0.125	0.25	0.16666666666666666	0.0	1.0	0.0	0.0	0.0	0.0	0.0	0.0	0.0	0.0	0.0	0.0	0.0	0.0	1.0	1.0	0.0	0.0	0.0	1.0	0.0	0.0	1.0	0.0	1.0	0.0	0.0	0.0	0.0
S1-687344952	S3-788758509	0	train	0.0	0.0	0.5	0.49122807017543857	0.125	0.25	0.14285714285714285	0.0	1.0	0.0	0.0	0.0	0.4358974358974359	0.4	0.0	0.0	0.0	0.0	0.0	0.0	1.0	1.0	1.0	0.0	0.0	0.0	0.0	0.0	0.0	1.0	0.0	1.0	0.0	0.0	0.0	0.0
S1-687344952	S3-823514457	0	train	0.0	0.0	0.3548387096774194	0.33333333333333337	0.0	0.0	0.0	0.0	1.0	0.0	0.0	0.0	0.4	0.33898305084745756	0.07692307692307693	0.2	0.0	0.5	1.0	0.0	0.0	1.0	0.0	0.0	0.0	0.0	0.0	0.0	0.0	1.0	0.0	0.0	1.0	0.0	0.0	0.0
S1-687344952	S3-828325101	0	train	0.0	0.0	0.33333333333333337	0.31034482758620685	0.0	0.0	0.0	0.0	1.0	0.0	0.0	0.0	0.3157894736842105	0.30508474576271183	0.07692307692307693	0.2	0.0	0.2	1.0	0.0	1.0	1.0	1.0	0.0	0.0	0.0	0.0	0.0	0.0	1.0	0.0	0.0	1.0	0.0	0.0	0.0
S1-687344952	S3-86364022	0	train	0.0	0.0	0.29508196721311475	0.2909090909090909	0.0	0.0	0.0	0.0	1.0	0.0	0.0	0.0	0.5	0.47272727272727283	0.1	0.2	0.0	0.0	0.0	0.0	1.0	1.0	1.0	0.0	0.0	0.0	0.0	0.0	0.0	1.0	0.0	0.0	1.0	0.0	0.0	0.0
S1-687344952	S3-878313852	0	train	0.0	0.0	0.5283018867924528	0.5106382978723405	0.14285714285714285	0.3333333333333333	0.2	0.0	1.0	0.0	0.0	0.0	0.3870967741935484	0.40816326530612246	0.0	0.0	0.0	0.0	0.0	0.0	1.0	1.0	1.0	0.0	0.0	0.0	0.0	0.0	0.0	1.0	0.0	1.0	0.0	0.0	0.0	0.0
S1-687344952	S3-984564771	0	train	0.0	0.0	0.10344827586206895	0.0	0.0	0.0	0.0	0.0	0.0	0.0	0.0	0.0	0.3846153846153846	0.36144578313253023	0.05555555555555555	0.2	0.0	0.2	1.0	0.0	1.0	1.0	0.0	0.0	0.0	0.0	0.0	0.0	0.0	1.0	0.0	0.0	1.0	0.0	0.0	0.0
S1-694058151	S3-214977045	1	train	0.0	0.0	0.11538461538461542	0.0	0.0	0.0	0.0	0.0	0.0	0.0	0.0	0.0	0.43999999999999995	0.4810126582278481	0.5	0.8571428571428571	0.0	0.6666666666666666	1.0	0.0	1.0	1.0	1.0	0.0	0.0	0.0	0.0	0.0	0.0	1.0	0.0	0.0	1.0	0.0	0.0	0.0
S1-694058151	S3-829291499	1	train	0.0	0.0	0.6	0.5909090909090908	0.6	0.75	0.3333333333333333	1.0	1.0	0.0	0.0	0.0	0.6	0.6582278481012658	0.5	0.8571428571428571	0.0	0.6666666666666666	1.0	0.0	1.0	1.0	1.0	0.0	0.0	0.0	0.0	0.0	0.0	1.0	0.0	0.0	1.0	0.0	0.0	0.0
S1-694058151	S2-137554330	0	train	0.0	0.0	0.2790697674418605	0.26315789473684215	0.0	0.0	0.0	0.0	1.0	0.0	0.0	0.0	0.30434782608695654	0.273972602739726	0.14285714285714285	0.4	0.0	0.3333333333333333	0.0	0.0	1.0	1.0	0.0	0.0	0.0	0.0	0.0	0.0	0.0	1.0	0.0	0.0	1.0	0.0	0.0	0.0
S1-694058151	S2-210955546	0	train	0.0	0.0	0.3076923076923077	0.30434782608695654	0.0	0.0	0.0	0.0	1.0	0.0	0.0	0.0	0.5074626865671642	0.5555555555555556	0.21052631578947367	0.36363636363636365	0.0	0.2	0.0	0.0	1.0	1.0	1.0	0.0	0.0	0.0	0.0	0.0	0.0	1.0	0.0	0.0	1.0	0.0	0.0	0.0
S1-694058151	S2-29328896	0	train	0.0	0.0	0.31999999999999995	0.3111111111111111	0.0	0.0	0.0	0.0	1.0	0.0	0.0	0.0	0.3653846153846154	0.33333333333333337	0.0625	0.16666666666666666	0.0	0.3333333333333333	0.0	0.0	1.0	1.0	0.0	0.0	0.0	0.0	0.0	0.0	0.0	1.0	0.0	0.0	1.0	0.0	0.0	0.0
S1-694058151	S2-386456517	0	train	0.0	0.0	0.22857142857142854	0.1333333333333333	0.0	0.0	0.0	0.0	1.0	0.0	0.0	0.0	0.3157894736842105	0.34210526315789463	0.14285714285714285	0.4	0.0	0.3333333333333333	0.0	0.0	1.0	1.0	0.0	0.0	0.0	0.0	0.0	0.0	0.0	1.0	0.0	0.0	1.0	0.0	0.0	0.0
S1-694058151	S2-430322900	0	train	0.0	0.0	0.31818181818181823	0.3076923076923077	0.0	0.0	0.0	0.0	1.0	0.0	0.0	0.0	0.34951456310679613	0.3132530120481928	0.0625	0.16666666666666666	0.0	0.3333333333333333	0.0	0.0	1.0	1.0	0.0	0.0	0.0	0.0	0.0	0.0	0.0	1.0	0.0	0.0	1.0	0.0	0.0	0.0
S1-694058151	S2-440695001	0	train	1.0	1.0	1.0	1.0	1.0	1.0	1.0	1.0	1.0	0.0	0.0	0.0	0.0	0.0	0.0	0.0	0.0	0.0	0.0	0.0	0.0	1.0	1.0	0.0	0.0	0.0	1.0	0.0	0.0	1.0	1.0	0.0	0.0	0.0	0.0	0.0
S1-694058151	S2-462595958	0	train	0.0	0.0	0.5	0.4814814814814815	0.14285714285714285	0.25	0.0	0.5	1.0	0.0	0.0	0.0	0.2962962962962963	0.2790697674418605	0.05555555555555555	0.125	0.0	0.3333333333333333	0.0	0.0	0.0	1.0	1.0	0.0	0.0	0.0	0.0	0.0	0.0	1.0	0.0	0.0	1.0	0.0	0.0	0.0
S1-694058151	S2-495755665	0	train	0.0	0.0	0.38596491228070173	0.4	0.0	0.0	0.0	0.0	1.0	0.0	0.0	0.0	0.34408602150537637	0.3513513513513513	0.06666666666666667	0.2	0.0	0.3333333333333333	0.0	0.0	1.0	1.0	0.0	0.0	0.0	0.0	0.0	0.0	0.0	1.0	0.0	0.0	1.0	0.0	0.0	0.0
S1-694058151	S2-571148563	0	train	0.0	0.0	0.3846153846153846	0.39130434782608686	0.0	0.0	0.0	0.0	1.0	0.0	0.0	0.0	0.326530612244898	0.3076923076923077	0.13333333333333333	0.3333333333333333	0.0	0.3333333333333333	0.0	0.0	1.0	1.0	0.0	0.0	0.0	0.0	0.0	0.0	0.0	1.0	0.0	0.0	1.0	0.0	0.0	0.0
S1-694058151	S2-700647355	0	train	0.0	0.0	0.33333333333333337	0.2857142857142857	0.0	0.0	0.0	0.0	1.0	0.0	0.0	0.0	0.33333333333333337	0.2894736842105263	0.0625	0.16666666666666666	0.0	0.3333333333333333	0.0	0.0	1.0	1.0	0.0	0.0	0.0	0.0	0.0	0.0	0.0	1.0	0.0	0.0	1.0	0.0	0.0	0.0
S1-694058151	S2-787639288	0	train	0.0	0.0	0.4444444444444444	0.44999999999999996	0.16666666666666666	0.3333333333333333	0.0	0.5	1.0	0.0	0.0	0.0	0.5223880597014925	0.5504587155963303	0.29411764705882354	0.45454545454545453	0.0	0.2	0.0	0.0	1.0	1.0	1.0	0.0	0.0	0.0	0.0	0.0	0.0	1.0	0.0	0.0	1.0	0.0	0.0	0.0
S1-694058151	S2-825608918	0	train	0.0	0.0	0.33333333333333337	0.368421052631579	0.0	0.0	0.0	0.0	1.0	0.0	0.0	0.0	0.4	0.3826086956521739	0.041666666666666664	0.09090909090909091	0.0	0.2	0.0	0.0	1.0	1.0	1.0	0.0	0.0	0.0	0.0	0.0	0.0	1.0	0.0	0.0	1.0	0.0	0.0	0.0
S1-694058151	S2-836886067	0	train	0.0	0.0	0.4	0.4	0.0	0.0	0.0	0.0	1.0	0.0	0.0	0.0	0.3655913978494624	0.32432432432432434	0.06666666666666667	0.2	0.0	0.3333333333333333	0.0	0.0	1.0	1.0	0.0	0.0	0.0	0.0	0.0	0.0	0.0	1.0	0.0	0.0	1.0	0.0	0.0	0.0
S1-694058151	S2-897287600	0	train	0.0	0.0	0.32432432432432434	0.303030303030303	0.0	0.0	0.0	0.0	1.0	0.0	0.0	0.0	0.2947368421052632	0.2894736842105263	0.06666666666666667	0.2	0.0	0.25	0.0	0.0	1.0	1.0	0.0	0.0	0.0	0.0	0.0	0.0	0.0	1.0	0.0	0.0	1.0	0.0	0.0	0.0
S1-694058151	S2-921579999	0	train	0.0	0.0	0.32558139534883723	0.3157894736842105	0.0	0.0	0.0	0.0	1.0	0.0	0.0	0.0	0.33684210526315794	0.31999999999999995	0.0625	0.16666666666666666	0.0	0.3333333333333333	0.0	0.0	1.0	1.0	0.0	0.0	0.0	0.0	0.0	0.0	0.0	1.0	0.0	0.0	1.0	0.0	0.0	0.0
S1-694058151	S2-979906512	0	train	0.0	0.0	0.2857142857142857	0.2790697674418605	0.0	0.0	0.0	0.0	1.0	0.0	0.0	0.0	0.3106796116504854	0.3132530120481928	0.0625	0.16666666666666666	0.0	0.3333333333333333	0.0	0.0	1.0	1.0	0.0	0.0	0.0	0.0	0.0	0.0	0.0	1.0	0.0	0.0	1.0	0.0	0.0	0.0
S1-694058151	S3-164214637	0	train	0.0	0.0	0.5660377358490566	0.5106382978723405	0.3333333333333333	0.5	0.0	1.0	1.0	0.0	0.0	0.0	0.41025641025641024	0.4042553191489362	0.05555555555555555	0.125	0.0	0.3333333333333333	0.0	0.0	1.0	1.0	1.0	0.0	0.0	0.0	0.0	0.0	0.0	1.0	0.0	0.0	1.0	0.0	0.0	0.0
S1-694058151	S3-178096471	0	train	0.0	0.0	0.49056603773584906	0.43478260869565216	0.2857142857142857	0.5	0.0	1.0	1.0	0.0	0.0	0.0	0.3076923076923077	0.2682926829268293	0.05555555555555555	0.125	0.0	0.25	0.0	0.0	1.0	1.0	1.0	0.0	0.0	0.0	0.0	0.0	0.0	1.0	0.0	0.0	1.0	0.0	0.0	0.0
S1-694058151	S3-207443681	0	train	0.0	0.0	0.4	0.38888888888888884	0.0	0.0	0.0	0.0	1.0	0.0	0.0	0.0	0.326530612244898	0.3076923076923077	0.0625	0.16666666666666666	0.0	0.3333333333333333	0.0	0.0	1.0	1.0	1.0	0.0	0.0	0.0	0.0	0.0	0.0	1.0	0.0	0.0	1.0	0.0	0.0	0.0
S1-694058151	S3-207565441	0	train	0.0	0.0	0.5	0.49056603773584906	0.2857142857142857	0.5	0.0	1.0	1.0	0.0	0.0	0.0	0.33684210526315794	0.34210526315789463	0.06666666666666667	0.2	0.0	0.3333333333333333	0.0	0.0	1.0	1.0	1.0	0.0	0.0	0.0	0.0	0.0	0.0	1.0	0.0	0.0	1.0	0.0	0.0	0.0
S1-694058151	S3-214561238	0	train	0.0	0.0	0.36363636363636365	0.3589743589743589	0.0	0.0	0.0	0.0	1.0	0.0	0.0	0.0	0.38	0.375	0.0625	0.16666666666666666	0.0	0.3333333333333333	0.0	0.0	1.0	1.0	0.0	0.0	0.0	0.0	0.0	0.0	0.0	1.0	0.0	0.0	1.0	0.0	0.0	0.0
S1-694058151	S3-316343736	0	train	1.0	1.0	1.0	1.0	1.0	1.0	1.0	1.0	1.0	0.0	0.0	0.0	0.3065693430656934	0.2807017543859649	0.0	0.0	0.0	0.0	0.0	0.0	1.0	1.0	1.0	0.0	0.0	0.0	0.0	0.0	0.0	1.0	1.0	0.0	0.0	0.0	0.0	0.0
S1-694058151	S3-390246809	0	train	0.0	0.0	0.4	0.375	0.0	0.0	0.0	0.0	1.0	0.0	0.0	0.0	0.36170212765957444	0.3733333333333333	0.06666666666666667	0.2	0.0	0.3333333333333333	0.0	0.0	1.0	1.0	0.0	0.0	0.0	0.0	0.0	0.0	0.0	1.0	0.0	0.0	1.0	0.0	0.0	0.0
S1-694058151	S3-408281547	0	train	1.0	1.0	1.0	1.0	1.0	1.0	1.0	1.0	1.0	0.0	0.0	0.0	0.0	0.0	0.0	0.0	0.0	0.0	0.0	0.0	0.0	1.0	1.0	0.0	0.0	0.0	1.0	0.0	0.0	1.0	1.0	0.0	0.0	0.0	0.0	0.0
S1-694058151	S3-411104673	0	train	0.0	0.0	0.2857142857142857	0.2702702702702703	0.0	0.0	0.0	0.0	1.0	0.0	0.0	0.0	0.3157894736842105	0.30434782608695654	0.05555555555555555	0.125	0.0	0.25	0.0	0.0	1.0	1.0	0.0	0.0	0.0	0.0	0.0	0.0	0.0	1.0	0.0	0.0	1.0	0.0	0.0	0.0
S1-694058151	S3-499711791	0	train	0.0	0.0	0.2857142857142857	0.25806451612903225	0.0	0.0	0.0	0.0	1.0	0.0	0.0	0.0	0.4035087719298246	0.37362637362637363	0.05263157894736842	0.1111111111111111	0.0	0.5	1.0	0.0	1.0	1.0	1.0	0.0	0.0	0.0	0.0	0.0	0.0	1.0	0.0	0.0	1.0	0.0	0.0	0.0
S1-694058151	S3-625733885	0	train	0.0	0.0	0.1875	0.2142857142857143	0.0	0.0	0.0	0.0	1.0	0.0	0.0	0.0	0.2045454545454546	0.19999999999999996	0.07142857142857142	0.25	0.0	0.3333333333333333	0.0	0.0	1.0	1.0	1.0	0.0	0.0	0.0	0.0	0.0	0.0	1.0	0.0	0.0	1.0	0.0	0.0	0.0
S1-694058151	S3-701070684	0	train	0.0	0.0	0.4489795918367348	0.41860465116279066	0.3333333333333333	0.5	0.0	1.0	1.0	0.0	0.0	0.0	0.2857142857142857	0.30379746835443033	0.14285714285714285	0.4	0.0	0.3333333333333333	0.0	0.0	0.0	1.0	1.0	0.0	0.0	0.0	0.0	0.0	0.0	1.0	0.0	0.0	1.0	0.0	0.0	0.0
S1-694058151	S3-738624978	0	train	1.0	1.0	1.0	1.0	1.0	1.0	1.0	1.0	1.0	0.0	0.0	0.0	0.28846153846153844	0.28915662650602414	0.0	0.0	0.0	0.0	0.0	0.0	1.0	1.0	1.0	0.0	0.0	0.0	0.0	0.0	0.0	1.0	1.0	0.0	0.0	0.0	0.0	0.0
S1-694058151	S3-799629178	0	train	1.0	1.0	1.0	1.0	1.0	1.0	1.0	1.0	1.0	0.0	0.0	0.0	0.22988505747126442	0.20588235294117652	0.0	0.0	0.0	0.0	0.0	0.0	1.0	1.0	1.0	0.0	0.0	0.0	0.0	0.0	0.0	1.0	1.0	0.0	0.0	0.0	0.0	0.0
S1-735294714	S2-183291605	1	train	0.0	0.0	0.64	0.7	0.6	1.0	0.75	0.0	1.0	0.0	0.0	0.0	0.8442211055276381	0.891566265060241	0.8125	0.9285714285714286	0.0	0.0	0.0	0.0	1.0	1.0	1.0	0.0	0.0	0.0	0.0	0.0	0.0	2.0	0.0	1.0	1.0	0.0	0.0	0.0
S1-735294714	S2-270989676	1	train	0.0	0.0	0.7796610169491526	0.84	0.0	0.0	0.0	0.0	1.0	0.0	0.0	0.0	0.8571428571428572	0.9024390243902439	0.8666666666666667	0.9285714285714286	0.0	0.0	0.0	0.0	1.0	1.0	1.0	0.0	0.0	0.0	0.0	0.0	0.0	1.0	0.0	0.0	1.0	0.0	0.0	0.0
S1-735294714	S2-542946051	1	train	0.0	0.0	0.8666666666666667	0.9387755102040817	0.8	1.0	1.0	0.0	1.0	0.0	0.0	0.0	0.8571428571428572	0.9024390243902439	0.8666666666666667	0.9285714285714286	0.0	0.0	0.0	0.0	1.0	1.0	1.0	0.0	0.0	0.0	0.0	0.0	0.0	2.0	0.0	1.0	1.0	0.0	0.0	0.0
S1-735294714	S2-845085778	1	train	1.0	1.0	0.9375	1.0	1.0	1.0	1.0	1.0	1.0	0.0	0.0	0.0	0.8571428571428572	0.9024390243902439	0.8666666666666667	0.9285714285714286	0.0	0.0	0.0	0.0	1.0	1.0	1.0	0.0	0.0	0.0	0.0	0.0	0.0	3.0	1.0	1.0	1.0	0.0	0.0	0.0
S1-735294714	S3-155846145	1	train	1.0	1.0	0.9375	1.0	1.0	1.0	1.0	1.0	1.0	0.0	0.0	0.0	0.5921052631578947	0.608	0.4666666666666667	0.875	0.0	0.0	0.0	0.0	1.0	1.0	1.0	0.0	0.0	0.0	0.0	0.0	0.0	3.0	1.0	1.0	1.0	0.0	0.0	0.0
S1-735294714	S3-523284033	1	train	0.0	0.0	0.6666666666666667	0.6551724137931035	0.5	0.8	0.42857142857142855	1.0	1.0	0.0	0.0	0.0	0.5548387096774193	0.5625	0.4666666666666667	0.875	0.0	0.0	0.0	0.0	0.0	1.0	1.0	0.0	0.0	0.0	0.0	0.0	0.0	2.0	0.0	1.0	1.0	0.0	0.0	0.0
S1-735294714	S2-191716180	0	train	0.0	0.0	0.08823529411764708	0.0	0.0	0.0	0.0	0.0	0.0	0.0	0.0	0.0	0.47179487179487173	0.4444444444444444	0.12	0.21428571428571427	0.0	0.0	0.0	0.0	0.0	1.0	1.0	0.0	0.0	0.0	0.0	0.0	0.0	1.0	0.0	0.0	1.0	0.0	0.0	0.0
S1-735294714	S2-378166546	0	train	0.0	0.0	0.1428571428571429	0.17647058823529416	0.0	0.0	0.0	0.0	1.0	0.0	0.0	0.0	0.42780748663101614	0.42307692307692313	0.22727272727272727	0.38461538461538464	0.0	0.0	0.0	0.0	1.0	1.0	1.0	0.0	0.0	0.0	0.0	0.0	0.0	1.0	0.0	0.0	1.0	0.0	0.0	0.0
S1-735294714	S2-690897221	0	train	0.0	0.0	0.09090909090909094	0.0	0.0	0.0	0.0	0.0	0.0	0.0	0.0	0.0	0.3555555555555555	0.3087248322147651	0.038461538461538464	0.07692307692307693	0.0	0.0	0.0	0.0	0.0	1.0	1.0	0.0	0.0	0.0	0.0	0.0	0.0	1.0	0.0	0.0	1.0	0.0	0.0	0.0
S1-735294714	S2-776153619	0	train	0.0	0.0	0.07843137254901966	0.0	0.0	0.0	0.0	0.0	0.0	0.0	0.0	0.0	0.3841059602649006	0.39682539682539686	0.05	0.14285714285714285	0.0	0.0	0.0	0.0	0.0	1.0	1.0	0.0	0.0	0.0	0.0	0.0	0.0	1.0	0.0	0.0	1.0	0.0	0.0	0.0
S1-735294714	S2-87390658	0	train	0.0	0.0	0.339622641509434	0.38095238095238093	0.125	0.25	0.0	0.5	1.0	0.0	0.0	0.0	0.367816091954023	0.3472222222222222	0.04	0.08333333333333333	0.0	0.0	0.0	0.0	1.0	1.0	1.0	0.0	0.0	0.0	0.0	0.0	0.0	1.0	0.0	0.0	1.0	0.0	0.0	0.0
S1-735294714	S2-876983201	0	train	0.0	0.0	0.1081081081081081	0.0	0.0	0.0	0.0	0.0	0.0	0.0	0.0	0.0	0.4871794871794872	0.4885496183206107	0.16666666666666666	0.42857142857142855	0.0	0.0	0.0	0.0	1.0	1.0	1.0	0.0	0.0	0.0	0.0	0.0	0.0	1.0	0.0	0.0	1.0	0.0	0.0	0.0
S1-735294714	S2-914323420	0	train	0.0	0.0	0.10169491525423723	0.0	0.0	0.0	0.0	0.0	0.0	0.0	0.0	0.0	0.5363636363636364	0.5464480874316939	0.14814814814814814	0.2857142857142857	0.0	0.0	0.0	0.0	1.0	1.0	1.0	0.0	0.0	0.0	0.0	0.0	0.0	1.0	0.0	0.0	1.0	0.0	0.0	0.0
S1-735294714	S2-948300516	0	train	0.0	0.0	0.33333333333333337	0.36734693877551017	0.125	0.25	0.0	0.5	1.0	0.0	0.0	0.0	0.46706586826347307	0.45714285714285713	0.09523809523809523	0.2222222222222222	0.0	0.0	0.0	0.0	0.0	1.0	1.0	0.0	0.0	0.0	0.0	0.0	0.0	1.0	0.0	0.0	1.0	0.0	0.0	0.0
S1-735294714	S2-973687849	0	train	0.0	0.0	0.3137254901960784	0.30000000000000004	0.125	0.25	0.0	0.5	1.0	0.0	0.0	0.0	0.4897959183673469	0.5030674846625767	0.22727272727272727	0.38461538461538464	0.0	0.0	0.0	0.0	1.0	1.0	1.0	0.0	0.0	0.0	0.0	0.0	0.0	1.0	0.0	0.0	1.0	0.0	0.0	0.0
S1-735294714	S2-979482540	0	train	0.0	0.0	0.2592592592592593	0.2727272727272727	0.0	0.0	0.0	0.0	1.0	0.0	0.0	0.0	0.33513513513513515	0.2894736842105263	0.037037037037037035	0.07142857142857142	0.0	0.0	0.0	0.0	0.0	1.0	1.0	0.0	0.0	0.0	0.0	0.0	0.0	1.0	0.0	0.0	1.0	0.0	0.0	0.0
S1-735294714	S2-980401747	0	train	0.0	0.0	0.4657534246575342	0.4666666666666666	0.2222222222222222	0.4	0.14285714285714285	0.5	1.0	0.0	0.0	0.0	0.5086705202312138	0.4822695035460993	0.07692307692307693	0.14285714285714285	0.0	0.0	0.0	0.0	1.0	1.0	1.0	0.0	0.0	0.0	0.0	0.0	0.0	2.0	0.0	1.0	1.0	0.0	0.0	0.0
S1-735294714	S3-198635824	0	train	0.0	0.0	0.33333333333333337	0.3157894736842105	0.14285714285714285	0.3333333333333333	0.0	1.0	1.0	0.0	0.0	0.0	0.3354838709677419	0.3307086614173228	0.043478260869565216	0.1	0.0	0.0	0.0	0.0	1.0	1.0	1.0	0.0	0.0	0.0	0.0	0.0	0.0	1.0	0.0	0.0	1.0	0.0	0.0	0.0
S1-735294714	S3-203825085	0	train	0.0	0.0	0.33333333333333337	0.3157894736842105	0.14285714285714285	0.3333333333333333	0.0	1.0	1.0	0.0	0.0	0.0	0.2857142857142857	0.2962962962962963	0.16666666666666666	0.42857142857142855	0.0	0.0	0.0	0.0	1.0	1.0	1.0	0.0	0.0	0.0	0.0	0.0	0.0	1.0	0.0	0.0	1.0	0.0	0.0	0.0
S1-735294714	S3-22721757	0	train	0.0	0.0	0.07017543859649122	0.0	0.0	0.0	0.0	0.0	0.0	0.0	0.0	0.0	0.3373493975903614	0.33333333333333337	0.043478260869565216	0.1	0.0	0.0	0.0	0.0	0.0	1.0	1.0	0.0	0.0	0.0	0.0	0.0	0.0	1.0	0.0	0.0	1.0	0.0	0.0	0.0
S1-735294714	S3-235330512	0	train	0.0	0.0	0.3666666666666667	0.33333333333333337	0.0	0.0	0.0	0.0	1.0	0.0	0.0	0.0	0.31506849315068497	0.2857142857142857	0.15	0.3333333333333333	0.0	0.0	0.0	0.0	1.0	1.0	1.0	0.0	0.0	0.0	0.0	0.0	0.0	1.0	0.0	0.0	1.0	0.0	0.0	0.0
S1-735294714	S3-272203327	0	train	0.0	0.0	0.11764705882352944	0.0	0.0	0.0	0.0	0.0	0.0	0.0	0.0	0.0	0.3707865168539326	0.36111111111111116	0.03571428571428571	0.07142857142857142	0.0	0.0	0.0	0.0	1.0	1.0	1.0	0.0	0.0	0.0	0.0	0.0	0.0	1.0	0.0	0.0	1.0	0.0	0.0	0.0
S1-735294714	S3-32956495	0	train	0.0	0.0	0.10666666666666667	0.0	0.0	0.0	0.0	0.0	0.0	0.0	0.0	0.0	0.38888888888888884	0.3835616438356164	0.03571428571428571	0.07142857142857142	0.0	0.0	0.0	0.0	1.0	1.0	1.0	0.0	0.0	0.0	0.0	0.0	0.0	1.0	0.0	0.0	1.0	0.0	0.0	0.0
S1-735294714	S3-45020830	0	train	0.0	0.0	0.3278688524590164	0.2857142857142857	0.1111111111111111	0.2	0.0	1.0	1.0	0.0	0.0	0.0	0.32432432432432434	0.3114754098360656	0.047619047619047616	0.125	0.0	0.0	0.0	0.0	1.0	1.0	1.0	0.0	0.0	0.0	0.0	0.0	0.0	1.0	0.0	0.0	1.0	0.0	0.0	0.0
S1-735294714	S3-482411909	0	train	0.0	0.0	0.2909090909090909	0.30434782608695654	0.0	0.0	0.0	0.0	1.0	0.0	0.0	0.0	0.3218390804597702	0.32167832167832167	0.038461538461538464	0.07692307692307693	0.0	0.0	0.0	0.0	1.0	1.0	1.0	0.0	0.0	0.0	0.0	0.0	0.0	1.0	0.0	0.0	1.0	0.0	0.0	0.0
S1-735294714	S3-515405648	0	train	0.0	0.0	0.07692307692307687	0.0	0.0	0.0	0.0	0.0	0.0	0.0	0.0	0.0	0.3076923076923077	0.2857142857142857	0.08333333333333333	0.16666666666666666	0.0	0.0	0.0	0.0	1.0	1.0	1.0	0.0	0.0	0.0	0.0	0.0	0.0	1.0	0.0	0.0	1.0	0.0	0.0	0.0
S1-735294714	S3-515456301	0	train	0.0	0.0	0.32258064516129037	0.3137254901960784	0.125	0.25	0.0	0.5	1.0	0.0	0.0	0.0	0.2978723404255319	0.2931034482758621	0.05263157894736842	0.16666666666666666	0.0	0.0	0.0	0.0	1.0	1.0	1.0	0.0	0.0	0.0	0.0	0.0	0.0	1.0	0.0	0.0	1.0	0.0	0.0	0.0
S1-735294714	S3-54623000	0	train	0.0	0.0	0.3928571428571429	0.4444444444444444	0.125	0.25	0.0	0.5	1.0	0.0	0.0	0.0	0.3567567567567568	0.3178807947019867	0.03571428571428571	0.07142857142857142	0.0	0.0	0.0	0.0	1.0	1.0	1.0	0.0	0.0	0.0	0.0	0.0	0.0	1.0	0.0	0.0	1.0	0.0	0.0	0.0
S1-735294714	S3-553299111	0	train	0.0	0.0	0.3214285714285714	0.2666666666666667	0.0	0.0	0.0	0.0	1.0	0.0	0.0	0.0	0.3783783783783784	0.3529411764705882	0.041666666666666664	0.09090909090909091	0.0	0.0	0.0	0.0	1.0	1.0	1.0	0.0	0.0	0.0	0.0	0.0	0.0	1.0	0.0	0.0	1.0	0.0	0.0	0.0
S1-735294714	S3-565786608	0	train	0.0	0.0	0.3548387096774194	0.4	0.1111111111111111	0.2	0.0	0.5	1.0	0.0	0.0	0.0	0.4181818181818182	0.42553191489361697	0.08	0.15384615384615385	0.0	0.0	0.0	0.0	1.0	1.0	1.0	0.0	0.0	0.0	0.0	0.0	0.0	1.0	0.0	0.0	1.0	0.0	0.0	0.0
S1-735294714	S3-716130668	0	train	0.0	0.0	0.32727272727272727	0.2666666666666667	0.0	0.0	0.0	0.0	1.0	0.0	0.0	0.0	0.3825136612021858	0.3733333333333333	0.07692307692307693	0.14285714285714285	0.0	0.0	0.0	0.0	1.0	1.0	1.0	0.0	0.0	0.0	0.0	0.0	0.0	1.0	0.0	0.0	1.0	0.0	0.0	0.0
S1-735294714	S3-755030186	0	train	0.0	0.0	0.21276595744680848	0.21052631578947367	0.0	0.0	0.0	0.0	1.0	0.0	0.0	0.0	0.36363636363636365	0.3703703703703704	0.13043478260869565	0.25	0.0	0.0	0.0	0.0	0.0	1.0	1.0	0.0	0.0	0.0	0.0	0.0	0.0	1.0	0.0	0.0	1.0	0.0	0.0	0.0
S1-735294714	S3-800743989	0	train	0.0	0.0	0.4642857142857143	0.5333333333333333	0.125	0.25	0.0	0.5	1.0	0.0	0.0	0.0	0.345679012345679	0.3407407407407408	0.045454545454545456	0.1111111111111111	0.0	0.0	0.0	0.0	1.0	1.0	1.0	0.0	0.0	0.0	0.0	0.0	0.0	1.0	0.0	0.0	1.0	0.0	0.0	0.0
S1-735294714	S3-808883980	0	train	0.0	0.0	0.3448275862068966	0.34042553191489366	0.125	0.25	0.0	1.0	1.0	0.0	0.0	0.0	0.33507853403141363	0.3184713375796179	0.037037037037037035	0.07142857142857142	0.0	0.0	0.0	0.0	1.0	1.0	1.0	0.0	0.0	0.0	0.0	0.0	0.0	1.0	0.0	0.0	1.0	0.0	0.0	0.0
S1-735294714	S3-837175572	0	train	0.0	0.0	0.39344262295081966	0.4	0.125	0.25	0.0	1.0	1.0	0.0	0.0	0.0	0.33673469387755106	0.2981366459627329	0.034482758620689655	0.07142857142857142	0.0	0.0	0.0	0.0	0.0	1.0	1.0	0.0	0.0	0.0	0.0	0.0	0.0	1.0	0.0	0.0	1.0	0.0	0.0	0.0
S1-735294714	S3-954544066	0	train	0.0	0.0	0.30508474576271183	0.2978723404255319	0.0	0.0	0.0	0.0	1.0	0.0	0.0	0.0	0.3291139240506329	0.31496062992125984	0.04	0.08333333333333333	0.0	0.0	0.0	0.0	1.0	1.0	1.0	0.0	0.0	0.0	0.0	0.0	0.0	1.0	0.0	0.0	1.0	0.0	0.0	0.0
S1-758242343	S2-316689703	1	train	1.0	1.0	0.9508196721311475	1.0	1.0	1.0	1.0	0.0	1.0	0.0	0.0	1.0	0.8253968253968254	0.92	1.0	1.0	0.0	1.0	1.0	0.0	1.0	1.0	1.0	0.0	0.0	0.0	0.0	0.0	0.0	3.0	1.0	1.0	1.0	0.0	0.0	0.0
S1-758242343	S2-812291038	1	train	0.0	0.0	0.8301886792452831	0.8888888888888888	0.5	1.0	0.5	0.0	1.0	0.0	0.0	0.0	0.7457627118644068	0.851063829787234	0.8	1.0	0.0	0.0	0.0	0.0	1.0	1.0	1.0	0.0	0.0	0.0	0.0	0.0	0.0	2.0	0.0	1.0	1.0	0.0	0.0	0.0
S1-758242343	S3-178949954	1	train	0.0	1.0	0.8524590163934427	0.92	1.0	1.0	1.0	0.0	1.0	0.0	0.0	0.0	0.7878787878787878	0.8679245283018868	0.6666666666666666	0.8	0.0	1.0	1.0	0.0	1.0	1.0	1.0	0.0	0.0	0.0	0.0	0.0	0.0	3.0	1.0	1.0	1.0	0.0	0.0	0.0
S1-758242343	S3-667872744	1	train	0.0	1.0	0.819672131147541	0.88	1.0	1.0	1.0	0.0	1.0	0.0	0.0	0.0	0.7878787878787878	0.8679245283018868	0.6666666666666666	0.8	0.0	1.0	1.0	0.0	1.0	1.0	1.0	0.0	0.0	0.0	0.0	0.0	0.0	3.0	1.0	1.0	1.0	0.0	0.0	0.0
S1-758242343	S2-12954846	0	train	0.0	0.0	0.5517241379310345	0.5306122448979591	0.1111111111111111	0.25	0.1111111111111111	0.0	1.0	0.0	0.0	0.0	0.6101694915254237	0.6808510638297872	0.2857142857142857	0.5	0.0	0.0	0.0	0.0	1.0	1.0	1.0	0.0	0.0	0.0	0.0	0.0	0.0	1.0	0.0	0.0	1.0	0.0	0.0	0.0
S1-758242343	S2-1554664	0	train	0.0	0.0	0.14634146341463417	0.17647058823529416	0.0	0.0	0.0	0.0	1.0	0.0	0.0	0.0	0.5625	0.5882352941176471	0.25	0.4	0.0	0.0	0.0	0.0	1.0	1.0	1.0	0.0	0.0	0.0	0.0	0.0	0.0	1.0	0.0	0.0	1.0	0.0	0.0	0.0
S1-758242343	S2-361568216	0	train	0.0	0.0	0.71875	0.7169811320754718	0.3333333333333333	0.5	0.375	0.0	1.0	0.0	0.0	0.0	0.3137254901960784	0.3589743589743589	0.0	0.0	0.0	0.0	0.0	0.0	1.0	1.0	1.0	0.0	0.0	0.0	0.0	0.0	0.0	1.0	0.0	1.0	0.0	0.0	0.0	0.0
S1-758242343	S2-378868470	0	train	0.0	0.0	0.6666666666666667	0.7083333333333333	0.25	0.5	0.25	0.0	1.0	0.0	0.0	0.0	0.36363636363636365	0.3076923076923077	0.1	0.2	0.0	0.0	0.0	0.0	1.0	1.0	1.0	0.0	0.0	0.0	0.0	0.0	0.0	1.0	0.0	1.0	0.0	0.0	0.0	0.0
S1-758242343	S2-697847427	0	train	0.0	0.0	0.6545454545454545	0.6956521739130435	0.25	0.5	0.2857142857142857	0.0	1.0	0.0	0.0	0.0	0.36065573770491793	0.375	0.1111111111111111	0.2	0.0	0.0	0.0	0.0	1.0	1.0	1.0	0.0	0.0	0.0	0.0	0.0	0.0	1.0	0.0	1.0	0.0	0.0	0.0	0.0
S1-758242343	S2-788410449	0	train	0.0	0.0	0.7272727272727273	0.782608695652174	0.25	0.5	0.2857142857142857	0.0	1.0	0.0	0.0	0.0	0.2857142857142857	0.2790697674418605	0.0	0.0	0.0	0.0	0.0	0.0	1.0	1.0	1.0	0.0	0.0	0.0	0.0	0.0	0.0	1.0	0.0	1.0	0.0	0.0	0.0	0.0
S1-758242343	S2-847166218	0	train	0.0	0.0	0.2692307692307693	0.2727272727272727	0.0	0.0	0.0	0.0	1.0	0.0	0.0	0.0	0.5142857142857142	0.5	0.2222222222222222	0.4	0.0	0.0	0.0	0.0	1.0	1.0	1.0	0.0	0.0	0.0	0.0	0.0	0.0	1.0	0.0	0.0	1.0	0.0	0.0	0.0
S1-758242343	S2-850389292	0	train	0.0	0.0	0.6575342465753424	0.6557377049180328	0.3	0.5	0.3333333333333333	0.0	1.0	0.0	0.0	0.0	0.33333333333333337	0.34042553191489366	0.0	0.0	0.0	0.0	0.0	0.0	1.0	1.0	1.0	0.0	0.0	0.0	0.0	0.0	0.0	1.0	0.0	1.0	0.0	0.0	0.0	0.0
S1-758242343	S2-857226232	0	train	0.0	0.0	0.7058823529411764	0.7441860465116279	0.2857142857142857	0.6666666666666666	0.2857142857142857	0.0	1.0	0.0	0.0	0.0	0.3076923076923077	0.24	0.0	0.0	0.0	0.0	0.0	0.0	1.0	1.0	1.0	0.0	0.0	0.0	0.0	0.0	0.0	1.0	0.0	1.0	0.0	0.0	0.0	0.0
S1-758242343	S3-128101737	0	train	0.0	0.0	0.8421052631578947	0.875	0.42857142857142855	0.75	0.42857142857142855	0.0	1.0	0.0	0.0	0.0	0.3278688524590164	0.326530612244898	0.0	0.0	0.0	0.0	0.0	0.0	1.0	1.0	1.0	0.0	0.0	0.0	0.0	0.0	0.0	1.0	0.0	1.0	0.0	0.0	0.0	0.0
S1-758242343	S3-157959554	0	train	0.0	0.0	0.7058823529411764	0.7441860465116279	0.2857142857142857	0.6666666666666666	0.2857142857142857	0.0	1.0	0.0	0.0	0.0	0.37142857142857144	0.2857142857142857	0.1	0.2	0.0	0.0	0.0	0.0	1.0	1.0	1.0	0.0	0.0	0.0	0.0	0.0	0.0	1.0	0.0	1.0	0.0	0.0	0.0	0.0
S1-758242343	S3-22259867	0	train	0.0	0.0	0.71875	0.7169811320754718	0.3333333333333333	0.5	0.375	0.0	1.0	0.0	0.0	0.0	0.26086956521739135	0.2545454545454545	0.0	0.0	0.0	0.0	0.0	0.0	1.0	1.0	1.0	0.0	0.0	0.0	0.0	0.0	0.0	1.0	0.0	1.0	0.0	0.0	0.0	0.0
S1-758242343	S3-258374014	0	train	0.0	0.0	0.7761194029850746	0.8	0.5	0.6666666666666666	0.5	0.0	1.0	0.0	0.0	0.0	0.35	0.3125	0.0	0.0	0.0	0.0	0.0	0.0	1.0	1.0	1.0	0.0	0.0	0.0	0.0	0.0	0.0	1.0	0.0	1.0	0.0	0.0	0.0	0.0
S1-758242343	S3-286934532	0	train	0.0	0.0	0.6440677966101696	0.653061224489796	0.375	0.6	0.375	0.0	1.0	0.0	0.0	0.0	0.36363636363636365	0.29508196721311475	0.0	0.0	0.0	0.0	0.0	0.0	1.0	1.0	1.0	0.0	0.0	0.0	0.0	0.0	0.0	1.0	0.0	1.0	0.0	0.0	0.0	0.0
S1-758242343	S3-338304397	0	train	0.0	0.0	0.711864406779661	0.7346938775510203	0.375	0.6	0.375	0.0	1.0	0.0	0.0	0.0	0.32352941176470584	0.30188679245283023	0.0	0.0	0.0	0.0	0.0	0.0	1.0	1.0	1.0	0.0	0.0	0.0	0.0	0.0	0.0	1.0	0.0	1.0	0.0	0.0	0.0	0.0
S1-758242343	S3-430459100	0	train	0.0	0.0	0.71875	0.7169811320754718	0.3333333333333333	0.5	0.375	0.0	1.0	0.0	0.0	0.0	0.2571428571428571	0.25	0.0	0.0	0.0	0.0	0.0	0.0	1.0	1.0	1.0	0.0	0.0	0.0	0.0	0.0	0.0	1.0	0.0	1.0	0.0	0.0	0.0	0.0
S1-758242343	S3-436572318	0	train	0.0	0.0	0.28985507246376807	0.30508474576271183	0.0	0.0	0.0	0.0	1.0	0.0	0.0	0.0	0.32835820895522383	0.4074074074074075	0.1111111111111111	0.2	0.0	0.0	0.0	0.0	1.0	1.0	1.0	0.0	0.0	0.0	0.0	0.0	0.0	1.0	0.0	0.0	1.0	0.0	0.0	0.0
S1-758242343	S3-498510913	0	train	0.0	0.0	0.7058823529411764	0.7441860465116279	0.125	0.3333333333333333	0.125	0.0	1.0	0.0	0.0	0.0	0.3188405797101449	0.2545454545454545	0.0	0.0	0.0	0.0	0.0	0.0	1.0	1.0	1.0	0.0	0.0	0.0	0.0	0.0	0.0	1.0	0.0	1.0	0.0	0.0	0.0	0.0
S1-758242343	S3-572661663	0	train	0.0	0.0	0.7457627118644068	0.8163265306122449	0.375	0.6	0.375	0.0	1.0	0.0	0.0	0.0	0.32352941176470584	0.339622641509434	0.0	0.0	0.0	0.0	0.0	0.0	1.0	1.0	1.0	0.0	0.0	0.0	0.0	0.0	0.0	1.0	0.0	1.0	0.0	0.0	0.0	0.0
S1-758242343	S3-587805082	0	train	0.0	0.0	0.7419354838709676	0.7692307692307692	0.2222222222222222	0.4	0.25	0.0	1.0	0.0	0.0	0.0	0.30508474576271183	0.21739130434782605	0.0	0.0	0.0	0.0	0.0	0.0	1.0	1.0	1.0	0.0	0.0	0.0	0.0	0.0	0.0	1.0	0.0	1.0	0.0	0.0	0.0	0.0
S1-758242343	S3-63425637	0	train	0.0	0.0	0.6666666666666667	0.68	0.375	0.6	0.375	0.0	1.0	0.0	0.0	0.0	0.3142857142857143	0.2592592592592593	0.0	0.0	0.0	0.0	0.0	0.0	1.0	1.0	1.0	0.0	0.0	0.0	0.0	0.0	0.0	1.0	0.0	1.0	0.0	0.0	0.0	0.0
S1-758242343	S3-645414947	0	train	0.0	0.0	0.2666666666666667	0.2702702702702703	0.0	0.0	0.0	0.0	1.0	0.0	0.0	0.0	0.523076923076923	0.5384615384615384	0.1111111111111111	0.2	0.0	0.0	0.0	0.0	1.0	1.0	1.0	0.0	0.0	0.0	0.0	0.0	0.0	1.0	0.0	0.0	1.0	0.0	0.0	0.0
S1-758242343	S3-683744064	0	train	0.0	0.0	0.6764705882352942	0.6785714285714286	0.3	0.5	0.3333333333333333	0.0	1.0	0.0	0.0	0.0	0.35820895522388063	0.33333333333333337	0.0	0.0	0.0	0.0	0.0	0.0	1.0	1.0	1.0	0.0	0.0	0.0	0.0	0.0	0.0	1.0	0.0	1.0	0.0	0.0	0.0	0.0
S1-758242343	S3-687040106	0	train	0.0	0.0	0.6349206349206349	0.6538461538461539	0.3333333333333333	0.5	0.375	0.0	1.0	0.0	0.0	0.0	0.39473684210526316	0.36065573770491793	0.0	0.0	0.0	0.0	0.0	0.0	1.0	1.0	1.0	0.0	0.0	0.0	0.0	0.0	0.0	1.0	0.0	1.0	0.0	0.0	0.0	0.0
S1-758242343	S3-760039961	0	train	0.0	0.0	0.2857142857142857	0.24390243902439024	0.0	0.0	0.0	0.0	1.0	0.0	0.0	0.0	0.5714285714285714	0.5964912280701755	0.1111111111111111	0.2	0.0	0.0	0.0	0.0	1.0	1.0	1.0	0.0	0.0	0.0	0.0	0.0	0.0	1.0	0.0	0.0	1.0	0.0	0.0	0.0
S1-758242343	S3-804529124	0	train	0.0	0.0	0.7777777777777779	0.8	0.25	0.5	0.25	0.0	1.0	0.0	0.0	0.0	0.3380281690140845	0.2807017543859649	0.0	0.0	0.0	0.0	0.0	0.0	1.0	1.0	1.0	0.0	0.0	0.0	0.0	0.0	0.0	1.0	0.0	1.0	0.0	0.0	0.0	0.0
S1-758242343	S3-859082124	0	train	0.0	0.0	0.6808510638297872	0.75	0.3333333333333333	1.0	0.3333333333333333	0.0	1.0	0.0	0.0	0.0	0.31746031746031744	0.2857142857142857	0.0	0.0	0.0	0.0	0.0	0.0	1.0	1.0	1.0	0.0	0.0	0.0	0.0	0.0	0.0	1.0	0.0	1.0	0.0	0.0	0.0	0.0
S1-758242343	S3-868030398	0	train	0.0	0.0	0.8301886792452831	0.8888888888888888	0.5	1.0	0.5	0.0	1.0	0.0	0.0	0.0	0.3188405797101449	0.2909090909090909	0.0	0.0	0.0	0.0	0.0	0.0	1.0	1.0	1.0	0.0	0.0	0.0	0.0	0.0	0.0	1.0	0.0	1.0	0.0	0.0	0.0	0.0
S1-758242343	S3-876226117	0	train	0.0	0.0	0.6666666666666667	0.6923076923076923	0.3333333333333333	0.5	0.3333333333333333	0.0	1.0	0.0	0.0	0.0	0.2153846153846154	0.1923076923076923	0.0	0.0	0.0	0.0	0.0	0.0	1.0	1.0	1.0	0.0	0.0	0.0	0.0	0.0	0.0	1.0	0.0	1.0	0.0	0.0	0.0	0.0
S1-758242343	S3-954805228	0	train	0.0	0.0	0.7462686567164178	0.736842105263158	0.375	0.6	0.375	0.0	1.0	0.0	0.0	0.0	0.38888888888888884	0.3448275862068966	0.1	0.2	0.0	0.0	0.0	0.0	1.0	1.0	1.0	0.0	0.0	0.0	0.0	0.0	0.0	1.0	0.0	1.0	0.0	0.0	0.0	0.0
S1-762495522	S3-101888568	1	train	0.0	0.0	0.5405405405405406	0.6206896551724138	0.5	1.0	0.6666666666666666	0.0	1.0	0.0	0.0	0.0	0.7272727272727273	0.8320000000000001	0.8947368421052632	0.9444444444444444	0.0	1.0	1.0	0.0	1.0	1.0	1.0	0.0	0.0	0.0	0.0	0.0	0.0	2.0	0.0	1.0	1.0	0.0	0.0	0.0
S1-762495522	S3-117414623	1	train	0.0	0.0	0.88	0.95	0.6	0.75	0.5	1.0	1.0	0.0	0.0	0.0	0.3458646616541353	0.41237113402061853	0.21052631578947367	0.8	0.0	0.2	1.0	0.0	0.0	1.0	1.0	0.0	0.0	0.0	0.0	0.0	0.0	1.0	0.0	1.0	0.0	0.0	0.0	0.0
S1-762495522	S3-155990571	1	train	0.0	0.0	0.88	0.95	0.6	0.75	0.5	1.0	1.0	0.0	0.0	0.0	0.7727272727272727	0.8960000000000001	0.8947368421052632	0.9444444444444444	0.0	1.0	1.0	0.0	1.0	1.0	1.0	0.0	0.0	0.0	0.0	0.0	0.0	2.0	0.0	1.0	1.0	0.0	0.0	0.0
S1-762495522	S3-218938576	1	train	0.0	1.0	0.76	0.85	1.0	1.0	1.0	1.0	1.0	0.0	0.0	0.0	0.7391304347826086	0.8421052631578947	0.8947368421052632	0.9444444444444444	0.0	1.0	1.0	0.0	0.0	1.0	1.0	0.0	0.0	0.0	0.0	0.0	0.0	3.0	1.0	1.0	1.0	0.0	0.0	0.0
S1-762495522	S3-303058672	1	train	0.0	0.0	0.7301587301587302	0.7843137254901962	0.6666666666666666	1.0	0.6	1.0	1.0	0.0	0.0	1.0	0.7351351351351352	0.835820895522388	1.0	1.0	0.0	1.0	1.0	0.0	1.0	1.0	1.0	0.0	0.0	0.0	0.0	0.0	0.0	2.0	0.0	1.0	1.0	0.0	0.0	0.0
S1-762495522	S2-155495436	0	train	0.0	0.0	0.04081632653061229	0.0	0.0	0.0	0.0	0.0	0.0	0.0	0.0	0.0	0.3666666666666667	0.32835820895522383	0.06451612903225806	0.13333333333333333	0.0	0.0	0.0	0.0	1.0	1.0	1.0	0.0	0.0	0.0	0.0	0.0	0.0	1.0	0.0	0.0	1.0	0.0	0.0	0.0
S1-762495522	S2-359807835	0	train	0.0	0.0	0.09090909090909094	0.0	0.0	0.0	0.0	0.0	0.0	0.0	0.0	0.0	0.35242290748898675	0.33898305084745756	0.02857142857142857	0.05555555555555555	0.0	0.0	0.0	0.0	1.0	1.0	1.0	0.0	0.0	0.0	0.0	0.0	0.0	1.0	0.0	0.0	1.0	0.0	0.0	0.0
S1-762495522	S2-439979401	0	train	0.0	0.0	0.4	0.4444444444444444	0.2	0.5	0.3333333333333333	0.0	1.0	0.0	0.0	0.0	0.26582278481012656	0.24137931034482762	0.0	0.0	0.0	0.0	0.0	0.0	0.0	1.0	1.0	0.0	0.0	0.0	0.0	0.0	0.0	1.0	0.0	1.0	0.0	0.0	0.0	0.0
S1-762495522	S2-554665910	0	train	0.0	0.0	0.10526315789473684	0.0	0.0	0.0	0.0	0.0	0.0	0.0	0.0	0.0	0.3612334801762115	0.37714285714285706	0.1111111111111111	0.2222222222222222	0.0	0.0	0.0	0.0	0.0	1.0	1.0	0.0	0.0	0.0	0.0	0.0	0.0	1.0	0.0	0.0	1.0	0.0	0.0	0.0
S1-762495522	S2-568207332	0	train	0.0	0.0	0.3870967741935484	0.36	0.1111111111111111	0.25	0.0	1.0	1.0	0.0	0.0	0.0	0.38144329896907214	0.38095238095238093	0.13333333333333333	0.25	0.0	0.14285714285714285	0.0	0.0	1.0	1.0	1.0	0.0	0.0	0.0	0.0	0.0	0.0	1.0	0.0	0.0	1.0	0.0	0.0	0.0
S1-762495522	S2-58177897	0	train	0.0	0.0	0.6222222222222222	0.6666666666666667	0.4	0.6666666666666666	0.25	1.0	1.0	0.0	0.0	0.0	0.303030303030303	0.30400000000000005	0.037037037037037035	0.1	0.0	0.0	0.0	0.0	1.0	1.0	1.0	0.0	0.0	0.0	0.0	0.0	0.0	1.0	0.0	1.0	0.0	0.0	0.0	0.0
S1-762495522	S2-582939049	0	train	0.0	0.0	0.34042553191489366	0.368421052631579	0.0	0.0	0.0	0.0	1.0	0.0	0.0	0.0	0.35051546391752575	0.34899328859060413	0.1	0.2	0.0	0.0	0.0	0.0	0.0	1.0	1.0	0.0	0.0	0.0	0.0	0.0	0.0	1.0	0.0	0.0	1.0	0.0	0.0	0.0
S1-762495522	S2-613660834	0	train	0.0	0.0	0.10169491525423723	0.0	0.0	0.0	0.0	0.0	0.0	0.0	0.0	0.0	0.48958333333333337	0.5306122448979591	0.14285714285714285	0.2857142857142857	0.0	0.0	0.0	0.0	1.0	1.0	1.0	0.0	0.0	0.0	0.0	0.0	0.0	1.0	0.0	0.0	1.0	0.0	0.0	0.0
S1-762495522	S2-642608771	0	train	0.0	0.0	0.4642857142857143	0.43478260869565216	0.14285714285714285	0.25	0.16666666666666666	0.0	1.0	0.0	0.0	0.0	0.23391812865497072	0.21875	0.06896551724137931	0.15384615384615385	0.0	0.0	0.0	0.0	1.0	1.0	1.0	0.0	0.0	0.0	0.0	0.0	0.0	1.0	0.0	1.0	0.0	0.0	0.0	0.0
S1-762495522	S2-658434721	0	train	0.0	0.0	0.625	0.631578947368421	0.6	0.75	0.5	1.0	1.0	0.0	0.0	0.0	0.3096774193548387	0.33043478260869563	0.0	0.0	0.0	0.0	0.0	0.0	1.0	1.0	1.0	0.0	0.0	0.0	0.0	0.0	0.0	1.0	0.0	1.0	0.0	0.0	0.0	0.0
S1-762495522	S2-724258061	0	train	0.0	0.0	0.35	0.4242424242424242	0.0	0.0	0.0	0.0	1.0	0.0	0.0	0.0	0.4117647058823529	0.4496124031007752	0.07407407407407407	0.18181818181818182	0.0	0.0	0.0	0.0	1.0	1.0	1.0	0.0	0.0	0.0	0.0	0.0	0.0	1.0	0.0	0.0	1.0	0.0	0.0	0.0
S1-762495522	S2-782270196	0	train	0.0	0.0	0.4642857142857143	0.48888888888888893	0.125	0.25	0.0	0.5	1.0	0.0	0.0	0.0	0.4545454545454546	0.4736842105263158	0.2727272727272727	0.6	0.0	0.0	0.0	0.0	1.0	1.0	1.0	0.0	0.0	0.0	0.0	0.0	0.0	1.0	0.0	0.0	1.0	0.0	0.0	0.0
S1-762495522	S2-802360195	0	train	0.0	0.0	0.33333333333333337	0.3076923076923077	0.0	0.0	0.0	0.0	1.0	0.0	0.0	0.0	0.30681818181818177	0.28358208955223885	0.1111111111111111	0.25	0.0	0.0	0.0	0.0	0.0	1.0	1.0	0.0	0.0	0.0	0.0	0.0	0.0	1.0	0.0	0.0	1.0	0.0	0.0	0.0
S1-762495522	S2-807873422	0	train	0.0	0.0	0.3928571428571429	0.39130434782608686	0.0	0.0	0.0	0.0	1.0	0.0	0.0	0.0	0.3231441048034934	0.2954545454545454	0.17142857142857143	0.3333333333333333	0.0	0.0	0.0	0.0	1.0	1.0	1.0	0.0	0.0	0.0	0.0	0.0	0.0	1.0	0.0	0.0	1.0	0.0	0.0	0.0
S1-762495522	S2-863328953	0	train	0.0	0.0	0.40816326530612246	0.44999999999999996	0.16666666666666666	0.3333333333333333	0.0	1.0	1.0	0.0	0.0	0.0	0.36097560975609755	0.3544303797468354	0.09375	0.17647058823529413	0.0	0.0	0.0	0.0	1.0	1.0	1.0	0.0	0.0	0.0	0.0	0.0	0.0	1.0	0.0	0.0	1.0	0.0	0.0	0.0
S1-762495522	S2-868533804	0	train	0.0	0.0	0.7037037037037037	0.6818181818181819	0.3333333333333333	0.5	0.4	0.0	1.0	0.0	0.0	0.0	0.3246753246753247	0.34782608695652173	0.038461538461538464	0.1111111111111111	0.0	0.16666666666666666	0.0	0.0	1.0	1.0	1.0	0.0	0.0	0.0	0.0	0.0	0.0	1.0	0.0	1.0	0.0	0.0	0.0	0.0
S1-762495522	S2-885222848	0	train	0.0	0.0	0.3666666666666667	0.326530612244898	0.125	0.25	0.0	0.5	1.0	0.0	0.0	0.0	0.3535911602209944	0.33333333333333337	0.1111111111111111	0.25	0.0	0.14285714285714285	0.0	0.0	1.0	1.0	1.0	0.0	0.0	0.0	0.0	0.0	0.0	1.0	0.0	0.0	1.0	0.0	0.0	0.0
S1-762495522	S2-896858410	0	train	0.0	0.0	0.41379310344827597	0.43478260869565216	0.1111111111111111	0.25	0.0	0.5	1.0	0.0	0.0	0.0	0.3309352517985612	0.3529411764705882	0.08695652173913043	0.2857142857142857	0.0	0.0	0.0	0.0	1.0	1.0	1.0	0.0	0.0	0.0	0.0	0.0	0.0	1.0	0.0	0.0	1.0	0.0	0.0	0.0
S1-762495522	S2-959599743	0	train	0.0	0.0	0.43137254901960786	0.44999999999999996	0.125	0.25	0.0	0.5	1.0	0.0	0.0	0.0	0.3111111111111111	0.291970802919708	0.03333333333333333	0.07692307692307693	0.0	0.0	0.0	0.0	0.0	1.0	1.0	0.0	0.0	0.0	0.0	0.0	0.0	1.0	0.0	0.0	1.0	0.0	0.0	0.0
S1-762495522	S3-367847877	0	train	0.0	0.0	0.3793103448275862	0.3829787234042554	0.125	0.25	0.0	0.5	1.0	0.0	0.0	0.0	0.5116279069767442	0.5581395348837209	0.1111111111111111	0.25	0.0	0.0	0.0	0.0	1.0	1.0	1.0	0.0	0.0	0.0	0.0	0.0	0.0	1.0	0.0	0.0	1.0	0.0	0.0	0.0
S1-762495522	S3-475141080	0	train	0.0	0.0	0.17647058823529416	0.2222222222222222	0.0	0.0	0.0	0.0	1.0	0.0	0.0	0.0	0.3513513513513513	0.36363636363636365	0.04	0.125	0.0	0.0	0.0	0.0	1.0	1.0	1.0	0.0	0.0	0.0	0.0	0.0	0.0	1.0	0.0	0.0	1.0	0.0	0.0	0.0
S1-762495522	S3-501689992	0	train	0.0	0.0	0.42307692307692313	0.4285714285714286	0.14285714285714285	0.25	0.0	1.0	1.0	0.0	0.0	0.0	0.3940886699507389	0.41558441558441556	0.12121212121212122	0.2222222222222222	0.0	0.0	0.0	0.0	1.0	1.0	1.0	0.0	0.0	0.0	0.0	0.0	0.0	1.0	0.0	0.0	1.0	0.0	0.0	0.0
S1-762495522	S3-65004739	0	train	0.0	0.0	0.8	0.8	0.6	0.75	0.75	0.0	1.0	0.0	0.0	0.0	0.18604651162790697	0.17021276595744683	0.045454545454545456	0.2	0.0	0.2	0.0	0.0	1.0	1.0	1.0	0.0	0.0	0.0	0.0	0.0	0.0	1.0	0.0	1.0	0.0	0.0	0.0	0.0
S1-762495522	S3-659582461	0	train	0.0	0.0	0.34042553191489366	0.368421052631579	0.0	0.0	0.0	0.0	1.0	0.0	0.0	0.0	0.37810945273631846	0.36601307189542487	0.13333333333333333	0.25	0.0	0.0	0.0	0.0	0.0	1.0	1.0	0.0	0.0	0.0	0.0	0.0	0.0	1.0	0.0	0.0	1.0	0.0	0.0	0.0
S1-762495522	S3-847483379	0	train	0.0	0.0	0.3529411764705882	0.37209302325581395	0.0	0.0	0.0	0.0	1.0	0.0	0.0	0.0	0.4873096446700508	0.4864864864864865	0.23333333333333334	0.3888888888888889	0.0	0.0	0.0	0.0	0.0	1.0	1.0	0.0	0.0	0.0	0.0	0.0	0.0	1.0	0.0	0.0	1.0	0.0	0.0	0.0
S1-762495522	S3-900695416	0	train	0.0	0.0	0.42105263157894735	0.4666666666666666	0.2	0.5	0.25	0.0	1.0	0.0	0.0	0.0	0.21875	0.23404255319148937	0.0	0.0	0.0	0.0	0.0	0.0	0.0	1.0	1.0	0.0	0.0	0.0	0.0	0.0	0.0	1.0	0.0	1.0	0.0	0.0	0.0	0.0
S1-762495522	S3-926715212	0	train	0.0	0.0	0.3137254901960784	0.2857142857142857	0.0	0.0	0.0	0.0	1.0	0.0	0.0	0.0	0.3763440860215054	0.37142857142857144	0.030303030303030304	0.0625	0.0	0.0	0.0	0.0	1.0	1.0	1.0	0.0	0.0	0.0	0.0	0.0	0.0	1.0	0.0	0.0	1.0	0.0	0.0	0.0
S1-762495522	S3-936351795	0	train	0.0	0.0	0.3571428571428571	0.3555555555555555	0.125	0.25	0.0	0.5	1.0	0.0	0.0	0.0	0.4285714285714286	0.4603174603174603	0.15384615384615385	0.3333333333333333	0.0	0.0	0.0	0.0	0.0	1.0	1.0	0.0	0.0	0.0	0.0	0.0	0.0	1.0	0.0	0.0	1.0	0.0	0.0	0.0
S1-762495522	S3-96987290	0	train	0.0	0.0	0.2790697674418605	0.33333333333333337	0.0	0.0	0.0	0.0	1.0	0.0	0.0	0.0	0.3496503496503497	0.33333333333333337	0.07692307692307693	0.2	0.0	0.0	0.0	0.0	1.0	1.0	1.0	0.0	0.0	0.0	0.0	0.0	0.0	1.0	0.0	0.0	1.0	0.0	0.0	0.0
S1-762495522	S3-972363295	0	train	0.0	0.0	0.39344262295081966	0.4	0.125	0.25	0.0	1.0	1.0	0.0	0.0	0.0	0.3221476510067114	0.3703703703703704	0.16666666666666666	0.4	0.0	0.0	0.0	0.0	1.0	1.0	1.0	0.0	0.0	0.0	0.0	0.0	0.0	1.0	0.0	0.0	1.0	0.0	0.0	0.0
S1-772536415	S2-137960338	0	train	0.0	0.0	0.05714285714285716	0.0	0.0	0.0	0.0	0.0	0.0	0.0	0.0	0.0	0.3936170212765957	0.381578947368421	0.16	0.3333333333333333	0.0	0.0	0.0	0.0	0.0	1.0	1.0	0.0	0.0	0.0	0.0	0.0	0.0	1.0	0.0	0.0	1.0	0.0	0.0	0.0
S1-772536415	S2-220431278	0	train	0.0	0.0	0.4117647058823529	0.4516129032258065	0.0	0.0	0.0	0.0	1.0	0.0	0.0	0.0	0.4204545454545454	0.4195804195804196	0.038461538461538464	0.1	0.0	0.0	0.0	0.0	1.0	1.0	1.0	0.0	0.0	0.0	0.0	0.0	0.0	1.0	0.0	0.0	1.0	0.0	0.0	0.0
S1-772536415	S2-235454923	0	train	0.0	0.0	0.19512195121951215	0.16666666666666663	0.0	0.0	0.0	0.0	1.0	0.0	0.0	0.0	0.4083769633507853	0.3921568627450981	0.03225806451612903	0.06666666666666667	0.0	0.0	0.0	0.0	1.0	1.0	1.0	0.0	0.0	0.0	0.0	0.0	0.0	1.0	0.0	0.0	1.0	0.0	0.0	0.0
S1-772536415	S2-242070442	0	train	0.0	0.0	0.3137254901960784	0.30434782608695654	0.0	0.0	0.0	0.0	1.0	0.0	0.0	0.0	0.5473684210526315	0.5394736842105263	0.391304347826087	0.6	0.0	0.0	0.0	0.0	1.0	1.0	1.0	0.0	0.0	0.0	0.0	0.0	0.0	1.0	0.0	0.0	1.0	0.0	0.0	0.0
S1-772536415	S2-243343349	0	train	0.0	0.0	0.3448275862068966	0.3076923076923077	0.0	0.0	0.0	0.0	1.0	0.0	0.0	0.0	0.35502958579881666	0.3157894736842105	0.07142857142857142	0.15384615384615385	0.0	0.0	0.0	0.0	1.0	1.0	1.0	0.0	0.0	0.0	0.0	0.0	0.0	1.0	0.0	0.0	1.0	0.0	0.0	0.0
S1-772536415	S2-281781697	0	train	0.0	0.0	0.29268292682926833	0.33333333333333337	0.0	0.0	0.0	0.0	1.0	0.0	0.0	0.0	0.3571428571428571	0.3555555555555555	0.08	0.2	0.0	0.0	0.0	0.0	1.0	1.0	1.0	0.0	0.0	0.0	0.0	0.0	0.0	1.0	0.0	0.0	1.0	0.0	0.0	0.0
S1-772536415	S2-300679781	0	train	0.0	0.0	0.2777777777777778	0.25	0.0	0.0	0.0	0.0	1.0	0.0	0.0	0.0	0.6043956043956045	0.6216216216216216	0.4	0.7272727272727273	0.0	0.0	0.0	0.0	1.0	1.0	1.0	0.0	0.0	0.0	0.0	0.0	0.0	1.0	0.0	0.0	1.0	0.0	0.0	0.0
S1-772536415	S2-375913872	0	train	0.0	0.0	0.3076923076923077	0.2857142857142857	0.0	0.0	0.0	0.0	1.0	0.0	0.0	0.0	0.5116279069767442	0.5323741007194245	0.125	0.3	0.0	0.0	0.0	0.0	1.0	1.0	1.0	0.0	0.0	0.0	0.0	0.0	0.0	1.0	0.0	0.0	1.0	0.0	0.0	0.0
S1-772536415	S2-405031801	0	train	0.0	0.0	0.28	0.2666666666666667	0.0	0.0	0.0	0.0	1.0	0.0	0.0	0.0	0.3516483516483516	0.3648648648648649	0.16666666666666666	0.36363636363636365	0.0	0.0	0.0	0.0	1.0	1.0	1.0	0.0	0.0	0.0	0.0	0.0	0.0	1.0	0.0	0.0	1.0	0.0	0.0	0.0
S1-772536415	S2-440356754	0	train	0.0	0.0	0.07692307692307687	0.0	0.0	0.0	0.0	0.0	0.0	0.0	0.0	0.0	0.36548223350253806	0.3544303797468354	0.03225806451612903	0.06666666666666667	0.0	0.0	0.0	0.0	0.0	1.0	1.0	0.0	0.0	0.0	0.0	0.0	0.0	1.0	0.0	0.0	1.0	0.0	0.0	0.0
S1-772536415	S2-440853871	0	train	0.0	0.0	0.33333333333333337	0.2941176470588235	0.0	0.0	0.0	0.0	1.0	0.0	0.0	0.0	0.383419689119171	0.3694267515923567	0.034482758620689655	0.07692307692307693	0.0	0.0	0.0	0.0	1.0	1.0	1.0	0.0	0.0	0.0	0.0	0.0	0.0	1.0	0.0	0.0	1.0	0.0	0.0	0.0
S1-772536415	S2-500495844	0	train	0.0	0.0	0.2857142857142857	0.32258064516129037	0.0	0.0	0.0	0.0	1.0	0.0	0.0	0.0	0.4329896907216495	0.41558441558441556	0.0967741935483871	0.17647058823529413	0.0	0.0	0.0	0.0	0.0	1.0	1.0	0.0	0.0	0.0	0.0	0.0	0.0	1.0	0.0	0.0	1.0	0.0	0.0	0.0
S1-772536415	S2-507700977	0	train	0.0	0.0	0.5365853658536586	0.5263157894736843	0.25	0.5	0.25	0.0	1.0	0.0	0.0	0.0	0.3961352657004831	0.35928143712574845	0.0625	0.11764705882352941	0.0	0.0	0.0	0.0	1.0	1.0	1.0	0.0	0.0	0.0	0.0	0.0	0.0	1.0	0.0	0.0	1.0	0.0	0.0	0.0
S1-772536415	S2-594658283	0	train	0.0	0.0	0.23809523809523814	0.2162162162162162	0.0	0.0	0.0	0.0	1.0	0.0	0.0	0.0	0.37569060773480667	0.4	0.043478260869565216	0.14285714285714285	0.0	0.0	0.0	0.0	1.0	1.0	1.0	0.0	0.0	0.0	0.0	0.0	0.0	1.0	0.0	0.0	1.0	0.0	0.0	0.0
S1-772536415	S2-768988178	0	train	0.0	0.0	0.25	0.2222222222222222	0.0	0.0	0.0	0.0	1.0	0.0	0.0	0.0	0.36065573770491793	0.3013698630136986	0.034482758620689655	0.07692307692307693	0.0	0.0	0.0	0.0	0.0	1.0	1.0	0.0	0.0	0.0	0.0	0.0	0.0	1.0	0.0	0.0	1.0	0.0	0.0	0.0
S1-772536415	S2-829853789	0	train	0.0	0.0	0.3846153846153846	0.33333333333333337	0.0	0.0	0.0	0.0	1.0	0.0	0.0	0.0	0.4918032786885246	0.4794520547945206	0.10714285714285714	0.21428571428571427	0.0	0.0	0.0	0.0	1.0	1.0	1.0	0.0	0.0	0.0	0.0	0.0	0.0	1.0	0.0	0.0	1.0	0.0	0.0	0.0
S1-772536415	S2-857729324	0	train	0.0	0.0	0.23529411764705888	0.19999999999999996	0.0	0.0	0.0	0.0	1.0	0.0	0.0	0.0	0.3783783783783784	0.34899328859060413	0.034482758620689655	0.07692307692307693	0.0	0.0	0.0	0.0	1.0	1.0	1.0	0.0	0.0	0.0	0.0	0.0	0.0	1.0	0.0	0.0	1.0	0.0	0.0	0.0
S1-772536415	S2-878678300	0	train	0.0	0.0	0.3529411764705882	0.33333333333333337	0.0	0.0	0.0	0.0	1.0	0.0	0.0	0.0	0.5416666666666667	0.5419354838709678	0.14814814814814814	0.2857142857142857	0.0	0.0	0.0	0.0	1.0	1.0	1.0	0.0	0.0	0.0	0.0	0.0	0.0	1.0	0.0	0.0	1.0	0.0	0.0	0.0
S1-772536415	S3-103802876	0	train	0.0	0.0	0.2702702702702703	0.303030303030303	0.0	0.0	0.0	0.0	1.0	0.0	0.0	0.0	0.32407407407407407	0.313953488372093	0.027777777777777776	0.058823529411764705	0.0	0.0	0.0	0.0	0.0	1.0	1.0	0.0	0.0	0.0	0.0	0.0	0.0	1.0	0.0	0.0	1.0	0.0	0.0	0.0
S1-772536415	S3-293094591	0	train	0.0	0.0	0.23809523809523814	0.21052631578947367	0.0	0.0	0.0	0.0	1.0	0.0	0.0	0.0	0.35398230088495575	0.35955056179775285	0.02631578947368421	0.058823529411764705	0.0	0.0	0.0	0.0	0.0	1.0	1.0	0.0	0.0	0.0	0.0	0.0	0.0	1.0	0.0	0.0	1.0	0.0	0.0	0.0
S1-772536415	S3-427463236	0	train	0.0	0.0	0.2777777777777778	0.3125	0.0	0.0	0.0	0.0	1.0	0.0	0.0	0.0	0.3417721518987342	0.30645161290322576	0.037037037037037035	0.09090909090909091	0.0	0.0	0.0	0.0	1.0	1.0	1.0	0.0	0.0	0.0	0.0	0.0	0.0	1.0	0.0	0.0	1.0	0.0	0.0	0.0
S1-772536415	S3-526747864	0	train	0.0	0.0	0.2777777777777778	0.25	0.0	0.0	0.0	0.0	1.0	0.0	0.0	0.0	0.3218390804597702	0.3165467625899281	0.03571428571428571	0.08333333333333333	0.0	0.0	0.0	0.0	1.0	1.0	1.0	0.0	0.0	0.0	0.0	0.0	0.0	1.0	0.0	0.0	1.0	0.0	0.0	0.0
S1-772536415	S3-555312308	0	train	0.0	0.0	0.2857142857142857	0.32258064516129037	0.0	0.0	0.0	0.0	1.0	0.0	0.0	0.0	0.4651162790697675	0.44705882352941173	0.21875	0.4117647058823529	0.0	0.0	0.0	0.0	1.0	1.0	1.0	0.0	0.0	0.0	0.0	0.0	0.0	1.0	0.0	0.0	1.0	0.0	0.0	0.0
S1-772536415	S3-557849586	0	train	0.0	0.0	0.4	0.34782608695652173	0.0	0.0	0.0	0.0	1.0	0.0	0.0	0.0	0.5212765957446808	0.5234899328859061	0.10344827586206896	0.2	0.0	0.0	0.0	0.0	1.0	1.0	1.0	0.0	0.0	0.0	0.0	0.0	0.0	1.0	0.0	0.0	1.0	0.0	0.0	0.0
S1-772536415	S3-600451282	0	train	0.0	0.0	0.045454545454545414	0.0	0.0	0.0	0.0	0.0	0.0	0.0	0.0	0.0	0.29299363057324845	0.31496062992125984	0.043478260869565216	0.14285714285714285	0.0	0.0	0.0	0.0	0.0	1.0	1.0	0.0	0.0	0.0	0.0	0.0	0.0	1.0	0.0	0.0	1.0	0.0	0.0	0.0
S1-772536415	S3-604505491	0	train	0.0	0.0	0.32258064516129037	0.3448275862068966	0.0	0.0	0.0	0.0	1.0	0.0	0.0	0.0	0.5321100917431192	0.5317919075144508	0.26666666666666666	0.47058823529411764	0.0	0.0	0.0	0.0	1.0	1.0	1.0	0.0	0.0	0.0	0.0	0.0	0.0	1.0	0.0	0.0	1.0	0.0	0.0	0.0
S1-772536415	S3-736871576	0	train	0.0	0.0	0.26086956521739135	0.24390243902439024	0.0	0.0	0.0	0.0	1.0	0.0	0.0	0.0	0.3825136612021858	0.36734693877551017	0.07142857142857142	0.15384615384615385	0.0	0.0	0.0	0.0	1.0	1.0	1.0	0.0	0.0	0.0	0.0	0.0	0.0	1.0	0.0	0.0	1.0	0.0	0.0	0.0
S1-772536415	S3-79605766	0	train	0.0	0.0	0.34782608695652173	0.35	0.0	0.0	0.0	0.0	1.0	0.0	0.0	0.0	0.3728813559322034	0.35978835978835977	0.02564102564102564	0.058823529411764705	0.0	0.0	0.0	0.0	1.0	1.0	1.0	0.0	0.0	0.0	0.0	0.0	0.0	1.0	0.0	0.0	1.0	0.0	0.0	0.0
S1-772536415	S3-867577876	0	train	0.0	0.0	0.3571428571428571	0.4	0.0	0.0	0.0	0.0	1.0	0.0	0.0	0.0	0.42105263157894735	0.3975903614457831	0.058823529411764705	0.11764705882352941	0.0	0.0	0.0	0.0	0.0	1.0	1.0	0.0	0.0	0.0	0.0	0.0	0.0	1.0	0.0	0.0	1.0	0.0	0.0	0.0
S1-772536415	S3-877571050	0	train	0.0	0.0	0.4242424242424242	0.4666666666666666	0.0	0.0	0.0	0.0	1.0	0.0	0.0	0.0	0.38541666666666663	0.3870967741935484	0.03333333333333333	0.07142857142857142	0.0	0.0	0.0	0.0	1.0	1.0	1.0	0.0	0.0	0.0	0.0	0.0	0.0	1.0	0.0	0.0	1.0	0.0	0.0	0.0
S1-788576826	S2-371376175	1	validation	0.0	0.0	0.10169491525423723	0.0	0.0	0.0	0.0	0.0	0.0	0.0	0.0	0.0	0.7151515151515152	0.7761194029850746	0.8461538461538461	0.9166666666666666	0.0	0.3333333333333333	0.0	0.0	1.0	1.0	1.0	0.0	0.0	0.0	0.0	0.0	0.0	1.0	0.0	0.0	1.0	0.0	0.0	0.0
S1-788576826	S2-630798489	1	validation	1.0	1.0	0.826086956521739	1.0	1.0	1.0	1.0	1.0	1.0	0.0	0.0	0.0	0.7814569536423841	0.8360655737704918	0.7692307692307693	0.9090909090909091	0.0	0.3333333333333333	0.0	0.0	1.0	1.0	1.0	0.0	0.0	0.0	0.0	0.0	0.0	2.0	1.0	0.0	1.0	0.0	0.0	0.0
S1-788576826	S3-713647548	1	validation	0.0	0.0	0.10169491525423723	0.0	0.0	0.0	0.0	0.0	0.0	0.0	0.0	0.0	0.7329192546583851	0.8	0.6	0.75	0.0	0.3333333333333333	0.0	0.0	1.0	1.0	1.0	0.0	0.0	0.0	0.0	0.0	0.0	1.0	0.0	0.0	1.0	0.0	0.0	0.0
S1-788576826	S3-77150643	1	validation	1.0	1.0	0.826086956521739	1.0	1.0	1.0	1.0	1.0	1.0	0.0	0.0	0.0	0.6503067484662577	0.706766917293233	0.6428571428571429	0.8181818181818182	0.0	0.3333333333333333	0.0	0.0	1.0	1.0	1.0	0.0	0.0	0.0	0.0	0.0	0.0	2.0	1.0	0.0	1.0	0.0	0.0	0.0
S1-788576826	S3-81369525	1	validation	0.0	0.0	0.10169491525423723	0.0	0.0	0.0	0.0	0.0	0.0	0.0	0.0	0.0	0.5889570552147239	0.631578947368421	0.6428571428571429	0.8181818181818182	0.0	0.3333333333333333	0.0	0.0	1.0	1.0	1.0	0.0	0.0	0.0	0.0	0.0	0.0	1.0	0.0	0.0	1.0	0.0	0.0	0.0
S1-788576826	S2-216449005	0	validation	0.0	0.0	0.2807017543859649	0.2790697674418605	0.0	0.0	0.0	0.0	1.0	0.0	0.0	0.0	0.32291666666666663	0.2857142857142857	0.07142857142857142	0.16666666666666666	0.0	0.0	0.0	0.0	0.0	1.0	1.0	0.0	0.0	0.0	0.0	0.0	0.0	1.0	0.0	0.0	1.0	0.0	0.0	0.0
S1-788576826	S2-271807467	0	validation	0.0	0.0	0.26315789473684215	0.23076923076923073	0.0	0.0	0.0	0.0	1.0	0.0	0.0	0.0	0.3221476510067114	0.30000000000000004	0.1	0.2	0.0	0.0	0.0	0.0	1.0	1.0	1.0	0.0	0.0	0.0	0.0	0.0	0.0	1.0	0.0	0.0	1.0	0.0	0.0	0.0
S1-788576826	S2-305476053	0	validation	0.0	0.0	0.3870967741935484	0.34042553191489366	0.125	0.25	0.0	0.5	1.0	0.0	0.0	0.0	0.31868131868131866	0.3013698630136986	0.12	0.25	0.0	0.25	0.0	0.0	0.0	1.0	1.0	0.0	0.0	0.0	0.0	0.0	0.0	1.0	0.0	0.0	1.0	0.0	0.0	0.0
S1-788576826	S2-350397765	0	validation	0.0	0.0	0.09523809523809523	0.0	0.0	0.0	0.0	0.0	0.0	0.0	0.0	0.0	0.3829787234042554	0.35398230088495575	0.1	0.2	0.0	0.0	0.0	0.0	1.0	1.0	1.0	0.0	0.0	0.0	0.0	0.0	0.0	1.0	0.0	0.0	1.0	0.0	0.0	0.0
S1-788576826	S2-548922363	0	validation	0.0	0.0	0.4074074074074075	0.30000000000000004	0.3333333333333333	0.5	0.0	1.0	1.0	0.0	0.0	0.0	0.3857142857142857	0.4070796460176991	0.05	0.1111111111111111	0.0	0.0	0.0	0.0	1.0	1.0	1.0	0.0	0.0	0.0	0.0	0.0	0.0	1.0	0.0	0.0	1.0	0.0	0.0	0.0
S1-788576826	S2-555843912	0	validation	0.0	0.0	0.3921568627450981	0.4324324324324324	0.3333333333333333	0.5	0.0	1.0	1.0	0.0	0.0	0.0	0.37362637362637363	0.3802816901408451	0.13793103448275862	0.3333333333333333	0.0	0.14285714285714285	0.0	0.0	1.0	1.0	1.0	0.0	0.0	0.0	0.0	0.0	0.0	1.0	0.0	0.0	1.0	0.0	0.0	0.0
S1-788576826	S2-592739530	0	validation	0.0	0.0	0.31999999999999995	0.33333333333333337	0.14285714285714285	0.25	0.0	0.5	1.0	0.0	0.0	0.0	0.3424657534246576	0.32478632478632474	0.09523809523809523	0.18181818181818182	0.0	0.0	0.0	0.0	0.0	1.0	1.0	0.0	0.0	0.0	0.0	0.0	0.0	1.0	0.0	0.0	1.0	0.0	0.0	0.0
S1-788576826	S2-646982526	0	validation	0.0	0.0	0.4545454545454546	0.4666666666666666	0.14285714285714285	0.25	0.0	0.5	1.0	0.0	0.0	0.0	0.3601895734597157	0.3508771929824561	0.06451612903225806	0.16666666666666666	0.0	0.25	1.0	0.0	1.0	1.0	1.0	0.0	0.0	0.0	0.0	0.0	0.0	1.0	0.0	0.0	1.0	0.0	0.0	0.0
S1-788576826	S2-679551369	0	validation	0.0	0.0	0.3703703703703704	0.4390243902439024	0.16666666666666666	0.3333333333333333	0.0	0.5	1.0	0.0	0.0	0.0	0.3612903225806452	0.33870967741935487	0.041666666666666664	0.08333333333333333	0.0	0.0	0.0	0.0	1.0	1.0	1.0	0.0	0.0	0.0	0.0	0.0	0.0	1.0	0.0	0.0	1.0	0.0	0.0	0.0
S1-788576826	S2-748153336	0	validation	0.0	0.0	0.39130434782608686	0.4375	0.3333333333333333	0.5	0.0	1.0	1.0	0.0	0.0	0.0	0.4	0.4029850746268657	0.041666666666666664	0.08333333333333333	0.0	0.0	0.0	0.0	1.0	1.0	1.0	0.0	0.0	0.0	0.0	0.0	0.0	1.0	0.0	0.0	1.0	0.0	0.0	0.0
S1-788576826	S2-76775789	0	validation	0.0	0.0	0.34782608695652173	0.375	0.16666666666666666	0.3333333333333333	0.0	0.5	1.0	0.0	0.0	0.0	0.3850267379679144	0.3624161073825503	0.10714285714285714	0.25	0.0	0.0	0.0	0.0	1.0	1.0	1.0	0.0	0.0	0.0	0.0	0.0	0.0	1.0	0.0	0.0	1.0	0.0	0.0	0.0
S1-788576826	S2-771083290	0	validation	0.0	0.0	0.10526315789473684	0.0	0.0	0.0	0.0	0.0	0.0	0.0	0.0	0.0	0.4242424242424242	0.3939393939393939	0.125	0.25	0.0	0.2	0.0	0.0	1.0	1.0	1.0	0.0	0.0	0.0	0.0	0.0	0.0	1.0	0.0	0.0	1.0	0.0	0.0	0.0
S1-788576826	S2-941493751	0	validation	0.0	0.0	0.33333333333333337	0.34285714285714286	0.16666666666666666	0.3333333333333333	0.0	0.5	1.0	0.0	0.0	0.0	0.3448275862068966	0.3292682926829268	0.1	0.25	0.0	0.0	0.0	0.0	0.0	1.0	1.0	0.0	0.0	0.0	0.0	0.0	0.0	1.0	0.0	0.0	1.0	0.0	0.0	0.0
S1-788576826	S3-123484319	0	validation	0.0	0.0	0.3870967741935484	0.39130434782608686	0.25	0.5	0.0	1.0	1.0	0.0	0.0	0.0	0.38383838383838387	0.3647798742138365	0.03225806451612903	0.08333333333333333	0.0	0.0	0.0	0.0	1.0	1.0	1.0	0.0	0.0	0.0	0.0	0.0	0.0	1.0	0.0	0.0	1.0	0.0	0.0	0.0
S1-788576826	S3-157172276	0	validation	0.0	0.0	0.4363636363636364	0.4	0.2857142857142857	0.5	0.0	1.0	1.0	0.0	0.0	0.0	0.3973509933774835	0.4297520661157025	0.21052631578947367	0.36363636363636365	0.0	0.25	0.0	0.0	1.0	1.0	1.0	0.0	0.0	0.0	0.0	0.0	0.0	1.0	0.0	0.0	1.0	0.0	0.0	0.0
S1-788576826	S3-195434174	0	validation	0.0	0.0	0.38095238095238093	0.2666666666666667	0.0	0.0	0.0	0.0	1.0	0.0	0.0	0.0	0.3544303797468354	0.37209302325581395	0.045454545454545456	0.09090909090909091	0.0	0.0	0.0	0.0	1.0	1.0	1.0	0.0	0.0	0.0	0.0	0.0	0.0	1.0	0.0	0.0	1.0	0.0	0.0	0.0
S1-788576826	S3-214280689	0	validation	0.0	0.0	0.4489795918367348	0.5142857142857142	0.3333333333333333	0.5	0.0	1.0	1.0	0.0	0.0	0.0	0.37914691943127965	0.3647058823529412	0.0625	0.16666666666666666	0.0	0.0	0.0	0.0	1.0	1.0	1.0	0.0	0.0	0.0	0.0	0.0	0.0	1.0	0.0	0.0	1.0	0.0	0.0	0.0
S1-788576826	S3-386703963	0	validation	0.0	0.0	0.36363636363636365	0.25	0.0	0.0	0.0	0.0	1.0	0.0	0.0	0.0	0.3310344827586207	0.31304347826086953	0.043478260869565216	0.08333333333333333	0.0	0.0	0.0	0.0	0.0	1.0	1.0	0.0	0.0	0.0	0.0	0.0	0.0	1.0	0.0	0.0	1.0	0.0	0.0	0.0
S1-788576826	S3-482756973	0	validation	0.0	0.0	0.4	0.4444444444444444	0.3333333333333333	0.5	0.0	1.0	1.0	0.0	0.0	0.0	0.3548387096774194	0.34343434343434337	0.05555555555555555	0.14285714285714285	0.0	0.0	0.0	0.0	1.0	1.0	1.0	0.0	0.0	0.0	0.0	0.0	0.0	1.0	0.0	0.0	1.0	0.0	0.0	0.0
S1-788576826	S3-495937156	0	validation	0.0	0.0	0.4545454545454546	0.5333333333333333	0.3333333333333333	0.5	0.0	1.0	1.0	0.0	0.0	0.0	0.3855421686746988	0.37209302325581395	0.07407407407407407	0.16666666666666666	0.0	0.0	0.0	0.0	1.0	1.0	1.0	0.0	0.0	0.0	0.0	0.0	0.0	1.0	0.0	0.0	1.0	0.0	0.0	0.0
S1-788576826	S3-514978572	0	validation	0.0	0.0	0.40816326530612246	0.45714285714285713	0.3333333333333333	0.5	0.0	1.0	1.0	0.0	0.0	0.0	0.3076923076923077	0.26016260162601623	0.13636363636363635	0.25	0.0	0.25	0.0	0.0	0.0	1.0	1.0	0.0	0.0	0.0	0.0	0.0	0.0	1.0	0.0	0.0	1.0	0.0	0.0	0.0
S1-788576826	S3-558881272	0	validation	0.0	0.0	0.41379310344827597	0.4651162790697675	0.2857142857142857	0.5	0.0	1.0	1.0	0.0	0.0	0.0	0.3612903225806452	0.3801652892561983	0.07692307692307693	0.16666666666666666	0.0	0.0	0.0	0.0	1.0	1.0	1.0	0.0	0.0	0.0	0.0	0.0	0.0	1.0	0.0	0.0	1.0	0.0	0.0	0.0
S1-788576826	S3-577607950	0	validation	0.0	0.0	0.4067796610169492	0.36363636363636365	0.125	0.25	0.0	0.5	1.0	0.0	0.0	0.0	0.4216216216216216	0.4161073825503355	0.07407407407407407	0.16666666666666666	0.0	0.0	0.0	0.0	1.0	1.0	1.0	0.0	0.0	0.0	0.0	0.0	0.0	1.0	0.0	0.0	1.0	0.0	0.0	0.0
S1-788576826	S3-603677293	0	validation	0.0	0.0	0.3943661971830986	0.32727272727272727	0.25	0.5	0.0	1.0	1.0	0.0	0.0	0.0	0.3119266055045872	0.32558139534883723	0.0625	0.2	0.0	0.0	0.0	0.0	1.0	1.0	1.0	0.0	0.0	0.0	0.0	0.0	0.0	1.0	0.0	0.0	1.0	0.0	0.0	0.0
S1-788576826	S3-608716836	0	validation	0.0	0.0	0.40816326530612246	0.4	0.14285714285714285	0.25	0.0	0.5	1.0	0.0	0.0	0.0	0.36994219653179194	0.36764705882352944	0.1111111111111111	0.25	0.0	0.0	0.0	0.0	1.0	1.0	1.0	0.0	0.0	0.0	0.0	0.0	0.0	1.0	0.0	0.0	1.0	0.0	0.0	0.0
S1-788576826	S3-633122948	0	validation	1.0	1.0	0.826086956521739	1.0	1.0	1.0	1.0	1.0	1.0	0.0	0.0	0.0	0.23300970873786409	0.22499999999999998	0.0625	0.2	0.0	0.0	0.0	0.0	1.0	1.0	1.0	0.0	0.0	0.0	0.0	0.0	0.0	1.0	1.0	0.0	0.0	0.0	0.0	0.0
S1-788576826	S3-640789198	0	validation	0.0	0.0	0.24390243902439024	0.2142857142857143	0.0	0.0	0.0	0.0	1.0	0.0	0.0	0.0	0.35502958579881666	0.34328358208955223	0.07692307692307693	0.16666666666666666	0.0	0.0	0.0	0.0	1.0	1.0	1.0	0.0	0.0	0.0	0.0	0.0	0.0	1.0	0.0	0.0	1.0	0.0	0.0	0.0
S1-788576826	S3-650308548	0	validation	0.0	0.0	0.31818181818181823	0.32258064516129037	0.0	0.0	0.0	0.0	1.0	0.0	0.0	0.0	0.3905325443786982	0.3851851851851852	0.12	0.25	0.0	0.5	1.0	0.0	1.0	1.0	1.0	0.0	0.0	0.0	0.0	0.0	0.0	1.0	0.0	0.0	1.0	0.0	0.0	0.0
S1-788576826	S3-949660182	0	validation	0.0	0.0	0.30000000000000004	0.2222222222222222	0.0	0.0	0.0	0.0	1.0	0.0	0.0	0.0	0.4098360655737705	0.41237113402061853	0.11764705882352941	0.2857142857142857	0.0	0.0	0.0	0.0	1.0	1.0	1.0	0.0	0.0	0.0	0.0	0.0	0.0	1.0	0.0	0.0	1.0	0.0	0.0	0.0
S1-788576826	S3-998017573	0	validation	0.0	0.0	0.5306122448979591	0.5882352941176471	0.2857142857142857	0.5	0.0	0.6666666666666666	1.0	0.0	0.0	0.0	0.32061068702290074	0.34285714285714286	0.1111111111111111	0.25	0.0	0.0	0.0	0.0	1.0	1.0	1.0	0.0	0.0	0.0	0.0	0.0	0.0	1.0	0.0	0.0	1.0	0.0	0.0	0.0
S1-789202287	S2-584416966	1	train	1.0	1.0	1.0	1.0	1.0	1.0	1.0	1.0	1.0	0.0	0.0	0.0	0.8923076923076922	0.9245283018867925	0.75	0.9	0.0	1.0	1.0	0.0	1.0	1.0	1.0	0.0	0.0	0.0	0.0	0.0	0.0	3.0	1.0	1.0	1.0	0.0	0.0	0.0
S1-789202287	S2-629325475	1	train	1.0	1.0	1.0	1.0	1.0	1.0	1.0	1.0	1.0	0.0	0.0	0.0	0.7272727272727273	0.7474747474747474	0.5833333333333334	0.875	0.0	1.0	1.0	0.0	1.0	1.0	1.0	0.0	0.0	0.0	0.0	0.0	0.0	3.0	1.0	1.0	1.0	0.0	0.0	0.0
S1-789202287	S3-533768681	1	train	0.0	0.0	0.8444444444444444	0.85	0.75	1.0	0.6666666666666666	1.0	1.0	0.0	0.0	0.0	0.7874015748031495	0.8155339805825242	0.75	0.9	0.0	1.0	1.0	0.0	1.0	1.0	1.0	0.0	0.0	0.0	0.0	0.0	0.0	2.0	0.0	1.0	1.0	0.0	0.0	0.0
S1-789202287	S3-84866121	1	train	0.0	1.0	0.736842105263158	0.7647058823529411	1.0	1.0	1.0	1.0	1.0	0.0	0.0	0.0	0.7480916030534351	0.7663551401869158	0.75	0.9	0.0	1.0	1.0	0.0	1.0	1.0	1.0	0.0	0.0	0.0	0.0	0.0	0.0	3.0	1.0	1.0	1.0	0.0	0.0	0.0
S1-789202287	S3-890230778	1	train	1.0	1.0	1.0	1.0	1.0	1.0	1.0	1.0	1.0	0.0	0.0	0.0	0.8333333333333335	0.8598130841121495	0.8333333333333334	0.9090909090909091	0.0	1.0	1.0	0.0	1.0	1.0	1.0	0.0	0.0	0.0	0.0	0.0	0.0	3.0	1.0	1.0	1.0	0.0	0.0	0.0
S1-789202287	S2-106164715	0	train	0.0	0.0	0.8484848484848484	0.8666666666666667	0.6666666666666666	1.0	1.0	0.0	1.0	0.0	0.0	0.0	0.3826086956521739	0.3829787234042554	0.0	0.0	0.0	0.0	0.0	0.0	1.0	1.0	1.0	0.0	0.0	0.0	0.0	0.0	0.0	1.0	0.0	1.0	0.0	0.0	0.0	0.0
S1-789202287	S2-183769368	0	train	0.0	0.0	0.0888888888888889	0.0	0.0	0.0	0.0	0.0	0.0	0.0	0.0	0.0	0.4193548387096774	0.3866666666666667	0.14814814814814814	0.36363636363636365	0.0	0.0	0.0	0.0	1.0	1.0	1.0	0.0	0.0	0.0	0.0	0.0	0.0	1.0	0.0	0.0	1.0	0.0	0.0	0.0
S1-789202287	S2-285726108	0	train	0.0	0.0	0.07999999999999996	0.0	0.0	0.0	0.0	0.0	0.0	0.0	0.0	0.0	0.46601941747572817	0.5060240963855422	0.3076923076923077	0.6666666666666666	0.0	0.0	0.0	0.0	1.0	1.0	1.0	0.0	0.0	0.0	0.0	0.0	0.0	1.0	0.0	0.0	1.0	0.0	0.0	0.0
S1-789202287	S2-331998965	0	train	0.0	0.0	0.2564102564102564	0.22857142857142854	0.0	0.0	0.0	0.0	1.0	0.0	0.0	0.0	0.417910447761194	0.42592592592592593	0.045454545454545456	0.09090909090909091	0.0	0.0	0.0	0.0	1.0	1.0	1.0	0.0	0.0	0.0	0.0	0.0	0.0	1.0	0.0	0.0	1.0	0.0	0.0	0.0
S1-789202287	S2-334089026	0	train	0.0	0.0	0.33333333333333337	0.26315789473684215	0.0	0.0	0.0	0.0	1.0	0.0	0.0	0.0	0.4545454545454546	0.4339622641509434	0.09523809523809523	0.18181818181818182	0.0	0.0	0.0	0.0	1.0	1.0	1.0	0.0	0.0	0.0	0.0	0.0	0.0	1.0	0.0	0.0	1.0	0.0	0.0	0.0
S1-789202287	S2-345437540	0	train	0.0	0.0	0.3076923076923077	0.30434782608695654	0.0	0.0	0.0	0.0	1.0	0.0	0.0	0.0	0.45833333333333337	0.41379310344827597	0.13636363636363635	0.2727272727272727	0.0	0.0	0.0	0.0	1.0	1.0	1.0	0.0	0.0	0.0	0.0	0.0	0.0	1.0	0.0	0.0	1.0	0.0	0.0	0.0
S1-789202287	S2-368727760	0	train	0.0	0.0	0.2727272727272727	0.3076923076923077	0.0	0.0	0.0	0.0	1.0	0.0	0.0	0.0	0.36923076923076925	0.339622641509434	0.05	0.1	0.0	0.0	0.0	0.0	1.0	1.0	1.0	0.0	0.0	0.0	0.0	0.0	0.0	1.0	0.0	0.0	1.0	0.0	0.0	0.0
S1-789202287	S2-469160172	0	train	0.0	0.0	0.2162162162162162	0.17647058823529416	0.0	0.0	0.0	0.0	1.0	0.0	0.0	0.0	0.44285714285714284	0.4107142857142857	0.08695652173913043	0.18181818181818182	0.0	0.0	0.0	0.0	1.0	1.0	1.0	0.0	0.0	0.0	0.0	0.0	0.0	1.0	0.0	0.0	1.0	0.0	0.0	0.0
S1-789202287	S2-552041493	0	train	0.0	0.0	0.2692307692307693	0.26086956521739135	0.0	0.0	0.0	0.0	1.0	0.0	0.0	0.0	0.45390070921985815	0.4173913043478261	0.15	0.2727272727272727	0.0	0.0	0.0	0.0	1.0	1.0	1.0	0.0	0.0	0.0	0.0	0.0	0.0	1.0	0.0	0.0	1.0	0.0	0.0	0.0
S1-789202287	S2-573320405	0	train	0.0	0.0	0.2564102564102564	0.22857142857142854	0.0	0.0	0.0	0.0	1.0	0.0	0.0	0.0	0.5857142857142856	0.5913043478260869	0.29411764705882354	0.45454545454545453	0.0	0.0	0.0	0.0	1.0	1.0	1.0	0.0	0.0	0.0	0.0	0.0	0.0	1.0	0.0	0.0	1.0	0.0	0.0	0.0
S1-789202287	S2-601745528	0	train	0.0	0.0	0.23076923076923073	0.17391304347826086	0.0	0.0	0.0	0.0	1.0	0.0	0.0	0.0	0.3580246913580247	0.3157894736842105	0.08333333333333333	0.18181818181818182	0.0	0.0	0.0	0.0	1.0	1.0	1.0	0.0	0.0	0.0	0.0	0.0	0.0	1.0	0.0	0.0	1.0	0.0	0.0	0.0
S1-789202287	S2-604813531	0	train	0.0	0.0	0.26315789473684215	0.24242424242424243	0.0	0.0	0.0	0.0	1.0	0.0	0.0	0.0	0.41558441558441556	0.421875	0.09523809523809523	0.18181818181818182	0.0	0.0	0.0	0.0	1.0	1.0	1.0	0.0	0.0	0.0	0.0	0.0	0.0	1.0	0.0	0.0	1.0	0.0	0.0	0.0
S1-789202287	S2-637139031	0	train	0.0	0.0	0.0714285714285714	0.0	0.0	0.0	0.0	0.0	0.0	0.0	0.0	0.0	0.46715328467153283	0.4285714285714286	0.1	0.18181818181818182	0.0	0.0	0.0	0.0	1.0	1.0	1.0	0.0	0.0	0.0	0.0	0.0	0.0	1.0	0.0	0.0	1.0	0.0	0.0	0.0
S1-789202287	S2-663183412	0	train	0.0	0.0	0.31999999999999995	0.3111111111111111	0.0	0.0	0.0	0.0	1.0	0.0	0.0	0.0	0.38636363636363635	0.3776223776223776	0.15384615384615385	0.36363636363636365	0.0	0.0	0.0	0.0	1.0	1.0	1.0	0.0	0.0	0.0	0.0	0.0	0.0	1.0	0.0	0.0	1.0	0.0	0.0	0.0
S1-789202287	S2-739759397	0	train	0.0	0.0	0.35	0.38888888888888884	0.0	0.0	0.0	0.0	1.0	0.0	0.0	0.0	0.524822695035461	0.5	0.16666666666666666	0.3	0.0	0.0	0.0	0.0	1.0	1.0	1.0	0.0	0.0	0.0	0.0	0.0	0.0	1.0	0.0	0.0	1.0	0.0	0.0	0.0
S1-789202287	S2-825550755	0	train	0.0	0.0	0.09756097560975607	0.0	0.0	0.0	0.0	0.0	0.0	0.0	0.0	0.0	0.4473684210526315	0.44799999999999995	0.09090909090909091	0.18181818181818182	0.0	0.0	0.0	0.0	1.0	1.0	1.0	0.0	0.0	0.0	0.0	0.0	0.0	1.0	0.0	0.0	1.0	0.0	0.0	0.0
S1-789202287	S2-852698942	0	train	0.0	0.0	0.31818181818181823	0.35	0.0	0.0	0.0	0.0	1.0	0.0	0.0	0.0	0.42592592592592593	0.39534883720930236	0.11764705882352941	0.25	0.0	0.0	0.0	0.0	1.0	1.0	1.0	0.0	0.0	0.0	0.0	0.0	0.0	1.0	0.0	0.0	1.0	0.0	0.0	0.0
S1-789202287	S2-862844612	0	train	0.0	0.0	0.25806451612903225	0.2142857142857143	0.0	0.0	0.0	0.0	1.0	0.0	0.0	0.0	0.45112781954887216	0.45045045045045046	0.11764705882352941	0.25	0.0	0.0	0.0	0.0	1.0	1.0	1.0	0.0	0.0	0.0	0.0	0.0	0.0	1.0	0.0	0.0	1.0	0.0	0.0	0.0
S1-789202287	S2-883691396	0	train	0.0	0.0	0.42105263157894735	0.3529411764705882	0.0	0.0	0.0	0.0	1.0	0.0	0.0	0.0	0.5755395683453237	0.6071428571428572	0.2	0.36363636363636365	0.0	0.0	0.0	0.0	1.0	1.0	1.0	0.0	0.0	0.0	0.0	0.0	0.0	1.0	0.0	0.0	1.0	0.0	0.0	0.0
S1-789202287	S2-97346816	0	train	0.0	0.0	0.2790697674418605	0.26315789473684215	0.0	0.0	0.0	0.0	1.0	0.0	0.0	0.0	0.41333333333333333	0.4	0.1	0.18181818181818182	0.0	0.0	0.0	0.0	1.0	1.0	1.0	0.0	0.0	0.0	0.0	0.0	0.0	1.0	0.0	0.0	1.0	0.0	0.0	0.0
S1-789202287	S2-976531874	0	train	0.0	0.0	0.2790697674418605	0.26315789473684215	0.0	0.0	0.0	0.0	1.0	0.0	0.0	0.0	0.45283018867924535	0.4482758620689655	0.1724137931034483	0.45454545454545453	0.0	0.0	0.0	0.0	1.0	1.0	1.0	0.0	0.0	0.0	0.0	0.0	0.0	1.0	0.0	0.0	1.0	0.0	0.0	0.0
S1-789202287	S3-167664772	0	train	0.0	0.0	0.26315789473684215	0.303030303030303	0.0	0.0	0.0	0.0	1.0	0.0	0.0	0.0	0.46376811594202894	0.4144144144144144	0.21052631578947367	0.36363636363636365	0.0	0.0	0.0	0.0	1.0	1.0	1.0	0.0	0.0	0.0	0.0	0.0	0.0	1.0	0.0	0.0	1.0	0.0	0.0	0.0
S1-789202287	S3-187119497	0	train	0.0	0.0	0.2857142857142857	0.2222222222222222	0.0	0.0	0.0	0.0	1.0	0.0	0.0	0.0	0.4380952380952381	0.42352941176470593	0.0625	0.16666666666666666	0.0	0.0	0.0	0.0	1.0	1.0	1.0	0.0	0.0	0.0	0.0	0.0	0.0	1.0	0.0	0.0	1.0	0.0	0.0	0.0
S1-789202287	S3-193696870	0	train	0.0	0.0	0.23255813953488372	0.2564102564102564	0.0	0.0	0.0	0.0	1.0	0.0	0.0	0.0	0.46715328467153283	0.42592592592592593	0.08333333333333333	0.18181818181818182	0.0	0.0	0.0	0.0	1.0	1.0	1.0	0.0	0.0	0.0	0.0	0.0	0.0	1.0	0.0	0.0	1.0	0.0	0.0	0.0
S1-789202287	S3-24840436	0	train	0.0	0.0	0.25	0.17142857142857137	0.0	0.0	0.0	0.0	1.0	0.0	0.0	0.0	0.4269662921348315	0.4113475177304965	0.1	0.2727272727272727	0.0	0.0	0.0	0.0	1.0	1.0	1.0	0.0	0.0	0.0	0.0	0.0	0.0	1.0	0.0	0.0	1.0	0.0	0.0	0.0
S1-789202287	S3-626320105	0	train	0.0	0.0	0.3414634146341463	0.32432432432432434	0.0	0.0	0.0	0.0	1.0	0.0	0.0	0.0	0.4112149532710281	0.41860465116279066	0.058823529411764705	0.14285714285714285	0.0	0.0	0.0	0.0	1.0	1.0	1.0	0.0	0.0	0.0	0.0	0.0	0.0	1.0	0.0	0.0	1.0	0.0	0.0	0.0
S1-789202287	S3-683221115	0	train	0.0	0.0	0.33333333333333337	0.25806451612903225	0.0	0.0	0.0	0.0	1.0	0.0	0.0	0.0	0.34408602150537637	0.3013698630136986	0.13333333333333333	0.3333333333333333	0.0	0.0	0.0	0.0	1.0	1.0	1.0	0.0	0.0	0.0	0.0	0.0	0.0	1.0	0.0	0.0	1.0	0.0	0.0	0.0
S1-789202287	S3-761930706	0	train	0.0	0.0	0.25	0.22857142857142854	0.0	0.0	0.0	0.0	1.0	0.0	0.0	0.0	0.4489795918367348	0.40336134453781514	0.13636363636363635	0.2727272727272727	0.0	0.0	0.0	0.0	1.0	1.0	1.0	0.0	0.0	0.0	0.0	0.0	0.0	1.0	0.0	0.0	1.0	0.0	0.0	0.0
S1-789202287	S3-773588186	0	train	0.0	0.0	0.2857142857142857	0.25	0.0	0.0	0.0	0.0	1.0	0.0	0.0	0.0	0.3717948717948718	0.3492063492063492	0.13043478260869565	0.2727272727272727	0.0	0.0	0.0	0.0	1.0	1.0	1.0	0.0	0.0	0.0	0.0	0.0	0.0	1.0	0.0	0.0	1.0	0.0	0.0	0.0
S1-789202287	S3-817244796	0	train	0.0	0.0	0.07692307692307687	0.0	0.0	0.0	0.0	0.0	0.0	0.0	0.0	0.0	0.3538461538461538	0.339622641509434	0.16666666666666666	0.3	0.0	0.0	0.0	0.0	1.0	1.0	1.0	0.0	0.0	0.0	0.0	0.0	0.0	1.0	0.0	0.0	1.0	0.0	0.0	0.0
S1-791835123	S2-57158159	1	train	0.0	0.0	0.9696969696969697	0.9830508474576272	0.6	0.75	0.5	1.0	1.0	0.0	0.0	0.0	0.8771929824561404	0.9545454545454546	0.6666666666666666	0.8	0.0	0.0	0.0	0.0	1.0	1.0	1.0	0.0	0.0	0.0	0.0	0.0	0.0	1.0	0.0	1.0	0.0	0.0	0.0	0.0
S1-791835123	S2-638941979	1	train	0.0	0.0	0.8923076923076922	0.896551724137931	0.6	0.75	0.5	1.0	1.0	0.0	0.0	0.0	0.8771929824561404	0.9545454545454546	0.6666666666666666	0.8	0.0	0.0	0.0	0.0	1.0	1.0	1.0	0.0	0.0	0.0	0.0	0.0	0.0	1.0	0.0	1.0	0.0	0.0	0.0	0.0
S1-791835123	S2-769592756	1	train	0.0	1.0	0.8615384615384616	0.896551724137931	1.0	1.0	1.0	1.0	1.0	0.0	0.0	0.0	0.8771929824561404	0.9545454545454546	0.6666666666666666	0.8	0.0	0.0	0.0	0.0	1.0	1.0	1.0	0.0	0.0	0.0	0.0	0.0	0.0	2.0	1.0	1.0	0.0	0.0	0.0	0.0
S1-791835123	S3-828211576	1	train	0.0	0.0	0.625	0.6511627906976745	0.5	1.0	0.6666666666666666	0.0	1.0	0.0	0.0	0.0	0.5797101449275363	0.6296296296296297	0.5	0.8	0.0	1.0	1.0	0.0	1.0	1.0	1.0	0.0	0.0	0.0	0.0	0.0	0.0	2.0	0.0	1.0	1.0	0.0	0.0	0.0
S1-791835123	S2-174844705	0	train	0.0	0.0	0.34615384615384615	0.34042553191489366	0.0	0.0	0.0	0.0	1.0	0.0	0.0	0.0	0.38596491228070173	0.40909090909090906	0.1111111111111111	0.2	0.0	1.0	1.0	0.0	1.0	1.0	1.0	0.0	0.0	0.0	0.0	0.0	0.0	1.0	0.0	0.0	1.0	0.0	0.0	0.0
S1-791835123	S2-190687812	0	train	0.0	0.0	0.44776119402985076	0.41379310344827597	0.1111111111111111	0.25	0.0	1.0	1.0	0.0	0.0	0.0	0.36363636363636365	0.33333333333333337	0.1111111111111111	0.2	0.0	1.0	1.0	0.0	1.0	1.0	1.0	0.0	0.0	0.0	0.0	0.0	0.0	1.0	0.0	0.0	1.0	0.0	0.0	0.0
S1-791835123	S2-246139160	0	train	0.0	0.0	0.38596491228070173	0.3921568627450981	0.0	0.0	0.0	0.0	1.0	0.0	0.0	0.0	0.42105263157894735	0.40909090909090906	0.1111111111111111	0.2	0.0	1.0	1.0	1.0	1.0	1.0	1.0	0.0	0.0	0.0	0.0	0.0	0.0	1.0	0.0	0.0	1.0	0.0	0.0	0.0
S1-791835123	S2-247240546	0	train	0.0	0.0	0.368421052631579	0.32835820895522383	0.0	0.0	0.0	0.0	1.0	0.0	0.0	0.0	0.42622950819672134	0.41666666666666663	0.1111111111111111	0.2	0.0	1.0	1.0	1.0	1.0	1.0	1.0	0.0	0.0	0.0	0.0	0.0	0.0	1.0	0.0	0.0	1.0	0.0	0.0	0.0
S1-791835123	S2-410719932	0	train	0.0	0.0	0.3571428571428571	0.36	0.0	0.0	0.0	0.0	1.0	0.0	0.0	0.0	0.5245901639344263	0.5	0.1111111111111111	0.2	0.0	1.0	1.0	1.0	1.0	1.0	1.0	0.0	0.0	0.0	0.0	0.0	0.0	1.0	0.0	0.0	1.0	0.0	0.0	0.0
S1-791835123	S2-452178913	0	train	0.0	0.0	0.31034482758620685	0.27450980392156865	0.0	0.0	0.0	0.0	1.0	0.0	0.0	0.0	0.49122807017543857	0.5	0.1111111111111111	0.2	0.0	1.0	1.0	1.0	1.0	1.0	1.0	0.0	0.0	0.0	0.0	0.0	0.0	1.0	0.0	0.0	1.0	0.0	0.0	0.0
S1-791835123	S2-453005383	0	train	0.0	0.0	0.4074074074074075	0.375	0.0	0.0	0.0	0.0	1.0	0.0	0.0	0.0	0.4363636363636364	0.4285714285714286	0.1111111111111111	0.2	0.0	1.0	1.0	1.0	1.0	1.0	1.0	0.0	0.0	0.0	0.0	0.0	0.0	1.0	0.0	0.0	1.0	0.0	0.0	0.0
S1-791835123	S2-573915260	0	train	0.0	0.0	0.3448275862068966	0.34615384615384615	0.0	0.0	0.0	0.0	1.0	0.0	0.0	0.0	0.2807017543859649	0.31818181818181823	0.1111111111111111	0.2	0.0	1.0	1.0	0.0	1.0	1.0	1.0	0.0	0.0	0.0	0.0	0.0	0.0	1.0	0.0	0.0	1.0	0.0	0.0	0.0
S1-791835123	S2-781983827	0	train	0.0	0.0	0.2727272727272727	0.3076923076923077	0.0	0.0	0.0	0.0	1.0	0.0	0.0	0.0	0.3939393939393939	0.34615384615384615	0.1	0.2	0.0	1.0	1.0	1.0	1.0	1.0	1.0	0.0	0.0	0.0	0.0	0.0	0.0	1.0	0.0	0.0	1.0	0.0	0.0	0.0
S1-791835123	S2-797396835	0	train	0.0	0.0	0.29166666666666663	0.2857142857142857	0.0	0.0	0.0	0.0	1.0	0.0	0.0	0.0	0.47272727272727283	0.4285714285714286	0.25	0.4	0.0	0.5	1.0	1.0	1.0	1.0	1.0	0.0	0.0	0.0	0.0	0.0	0.0	1.0	0.0	0.0	1.0	0.0	0.0	0.0
S1-791835123	S2-977235074	0	train	0.0	0.0	0.32258064516129037	0.32727272727272727	0.0	0.0	0.0	0.0	1.0	0.0	0.0	0.0	0.3278688524590164	0.34042553191489366	0.1	0.2	0.0	0.5	0.0	0.0	1.0	1.0	1.0	0.0	0.0	0.0	0.0	0.0	0.0	1.0	0.0	0.0	1.0	0.0	0.0	0.0
S1-791835123	S3-152172627	0	train	0.0	0.0	0.2692307692307693	0.26086956521739135	0.0	0.0	0.0	0.0	1.0	0.0	0.0	0.0	0.3939393939393939	0.43999999999999995	0.08333333333333333	0.2	0.0	0.5	1.0	1.0	1.0	1.0	1.0	0.0	0.0	0.0	0.0	0.0	0.0	1.0	0.0	0.0	1.0	0.0	0.0	0.0
S1-791835123	S3-197079775	0	train	0.0	0.0	0.4411764705882353	0.4	0.0	0.0	0.0	0.0	1.0	0.0	0.0	0.0	0.4761904761904761	0.48	0.25	0.4	0.0	1.0	1.0	1.0	1.0	1.0	1.0	0.0	0.0	0.0	0.0	0.0	0.0	1.0	0.0	0.0	1.0	0.0	0.0	0.0
S1-791835123	S3-209617321	0	train	0.0	0.0	0.33333333333333337	0.29166666666666663	0.0	0.0	0.0	0.0	1.0	0.0	0.0	0.0	0.41666666666666663	0.42105263157894735	0.09090909090909091	0.2	0.0	0.5	1.0	1.0	1.0	1.0	1.0	0.0	0.0	0.0	0.0	0.0	0.0	1.0	0.0	0.0	1.0	0.0	0.0	0.0
S1-791835123	S3-23052259	0	train	0.0	0.0	0.3943661971830986	0.3492063492063492	0.0	0.0	0.0	0.0	1.0	0.0	0.0	0.0	0.4117647058823529	0.41509433962264153	0.09090909090909091	0.2	0.0	0.3333333333333333	1.0	1.0	1.0	1.0	1.0	0.0	0.0	0.0	0.0	0.0	0.0	1.0	0.0	0.0	1.0	0.0	0.0	0.0
S1-791835123	S3-274216751	0	train	0.0	0.0	0.38596491228070173	0.3921568627450981	0.0	0.0	0.0	0.0	1.0	0.0	0.0	0.0	0.36585365853658536	0.35820895522388063	0.09090909090909091	0.2	0.0	0.5	1.0	1.0	1.0	1.0	1.0	0.0	0.0	0.0	0.0	0.0	0.0	1.0	0.0	0.0	1.0	0.0	0.0	0.0
S1-791835123	S3-316220578	0	train	0.0	0.0	0.24	0.2272727272727273	0.0	0.0	0.0	0.0	1.0	0.0	0.0	0.0	0.40540540540540543	0.33898305084745756	0.09090909090909091	0.2	0.0	1.0	1.0	1.0	1.0	1.0	1.0	0.0	0.0	0.0	0.0	0.0	0.0	1.0	0.0	0.0	1.0	0.0	0.0	0.0
S1-791835123	S3-38143713	0	train	0.0	0.0	0.23255813953488372	0.21052631578947367	0.0	0.0	0.0	0.0	1.0	0.0	0.0	0.0	0.47457627118644063	0.43478260869565216	0.1111111111111111	0.2	0.0	1.0	1.0	1.0	1.0	1.0	1.0	0.0	0.0	0.0	0.0	0.0	0.0	1.0	0.0	0.0	1.0	0.0	0.0	0.0
S1-791835123	S3-647726341	0	train	0.0	0.0	0.20408163265306123	0.14634146341463417	0.0	0.0	0.0	0.0	1.0	0.0	0.0	0.0	0.40963855421686746	0.4242424242424242	0.07692307692307693	0.2	0.0	0.5	1.0	1.0	1.0	1.0	1.0	0.0	0.0	0.0	0.0	0.0	0.0	1.0	0.0	0.0	1.0	0.0	0.0	0.0
S1-791835123	S3-736268668	0	train	0.0	0.0	0.27450980392156865	0.2666666666666667	0.0	0.0	0.0	0.0	1.0	0.0	0.0	0.0	0.4	0.3137254901960784	0.1	0.2	0.0	1.0	1.0	1.0	1.0	1.0	1.0	0.0	0.0	0.0	0.0	0.0	0.0	1.0	0.0	0.0	1.0	0.0	0.0	0.0
S1-791835123	S3-753337091	0	train	0.0	0.0	0.38596491228070173	0.36	0.0	0.0	0.0	0.0	1.0	0.0	0.0	0.0	0.38095238095238093	0.4	0.25	0.4	0.0	1.0	1.0	0.0	1.0	1.0	1.0	0.0	0.0	0.0	0.0	0.0	0.0	1.0	0.0	0.0	1.0	0.0	0.0	0.0
S1-791835123	S3-758318451	0	train	0.0	0.0	0.33333333333333337	0.36734693877551017	0.0	0.0	0.0	0.0	1.0	0.0	0.0	0.0	0.3880597014925373	0.3846153846153846	0.09090909090909091	0.2	0.0	1.0	1.0	1.0	1.0	1.0	1.0	0.0	0.0	0.0	0.0	0.0	0.0	1.0	0.0	0.0	1.0	0.0	0.0	0.0
S1-791835123	S3-764450651	0	train	0.0	0.0	0.26086956521739135	0.25806451612903225	0.0	0.0	0.0	0.0	1.0	0.0	0.0	0.0	0.4482758620689655	0.5	0.1	0.2	0.0	1.0	1.0	1.0	1.0	1.0	1.0	0.0	0.0	0.0	0.0	0.0	0.0	1.0	0.0	0.0	1.0	0.0	0.0	0.0
S1-791835123	S3-773185656	0	train	0.0	0.0	0.34666666666666673	0.3880597014925373	0.0	0.0	0.0	0.0	1.0	0.0	0.0	0.0	0.43333333333333335	0.42553191489361697	0.1111111111111111	0.2	0.0	1.0	1.0	1.0	1.0	1.0	1.0	0.0	0.0	0.0	0.0	0.0	0.0	1.0	0.0	0.0	1.0	0.0	0.0	0.0
S1-791835123	S3-857252001	0	train	0.0	0.0	0.3278688524590164	0.33333333333333337	0.0	0.0	0.0	0.0	1.0	0.0	0.0	0.0	0.32835820895522383	0.339622641509434	0.1	0.2	0.0	1.0	1.0	0.0	1.0	1.0	1.0	0.0	0.0	0.0	0.0	0.0	0.0	1.0	0.0	0.0	1.0	0.0	0.0	0.0
S1-791835123	S3-85900287	0	train	0.0	0.0	0.3793103448275862	0.3529411764705882	0.14285714285714285	0.25	0.0	1.0	1.0	0.0	0.0	0.0	0.47457627118644063	0.4782608695652174	0.25	0.4	0.0	1.0	1.0	1.0	1.0	1.0	1.0	0.0	0.0	0.0	0.0	0.0	0.0	1.0	0.0	0.0	1.0	0.0	0.0	0.0
S1-791835123	S3-861615404	0	train	0.0	0.0	0.39130434782608686	0.4285714285714286	0.0	0.0	0.0	0.0	1.0	0.0	0.0	0.0	0.4	0.3921568627450981	0.1	0.2	0.0	1.0	1.0	1.0	1.0	1.0	1.0	0.0	0.0	0.0	0.0	0.0	0.0	1.0	0.0	0.0	1.0	0.0	0.0	0.0
S1-791835123	S3-924710634	0	train	0.0	0.0	0.3666666666666667	0.339622641509434	0.0	0.0	0.0	0.0	1.0	0.0	0.0	0.0	0.3728813559322034	0.34782608695652173	0.1111111111111111	0.2	0.0	1.0	1.0	1.0	1.0	1.0	1.0	0.0	0.0	0.0	0.0	0.0	0.0	1.0	0.0	0.0	1.0	0.0	0.0	0.0
S1-791835123	S3-934348237	0	train	0.0	0.0	0.25	0.24489795918367352	0.0	0.0	0.0	0.0	1.0	0.0	0.0	0.0	0.4117647058823529	0.4	0.25	0.4	0.0	1.0	1.0	1.0	1.0	1.0	1.0	0.0	0.0	0.0	0.0	0.0	0.0	1.0	0.0	0.0	1.0	0.0	0.0	0.0
S1-791835123	S3-950900840	0	train	0.0	0.0	0.31034482758620685	0.3529411764705882	0.0	0.0	0.0	0.0	1.0	0.0	0.0	0.0	0.32258064516129037	0.2857142857142857	0.25	0.4	0.0	0.5	1.0	0.0	1.0	1.0	1.0	0.0	0.0	0.0	0.0	0.0	0.0	1.0	0.0	0.0	1.0	0.0	0.0	0.0
S1-799324139	S2-110907946	1	train	0.0	0.0	0.9090909090909091	0.923076923076923	0.75	1.0	1.0	0.0	1.0	0.0	1.0	1.0	0.9180327868852458	1.0	1.0	1.0	0.0	1.0	1.0	1.0	1.0	1.0	1.0	0.0	0.0	0.0	0.0	0.0	0.0	2.0	0.0	1.0	1.0	0.0	0.0	0.0
S1-799324139	S2-329467133	1	train	1.0	1.0	1.0	1.0	1.0	1.0	1.0	1.0	1.0	0.0	0.0	0.0	0.0	0.0	0.0	0.0	0.0	0.0	0.0	0.0	0.0	1.0	1.0	0.0	0.0	0.0	1.0	0.0	0.0	2.0	1.0	1.0	0.0	0.0	0.0	0.0
S1-799324139	S2-920207347	1	train	0.0	1.0	0.8333333333333335	0.8571428571428572	1.0	1.0	1.0	1.0	1.0	0.0	0.0	0.0	0.8421052631578947	0.9333333333333332	0.8	1.0	0.0	0.0	0.0	0.0	1.0	1.0	1.0	0.0	0.0	0.0	0.0	0.0	0.0	3.0	1.0	1.0	1.0	0.0	0.0	0.0
S1-799324139	S2-938198231	1	train	0.0	0.0	0.6666666666666667	0.6875	0.5	1.0	0.6666666666666666	0.0	1.0	0.0	0.0	0.0	0.0	0.0	0.0	0.0	0.0	0.0	0.0	0.0	0.0	1.0	1.0	0.0	0.0	0.0	1.0	0.0	0.0	1.0	0.0	1.0	0.0	0.0	0.0	0.0
S1-799324139	S3-166565240	1	train	0.0	0.0	0.9090909090909091	0.923076923076923	0.75	1.0	1.0	0.0	1.0	0.0	0.0	0.0	0.835820895522388	0.8888888888888888	0.6666666666666666	0.8	0.0	1.0	1.0	1.0	1.0	1.0	1.0	0.0	0.0	0.0	0.0	0.0	0.0	2.0	0.0	1.0	1.0	0.0	0.0	0.0
S1-799324139	S3-486615954	1	train	0.0	0.0	0.8571428571428572	0.8571428571428572	1.0	1.0	1.0	1.0	1.0	0.0	0.0	0.0	0.835820895522388	0.8888888888888888	0.6666666666666666	0.8	0.0	1.0	1.0	1.0	1.0	1.0	1.0	0.0	0.0	0.0	0.0	0.0	0.0	2.0	0.0	1.0	1.0	0.0	0.0	0.0
S1-799324139	S2-102313610	0	train	0.0	0.0	0.2790697674418605	0.26315789473684215	0.0	0.0	0.0	0.0	1.0	0.0	0.0	0.0	0.3728813559322034	0.39130434782608686	0.1111111111111111	0.2	0.0	0.0	0.0	0.0	1.0	1.0	1.0	0.0	0.0	0.0	0.0	0.0	0.0	1.0	0.0	0.0	1.0	0.0	0.0	0.0
S1-799324139	S2-225721226	0	train	0.0	0.0	0.4	0.375	0.0	0.0	0.0	0.0	1.0	0.0	0.0	0.0	0.5423728813559322	0.5652173913043479	0.25	0.4	0.0	0.0	0.0	0.0	1.0	1.0	1.0	0.0	0.0	0.0	0.0	0.0	0.0	1.0	0.0	0.0	1.0	0.0	0.0	0.0
S1-799324139	S2-274588541	0	train	0.0	0.0	0.5416666666666667	0.5238095238095238	0.3333333333333333	0.5	0.2	1.0	1.0	0.0	0.0	0.0	0.31746031746031744	0.2857142857142857	0.0	0.0	0.0	0.0	0.0	0.0	1.0	1.0	1.0	0.0	0.0	0.0	0.0	0.0	0.0	1.0	0.0	1.0	0.0	0.0	0.0	0.0
S1-799324139	S2-283199196	0	train	0.0	0.0	0.5	0.4761904761904761	0.14285714285714285	0.25	0.2	0.0	1.0	0.0	0.0	0.0	0.3571428571428571	0.32558139534883723	0.0	0.0	0.0	0.0	0.0	0.0	1.0	1.0	1.0	0.0	0.0	0.0	0.0	0.0	0.0	1.0	0.0	1.0	0.0	0.0	0.0	0.0
S1-799324139	S2-395929353	0	train	0.0	0.0	0.36363636363636365	0.326530612244898	0.0	0.0	0.0	0.0	1.0	0.0	0.0	0.0	0.3793103448275862	0.4	0.1111111111111111	0.2	0.0	0.0	0.0	0.0	1.0	1.0	1.0	0.0	0.0	0.0	0.0	0.0	0.0	1.0	0.0	0.0	1.0	0.0	0.0	0.0
S1-799324139	S2-457903246	0	train	0.0	0.0	0.36734693877551017	0.37209302325581395	0.0	0.0	0.0	0.0	1.0	0.0	0.0	0.0	0.3561643835616438	0.3448275862068966	0.09090909090909091	0.2	0.0	0.0	0.0	0.0	1.0	1.0	1.0	0.0	0.0	0.0	0.0	0.0	0.0	1.0	0.0	0.0	1.0	0.0	0.0	0.0
S1-799324139	S2-500096956	0	train	0.0	0.0	0.326530612244898	0.36363636363636365	0.0	0.0	0.0	0.0	1.0	0.0	0.0	0.0	0.4516129032258065	0.40816326530612246	0.25	0.4	0.0	0.0	0.0	0.0	1.0	1.0	1.0	0.0	0.0	0.0	0.0	0.0	0.0	1.0	0.0	0.0	1.0	0.0	0.0	0.0
S1-799324139	S2-653604657	0	train	0.0	0.0	0.5454545454545454	0.5	0.125	0.25	0.16666666666666666	0.0	1.0	0.0	0.0	0.0	0.2807017543859649	0.2727272727272727	0.0	0.0	0.0	0.0	0.0	0.0	1.0	1.0	1.0	0.0	0.0	0.0	0.0	0.0	0.0	1.0	0.0	1.0	0.0	0.0	0.0	0.0
S1-799324139	S2-733468205	0	train	0.0	0.0	0.48275862068965514	0.4705882352941176	0.125	0.25	0.0	1.0	1.0	0.0	0.0	0.0	0.5245901639344263	0.5416666666666667	0.25	0.4	0.0	0.0	0.0	0.0	1.0	1.0	1.0	0.0	0.0	0.0	0.0	0.0	0.0	1.0	0.0	0.0	1.0	0.0	0.0	0.0
S1-799324139	S2-976075600	0	train	0.0	0.0	0.5116279069767442	0.5263157894736843	0.16666666666666666	0.3333333333333333	0.2	0.0	1.0	0.0	0.0	0.0	0.3835616438356164	0.3793103448275862	0.0	0.0	0.0	0.0	0.0	0.0	1.0	1.0	1.0	0.0	0.0	0.0	0.0	0.0	0.0	1.0	0.0	1.0	0.0	0.0	0.0	0.0
S1-799324139	S3-203091331	0	train	0.0	0.0	0.35	0.38888888888888884	0.0	0.0	0.0	0.0	1.0	0.0	0.0	0.0	0.375	0.3137254901960784	0.25	0.4	0.0	0.0	0.0	0.0	1.0	1.0	1.0	0.0	0.0	0.0	0.0	0.0	0.0	1.0	0.0	0.0	1.0	0.0	0.0	0.0
S1-799324139	S3-290649016	0	train	0.0	0.0	0.3728813559322034	0.34615384615384615	0.0	0.0	0.0	0.0	1.0	0.0	0.0	0.0	0.368421052631579	0.29508196721311475	0.09090909090909091	0.2	0.0	0.0	0.0	0.0	1.0	1.0	1.0	0.0	0.0	0.0	0.0	0.0	0.0	1.0	0.0	0.0	1.0	0.0	0.0	0.0
S1-799324139	S3-319380764	0	train	0.0	0.0	0.25806451612903225	0.2222222222222222	0.0	0.0	0.0	0.0	1.0	0.0	0.0	0.0	0.3384615384615385	0.36	0.09090909090909091	0.2	0.0	0.0	0.0	0.0	1.0	1.0	1.0	0.0	0.0	0.0	0.0	0.0	0.0	1.0	0.0	0.0	1.0	0.0	0.0	0.0
S1-799324139	S3-326766362	0	train	0.0	0.0	0.3589743589743589	0.4	0.0	0.0	0.0	0.0	1.0	0.0	0.0	0.0	0.47887323943661975	0.49122807017543857	0.1	0.2	0.0	0.0	0.0	0.0	1.0	1.0	1.0	0.0	0.0	0.0	0.0	0.0	0.0	1.0	0.0	0.0	1.0	0.0	0.0	0.0
S1-799324139	S3-349313911	0	train	0.0	0.0	0.48	0.4545454545454546	0.0	0.0	0.0	0.0	1.0	0.0	0.0	0.0	0.5079365079365079	0.48	0.1111111111111111	0.2	0.0	0.0	0.0	0.0	1.0	1.0	1.0	0.0	0.0	0.0	0.0	0.0	0.0	1.0	0.0	0.0	1.0	0.0	0.0	0.0
S1-799324139	S3-361008803	0	train	0.0	0.0	0.35820895522388063	0.33898305084745756	0.1111111111111111	0.25	0.0	1.0	1.0	0.0	0.0	0.0	0.5074626865671642	0.49056603773584906	0.1	0.2	0.0	0.0	0.0	0.0	1.0	1.0	1.0	0.0	0.0	0.0	0.0	0.0	0.0	1.0	0.0	0.0	1.0	0.0	0.0	0.0
S1-799324139	S3-407104054	0	train	0.0	0.0	0.2702702702702703	0.303030303030303	0.0	0.0	0.0	0.0	1.0	0.0	0.0	0.0	0.35820895522388063	0.3703703703703704	0.1111111111111111	0.2	0.0	0.0	0.0	0.0	1.0	1.0	1.0	0.0	0.0	0.0	0.0	0.0	0.0	1.0	0.0	0.0	1.0	0.0	0.0	0.0
S1-799324139	S3-459059862	0	train	0.0	0.0	0.33333333333333337	0.375	0.0	0.0	0.0	0.0	1.0	0.0	0.0	0.0	0.36923076923076925	0.3846153846153846	0.1111111111111111	0.2	0.0	0.0	0.0	0.0	1.0	1.0	1.0	0.0	0.0	0.0	0.0	0.0	0.0	1.0	0.0	0.0	1.0	0.0	0.0	0.0
S1-799324139	S3-586133364	0	train	0.0	0.0	0.5106382978723405	0.4761904761904761	0.16666666666666666	0.3333333333333333	0.2	0.0	1.0	0.0	0.0	0.0	0.4	0.32727272727272727	0.0	0.0	0.0	0.0	0.0	0.0	1.0	1.0	1.0	0.0	0.0	0.0	0.0	0.0	0.0	1.0	0.0	1.0	0.0	0.0	0.0	0.0
S1-799324139	S3-598396076	0	train	0.0	0.0	0.5357142857142857	0.56	0.14285714285714285	0.25	0.0	1.0	1.0	0.0	0.0	0.0	0.48275862068965514	0.5217391304347826	0.125	0.25	0.0	0.0	0.0	0.0	1.0	1.0	1.0	0.0	0.0	0.0	0.0	0.0	0.0	1.0	0.0	0.0	1.0	0.0	0.0	0.0
S1-799324139	S3-613118903	0	train	0.0	0.0	0.3157894736842105	0.2941176470588235	0.0	0.0	0.0	0.0	1.0	0.0	0.0	0.0	0.46875	0.43137254901960786	0.1111111111111111	0.2	0.0	0.0	0.0	0.0	1.0	1.0	1.0	0.0	0.0	0.0	0.0	0.0	0.0	1.0	0.0	0.0	1.0	0.0	0.0	0.0
S1-799324139	S3-623085355	0	train	0.0	0.0	0.5	0.48	0.14285714285714285	0.25	0.16666666666666666	0.0	1.0	0.0	0.0	0.0	0.2564102564102564	0.2222222222222222	0.0	0.0	0.0	0.0	0.0	0.0	1.0	1.0	1.0	0.0	0.0	0.0	0.0	0.0	0.0	1.0	0.0	1.0	0.0	0.0	0.0	0.0
S1-799324139	S3-628649116	0	train	0.0	0.0	0.3703703703703704	0.33333333333333337	0.0	0.0	0.0	0.0	1.0	0.0	0.0	0.0	0.3544303797468354	0.2857142857142857	0.08333333333333333	0.2	0.0	0.0	0.0	0.0	1.0	1.0	1.0	0.0	0.0	0.0	0.0	0.0	0.0	1.0	0.0	0.0	1.0	0.0	0.0	0.0
S1-799324139	S3-725362165	0	train	0.0	0.0	0.2857142857142857	0.2702702702702703	0.0	0.0	0.0	0.0	1.0	0.0	0.0	0.0	0.3125	0.3529411764705882	0.1111111111111111	0.2	0.0	0.0	0.0	0.0	1.0	1.0	1.0	0.0	0.0	0.0	0.0	0.0	0.0	1.0	0.0	0.0	1.0	0.0	0.0	0.0
S1-799324139	S3-765653975	0	train	0.0	0.0	0.4193548387096774	0.4074074074074075	0.1111111111111111	0.25	0.0	1.0	1.0	0.0	0.0	0.0	0.5483870967741935	0.5306122448979591	0.1111111111111111	0.2	0.0	0.0	0.0	0.0	1.0	1.0	1.0	0.0	0.0	0.0	0.0	0.0	0.0	1.0	0.0	0.0	1.0	0.0	0.0	0.0
S1-799324139	S3-790952136	0	train	0.0	0.0	0.6486486486486487	0.6666666666666667	0.2	0.5	0.25	0.0	1.0	0.0	0.0	0.0	0.4057971014492754	0.3571428571428571	0.0	0.0	0.0	0.0	0.0	0.0	1.0	1.0	1.0	0.0	0.0	0.0	0.0	0.0	0.0	1.0	0.0	1.0	0.0	0.0	0.0	0.0
S1-799324139	S3-91251813	0	train	0.0	0.0	0.4	0.3555555555555555	0.0	0.0	0.0	0.0	1.0	0.0	0.0	0.0	0.5	0.48484848484848486	0.2222222222222222	0.4	0.0	0.0	0.0	0.0	1.0	1.0	1.0	0.0	0.0	0.0	0.0	0.0	0.0	1.0	0.0	0.0	1.0	0.0	0.0	0.0
S1-799324139	S3-921652543	0	train	0.0	0.0	0.6538461538461539	0.6086956521739131	0.3333333333333333	0.5	0.2	1.0	1.0	0.0	0.0	0.0	0.3287671232876712	0.24561403508771928	0.0	0.0	0.0	0.0	0.0	0.0	1.0	1.0	1.0	0.0	0.0	0.0	0.0	0.0	0.0	1.0	0.0	1.0	0.0	0.0	0.0	0.0
S1-799324139	S3-980407859	0	train	0.0	0.0	0.3529411764705882	0.32558139534883723	0.0	0.0	0.0	0.0	1.0	0.0	0.0	0.0	0.48484848484848486	0.49056603773584906	0.1111111111111111	0.2	0.0	0.0	0.0	0.0	1.0	1.0	1.0	0.0	0.0	0.0	0.0	0.0	0.0	1.0	0.0	0.0	1.0	0.0	0.0	0.0
S1-799324139	S3-991866604	0	train	0.0	0.0	0.6190476190476191	0.5945945945945945	0.16666666666666666	0.3333333333333333	0.25	0.0	1.0	0.0	0.0	0.0	0.2716049382716049	0.25	0.0	0.0	0.0	0.0	0.0	0.0	1.0	1.0	1.0	0.0	0.0	0.0	0.0	0.0	0.0	1.0	0.0	1.0	0.0	0.0	0.0	0.0
S1-82357785	S2-66723484	1	train	1.0	1.0	1.0	1.0	1.0	1.0	1.0	0.0	1.0	0.0	0.0	0.0	0.7722772277227723	0.8493150684931507	0.9	1.0	0.0	1.0	1.0	0.0	0.0	1.0	1.0	0.0	0.0	0.0	0.0	0.0	0.0	3.0	1.0	1.0	1.0	0.0	0.0	0.0
S1-82357785	S2-708518441	1	train	1.0	1.0	1.0	1.0	1.0	1.0	1.0	0.0	1.0	0.0	0.0	0.0	0.7555555555555555	0.875	0.8888888888888888	1.0	0.0	1.0	1.0	0.0	1.0	1.0	1.0	0.0	0.0	0.0	0.0	0.0	0.0	3.0	1.0	1.0	1.0	0.0	0.0	0.0
S1-82357785	S3-145653568	1	train	1.0	1.0	1.0	1.0	1.0	1.0	1.0	0.0	1.0	0.0	0.0	0.0	0.6391752577319587	0.6956521739130435	0.9	1.0	0.0	1.0	0.0	0.0	1.0	1.0	1.0	0.0	0.0	0.0	0.0	0.0	0.0	3.0	1.0	1.0	1.0	0.0	0.0	0.0
S1-82357785	S3-441578096	1	train	0.0	0.0	0.9696969696969697	0.967741935483871	0.3333333333333333	0.5	0.3333333333333333	0.0	1.0	0.0	0.0	0.0	0.845360824742268	0.9565217391304348	0.9	1.0	0.0	1.0	1.0	0.0	1.0	1.0	1.0	0.0	0.0	0.0	0.0	0.0	0.0	2.0	0.0	1.0	1.0	0.0	0.0	0.0
S1-82357785	S3-651636523	1	train	0.0	0.0	0.5833333333333333	0.6086956521739131	0.5	1.0	0.5	0.0	1.0	0.0	0.0	1.0	0.72	0.8333333333333335	1.0	1.0	0.0	1.0	0.0	0.0	1.0	1.0	1.0	0.0	0.0	0.0	0.0	0.0	0.0	2.0	0.0	1.0	1.0	0.0	0.0	0.0
S1-82357785	S2-158968725	0	train	0.0	0.0	0.3125	0.27586206896551724	0.0	0.0	0.0	0.0	1.0	0.0	0.0	0.0	0.7586206896551724	0.8235294117647058	0.5	0.7777777777777778	0.0	0.3333333333333333	0.0	0.0	1.0	1.0	1.0	0.0	0.0	0.0	0.0	0.0	0.0	1.0	0.0	0.0	1.0	0.0	0.0	0.0
S1-82357785	S2-190651957	0	train	0.0	0.0	0.32432432432432434	0.36363636363636365	0.0	0.0	0.0	0.0	1.0	0.0	0.0	0.0	0.41726618705035967	0.4752475247524752	0.12	0.3333333333333333	0.0	0.0	0.0	0.0	1.0	1.0	1.0	0.0	0.0	0.0	0.0	0.0	0.0	1.0	0.0	0.0	1.0	0.0	0.0	0.0
S1-82357785	S2-384274806	0	train	0.0	0.0	0.6486486486486487	0.6666666666666667	0.2	0.5	0.3333333333333333	0.0	1.0	0.0	0.0	0.0	0.36363636363636365	0.3296703296703297	0.05	0.1111111111111111	0.0	0.0	0.0	0.0	1.0	1.0	1.0	0.0	0.0	0.0	0.0	0.0	0.0	1.0	0.0	1.0	0.0	0.0	0.0	0.0
S1-82357785	S2-408321266	0	train	0.0	0.0	0.30434782608695654	0.29268292682926833	0.0	0.0	0.0	0.0	1.0	0.0	0.0	0.0	0.7111111111111111	0.8125	0.7	0.875	0.0	0.3333333333333333	0.0	0.0	1.0	1.0	1.0	0.0	0.0	0.0	0.0	0.0	0.0	1.0	0.0	0.0	1.0	0.0	0.0	0.0
S1-82357785	S2-43324195	0	train	0.0	0.0	0.6666666666666667	0.6470588235294117	0.3333333333333333	0.5	0.3333333333333333	0.0	1.0	0.0	0.0	0.0	0.3309352517985612	0.2990654205607477	0.0	0.0	0.0	0.0	0.0	0.0	1.0	1.0	1.0	0.0	0.0	0.0	0.0	0.0	0.0	1.0	0.0	1.0	0.0	0.0	0.0	0.0
S1-82357785	S2-433577435	0	train	0.0	0.0	0.5116279069767442	0.5128205128205128	0.2	0.5	0.2	0.0	1.0	0.0	0.0	0.0	0.3114754098360656	0.28260869565217395	0.05	0.1111111111111111	0.0	0.0	0.0	0.0	1.0	1.0	1.0	0.0	0.0	0.0	0.0	0.0	0.0	1.0	0.0	1.0	0.0	0.0	0.0	0.0
S1-82357785	S2-454984819	0	train	0.0	0.0	0.04444444444444439	0.0	0.0	0.0	0.0	0.0	0.0	0.0	0.0	0.0	0.3538461538461538	0.34343434343434337	0.1	0.2222222222222222	0.0	0.0	0.0	0.0	1.0	1.0	1.0	0.0	0.0	0.0	0.0	0.0	0.0	1.0	0.0	0.0	1.0	0.0	0.0	0.0
S1-82357785	S2-519866923	0	train	0.0	0.0	0.46808510638297873	0.4761904761904761	0.16666666666666666	0.5	0.2	0.0	1.0	0.0	0.0	0.0	0.29230769230769227	0.26262626262626265	0.047619047619047616	0.1111111111111111	0.0	0.0	0.0	0.0	1.0	1.0	1.0	0.0	0.0	0.0	0.0	0.0	0.0	1.0	0.0	1.0	0.0	0.0	0.0	0.0
S1-82357785	S2-534712157	0	train	0.0	0.0	0.6470588235294117	0.6451612903225806	0.25	0.5	0.3333333333333333	0.0	1.0	0.0	0.0	0.0	0.35398230088495575	0.32558139534883723	0.0	0.0	0.0	0.0	0.0	0.0	1.0	1.0	1.0	0.0	0.0	0.0	0.0	0.0	0.0	1.0	0.0	1.0	0.0	0.0	0.0	0.0
S1-82357785	S2-638698324	0	train	0.0	0.0	0.24242424242424243	0.2666666666666667	0.0	0.0	0.0	0.0	1.0	0.0	0.0	0.0	0.34285714285714286	0.37254901960784315	0.11538461538461539	0.3333333333333333	0.0	0.0	0.0	0.0	0.0	1.0	1.0	0.0	0.0	0.0	0.0	0.0	0.0	1.0	0.0	0.0	1.0	0.0	0.0	0.0
S1-82357785	S2-699539862	0	train	0.0	0.0	0.2857142857142857	0.2962962962962963	0.0	0.0	0.0	0.0	1.0	0.0	0.0	0.0	0.33939393939393936	0.2992125984251969	0.04	0.1111111111111111	0.0	0.0	0.0	0.0	0.0	1.0	1.0	0.0	0.0	0.0	0.0	0.0	0.0	1.0	0.0	0.0	1.0	0.0	0.0	0.0
S1-82357785	S2-727211058	0	train	0.0	0.0	0.631578947368421	0.6285714285714286	0.25	0.5	0.3333333333333333	0.0	1.0	0.0	0.0	0.0	0.31666666666666665	0.25	0.0	0.0	0.0	0.0	0.0	0.0	1.0	1.0	1.0	0.0	0.0	0.0	0.0	0.0	0.0	1.0	0.0	1.0	0.0	0.0	0.0	0.0
S1-82357785	S2-83198717	0	train	0.0	0.0	0.4	0.38888888888888884	0.0	0.0	0.0	0.0	1.0	0.0	0.0	0.0	0.32432432432432434	0.2857142857142857	0.13333333333333333	0.25	0.0	0.3333333333333333	0.0	0.0	0.0	1.0	1.0	0.0	0.0	0.0	0.0	0.0	0.0	1.0	0.0	0.0	1.0	0.0	0.0	0.0
S1-82357785	S2-84137548	0	train	0.0	0.0	0.65	0.6486486486486487	0.25	0.5	0.3333333333333333	0.0	1.0	0.0	0.0	0.0	0.29059829059829057	0.30952380952380953	0.0	0.0	0.0	0.0	0.0	0.0	1.0	1.0	1.0	0.0	0.0	0.0	0.0	0.0	0.0	1.0	0.0	1.0	0.0	0.0	0.0	0.0
S1-82357785	S2-873922518	0	train	0.0	0.0	0.21052631578947367	0.23529411764705888	0.0	0.0	0.0	0.0	0.0	0.0	0.0	0.0	0.4065040650406504	0.375	0.058823529411764705	0.1111111111111111	0.0	0.0	0.0	0.0	1.0	1.0	1.0	0.0	0.0	0.0	0.0	0.0	0.0	1.0	0.0	0.0	1.0	0.0	0.0	0.0
S1-82357785	S2-879744928	0	train	0.0	0.0	0.5714285714285714	0.5454545454545454	0.3333333333333333	0.5	0.3333333333333333	0.0	1.0	0.0	0.0	0.0	0.5436893203883495	0.5066666666666666	0.2	0.3333333333333333	0.0	0.0	0.0	0.0	1.0	1.0	1.0	0.0	0.0	0.0	0.0	0.0	0.0	1.0	0.0	1.0	0.0	0.0	0.0	0.0
S1-82357785	S2-902093312	0	train	0.0	0.0	0.5490196078431373	0.5652173913043479	0.16666666666666666	0.5	0.2	0.0	1.0	0.0	0.0	0.0	0.28846153846153844	0.2894736842105263	0.11764705882352941	0.2222222222222222	0.0	0.0	0.0	0.0	0.0	1.0	1.0	0.0	0.0	0.0	0.0	0.0	0.0	1.0	0.0	1.0	0.0	0.0	0.0	0.0
S1-82357785	S3-257866723	0	train	0.0	0.0	0.125	0.13793103448275867	0.0	0.0	0.0	0.0	1.0	0.0	0.0	0.0	0.30612244897959184	0.33333333333333337	0.0625	0.125	0.0	0.0	0.0	0.0	1.0	1.0	1.0	0.0	0.0	0.0	0.0	0.0	0.0	1.0	0.0	0.0	1.0	0.0	0.0	0.0
S1-82357785	S3-28006906	0	train	0.0	0.0	0.6470588235294117	0.625	0.3333333333333333	0.5	0.3333333333333333	0.0	1.0	0.0	0.0	0.0	0.33333333333333337	0.3119266055045872	0.0	0.0	0.0	0.0	0.0	0.0	1.0	1.0	1.0	0.0	0.0	0.0	0.0	0.0	0.0	1.0	0.0	1.0	0.0	0.0	0.0	0.0
S1-82357785	S3-313222466	0	train	0.0	0.0	0.41025641025641024	0.4444444444444444	0.0	0.0	0.0	0.0	1.0	0.0	0.0	0.0	0.37735849056603776	0.3114754098360656	0.038461538461538464	0.1111111111111111	0.0	0.0	0.0	0.0	1.0	1.0	1.0	0.0	0.0	0.0	0.0	0.0	0.0	1.0	0.0	0.0	1.0	0.0	0.0	0.0
S1-82357785	S3-410890719	0	train	0.0	0.0	0.22857142857142854	0.25	0.0	0.0	0.0	0.0	1.0	0.0	0.0	0.0	0.44705882352941173	0.5	0.6	0.8571428571428571	0.0	0.5	1.0	0.0	0.0	1.0	1.0	0.0	0.0	0.0	0.0	0.0	0.0	1.0	0.0	0.0	1.0	0.0	0.0	0.0
S1-82357785	S3-468813816	0	train	0.0	0.0	0.6470588235294117	0.625	0.3333333333333333	0.5	0.3333333333333333	0.0	1.0	0.0	0.0	0.0	0.3728813559322034	0.34090909090909094	0.05	0.1111111111111111	0.0	0.0	0.0	0.0	1.0	1.0	1.0	0.0	0.0	0.0	0.0	0.0	0.0	1.0	0.0	1.0	0.0	0.0	0.0	0.0
S1-82357785	S3-476375902	0	train	0.0	0.0	0.5833333333333333	0.6086956521739131	0.5	1.0	0.5	0.0	1.0	0.0	0.0	0.0	0.3551401869158879	0.35	0.058823529411764705	0.1111111111111111	0.0	0.0	0.0	0.0	1.0	1.0	1.0	0.0	0.0	0.0	0.0	0.0	0.0	1.0	0.0	1.0	0.0	0.0	0.0	0.0
S1-82357785	S3-533088102	0	train	0.0	0.0	0.46808510638297873	0.4878048780487805	0.16666666666666666	0.5	0.2	0.0	1.0	0.0	0.0	0.0	0.30000000000000004	0.2894736842105263	0.0	0.0	0.0	0.0	0.0	0.0	0.0	1.0	1.0	0.0	0.0	0.0	0.0	0.0	0.0	1.0	0.0	1.0	0.0	0.0	0.0	0.0
S1-82357785	S3-575411105	0	train	0.0	0.0	0.6190476190476191	0.631578947368421	0.2	0.5	0.3333333333333333	0.0	1.0	0.0	0.0	0.0	0.43478260869565216	0.40816326530612246	0.07692307692307693	0.2222222222222222	0.0	0.16666666666666666	0.0	0.0	1.0	1.0	1.0	0.0	0.0	0.0	0.0	0.0	0.0	1.0	0.0	1.0	0.0	0.0	0.0	0.0
S1-82357785	S3-679781436	0	train	0.0	0.0	0.23255813953488372	0.2564102564102564	0.0	0.0	0.0	0.0	1.0	0.0	0.0	0.0	0.8247422680412371	0.927536231884058	0.5833333333333334	0.7777777777777778	0.0	0.3333333333333333	0.0	0.0	1.0	1.0	1.0	0.0	0.0	0.0	0.0	0.0	0.0	1.0	0.0	0.0	1.0	0.0	0.0	0.0
S1-82357785	S3-681196678	0	train	0.0	0.0	0.30434782608695654	0.3414634146341463	0.0	0.0	0.0	0.0	1.0	0.0	0.0	0.0	0.3916083916083915	0.39252336448598135	0.08695652173913043	0.2222222222222222	0.0	0.0	0.0	0.0	0.0	1.0	1.0	0.0	0.0	0.0	0.0	0.0	0.0	1.0	0.0	0.0	1.0	0.0	0.0	0.0
S1-82357785	S3-861001709	0	train	0.0	0.0	0.037735849056603765	0.0	0.0	0.0	0.0	0.0	0.0	0.0	0.0	0.0	0.8041237113402062	0.8985507246376812	0.5833333333333334	0.7777777777777778	0.0	0.3333333333333333	0.0	0.0	1.0	1.0	1.0	0.0	0.0	0.0	0.0	0.0	0.0	1.0	0.0	0.0	1.0	0.0	0.0	0.0
S1-82357785	S3-945887760	0	train	0.0	0.0	0.6470588235294117	0.625	0.3333333333333333	0.5	0.3333333333333333	0.0	1.0	0.0	0.0	0.0	0.4324324324324324	0.41463414634146345	0.05263157894736842	0.1111111111111111	0.0	0.0	0.0	0.0	1.0	1.0	1.0	0.0	0.0	0.0	0.0	0.0	0.0	1.0	0.0	1.0	0.0	0.0	0.0	0.0
S1-82357785	S3-974897374	0	train	0.0	0.0	0.4307692307692308	0.45614035087719296	0.125	0.5	0.16666666666666666	0.0	1.0	0.0	0.0	0.0	0.38095238095238093	0.34408602150537637	0.09523809523809523	0.2222222222222222	0.0	0.0	0.0	0.0	1.0	1.0	1.0	0.0	0.0	0.0	0.0	0.0	0.0	1.0	0.0	1.0	0.0	0.0	0.0	0.0
S1-855453577	S2-105729824	0	validation	0.0	0.0	0.38095238095238093	0.3783783783783784	0.0	0.0	0.0	0.0	1.0	0.0	0.0	0.0	0.45614035087719296	0.5581395348837209	0.1111111111111111	0.2	0.0	0.0	0.0	0.0	1.0	1.0	1.0	0.0	0.0	0.0	0.0	0.0	0.0	1.0	0.0	0.0	1.0	0.0	0.0	0.0
S1-855453577	S2-262969088	0	validation	0.0	0.0	0.25531914893617025	0.24390243902439024	0.0	0.0	0.0	0.0	1.0	0.0	0.0	0.0	0.339622641509434	0.2162162162162162	0.09090909090909091	0.2	0.0	0.0	0.0	0.0	1.0	1.0	1.0	0.0	0.0	0.0	0.0	0.0	0.0	1.0	0.0	0.0	1.0	0.0	0.0	0.0
S1-855453577	S2-414243196	0	validation	0.0	0.0	0.23809523809523814	0.21052631578947367	0.0	0.0	0.0	0.0	1.0	0.0	0.0	0.0	0.3846153846153846	0.42105263157894735	0.1111111111111111	0.2	0.0	0.0	0.0	0.0	1.0	1.0	1.0	0.0	0.0	0.0	0.0	0.0	0.0	1.0	0.0	0.0	1.0	0.0	0.0	0.0
S1-855453577	S2-430872968	0	validation	0.0	0.0	0.4390243902439024	0.4444444444444444	0.16666666666666666	0.3333333333333333	0.2	0.0	1.0	0.0	0.0	0.0	0.27450980392156865	0.26315789473684215	0.0	0.0	0.0	0.0	0.0	0.0	1.0	1.0	1.0	0.0	0.0	0.0	0.0	0.0	0.0	1.0	0.0	1.0	0.0	0.0	0.0	0.0
S1-855453577	S2-438611030	0	validation	0.0	0.0	0.2702702702702703	0.24242424242424243	0.0	0.0	0.0	0.0	1.0	0.0	0.0	0.0	0.3571428571428571	0.4761904761904761	0.25	0.4	0.0	0.0	0.0	0.0	1.0	1.0	1.0	0.0	0.0	0.0	0.0	0.0	0.0	1.0	0.0	0.0	1.0	0.0	0.0	0.0
S1-855453577	S2-532324117	0	validation	0.0	0.0	0.31999999999999995	0.3111111111111111	0.0	0.0	0.0	0.0	1.0	0.0	0.0	0.0	0.4444444444444444	0.5	0.2222222222222222	0.4	0.0	0.0	0.0	0.0	1.0	1.0	1.0	0.0	0.0	0.0	0.0	0.0	0.0	1.0	0.0	0.0	1.0	0.0	0.0	0.0
S1-855453577	S2-64901494	0	validation	0.0	0.0	0.2857142857142857	0.26315789473684215	0.0	0.0	0.0	0.0	1.0	0.0	0.0	0.0	0.3793103448275862	0.4545454545454546	0.1111111111111111	0.2	0.0	0.0	0.0	0.0	1.0	1.0	1.0	0.0	0.0	0.0	0.0	0.0	0.0	1.0	0.0	0.0	1.0	0.0	0.0	0.0
S1-855453577	S2-702065241	0	validation	0.0	0.0	0.21052631578947367	0.18181818181818177	0.0	0.0	0.0	0.0	1.0	0.0	0.0	0.0	0.3928571428571429	0.4761904761904761	0.1111111111111111	0.2	0.0	0.0	0.0	0.0	1.0	1.0	1.0	0.0	0.0	0.0	0.0	0.0	0.0	1.0	0.0	0.0	1.0	0.0	0.0	0.0
S1-855453577	S2-728406184	0	validation	0.0	0.0	0.23255813953488372	0.21052631578947367	0.0	0.0	0.0	0.0	1.0	0.0	0.0	0.0	0.3548387096774194	0.3111111111111111	0.18181818181818182	0.4	0.0	0.0	0.0	0.0	1.0	1.0	1.0	0.0	0.0	0.0	0.0	0.0	0.0	1.0	0.0	0.0	1.0	0.0	0.0	0.0
S1-855453577	S2-741458809	0	validation	0.0	0.0	0.2857142857142857	0.2727272727272727	0.0	0.0	0.0	0.0	1.0	0.0	0.0	0.0	0.3793103448275862	0.23255813953488372	0.1	0.2	0.0	0.0	0.0	0.0	1.0	1.0	1.0	0.0	0.0	0.0	0.0	0.0	0.0	1.0	0.0	0.0	1.0	0.0	0.0	0.0
S1-855453577	S2-777556617	0	validation	0.0	0.0	0.4	0.3870967741935484	0.2	0.5	0.25	0.0	1.0	0.0	0.0	0.0	0.25396825396825395	0.20833333333333337	0.0	0.0	0.0	0.0	0.0	0.0	1.0	1.0	1.0	0.0	0.0	0.0	0.0	0.0	0.0	1.0	0.0	1.0	0.0	0.0	0.0	0.0
S1-855453577	S2-871156956	0	validation	0.0	0.0	0.4242424242424242	0.3571428571428571	0.16666666666666666	0.3333333333333333	0.25	0.0	1.0	0.0	0.0	0.0	0.29729729729729726	0.25	0.07692307692307693	0.2	0.0	0.0	0.0	0.0	1.0	1.0	1.0	0.0	0.0	0.0	0.0	0.0	0.0	1.0	0.0	1.0	0.0	0.0	0.0	0.0
S1-855453577	S2-964590490	0	validation	0.0	0.0	0.38888888888888884	0.32258064516129037	0.0	0.0	0.0	0.0	1.0	0.0	0.0	0.0	0.33898305084745756	0.4444444444444444	0.25	0.4	0.0	0.0	0.0	0.0	1.0	1.0	1.0	0.0	0.0	0.0	0.0	0.0	0.0	1.0	0.0	0.0	1.0	0.0	0.0	0.0
S1-855453577	S3-13493858	0	validation	0.0	0.0	0.33333333333333337	0.2857142857142857	0.14285714285714285	0.25	0.16666666666666666	0.0	1.0	0.0	0.0	0.0	0.24242424242424243	0.1923076923076923	0.0	0.0	0.0	0.0	0.0	0.0	1.0	1.0	1.0	0.0	0.0	0.0	0.0	0.0	0.0	1.0	0.0	1.0	0.0	0.0	0.0	0.0
S1-855453577	S3-198458207	0	validation	0.0	0.0	0.11538461538461542	0.0	0.0	0.0	0.0	0.0	0.0	0.0	0.0	0.0	0.28865979381443296	0.26315789473684215	0.06666666666666667	0.2	0.0	0.0	0.0	0.0	1.0	1.0	0.0	0.0	0.0	0.0	0.0	0.0	0.0	1.0	0.0	0.0	1.0	0.0	0.0	0.0
S1-855453577	S3-217918318	0	validation	0.0	0.0	0.3921568627450981	0.4	0.0	0.0	0.0	0.0	1.0	0.0	0.0	0.0	0.4193548387096774	0.34782608695652173	0.09090909090909091	0.2	0.0	0.0	0.0	0.0	1.0	1.0	1.0	0.0	0.0	0.0	0.0	0.0	0.0	1.0	0.0	0.0	1.0	0.0	0.0	0.0
S1-855453577	S3-250444916	0	validation	0.0	0.0	0.4782608695652174	0.4	0.0	0.0	0.0	0.0	1.0	0.0	0.0	0.0	0.2592592592592593	0.24390243902439024	0.125	0.25	0.0	0.0	0.0	0.0	1.0	1.0	1.0	0.0	0.0	0.0	0.0	0.0	0.0	1.0	0.0	0.0	1.0	0.0	0.0	0.0
S1-855453577	S3-287609329	0	validation	0.0	0.0	0.34782608695652173	0.3414634146341463	0.0	0.0	0.0	0.0	1.0	0.0	0.0	0.0	0.4705882352941176	0.509090909090909	0.125	0.25	0.0	0.0	0.0	0.0	1.0	1.0	1.0	0.0	0.0	0.0	0.0	0.0	0.0	1.0	0.0	0.0	1.0	0.0	0.0	0.0
S1-855453577	S3-326178933	0	validation	0.0	0.0	0.4615384615384615	0.4	0.0	0.0	0.0	0.0	1.0	0.0	0.0	0.0	0.4705882352941176	0.5185185185185186	0.1111111111111111	0.2	0.0	0.0	0.0	0.0	1.0	1.0	1.0	0.0	0.0	0.0	0.0	0.0	0.0	1.0	0.0	0.0	1.0	0.0	0.0	0.0
S1-855453577	S3-327052827	0	validation	0.0	0.0	0.33333333333333337	0.25806451612903225	0.0	0.0	0.0	0.0	1.0	0.0	0.0	0.0	0.5205479452054795	0.47457627118644063	0.1111111111111111	0.2	0.0	0.0	0.0	0.0	1.0	1.0	1.0	0.0	0.0	0.0	0.0	0.0	0.0	1.0	0.0	0.0	1.0	0.0	0.0	0.0
S1-855453577	S3-416261422	0	validation	0.0	0.0	0.3125	0.3448275862068966	0.0	0.0	0.0	0.0	1.0	0.0	0.0	0.0	0.48484848484848486	0.5384615384615384	0.1111111111111111	0.2	0.0	0.0	0.0	0.0	1.0	1.0	1.0	0.0	0.0	0.0	0.0	0.0	0.0	1.0	0.0	0.0	1.0	0.0	0.0	0.0
S1-855453577	S3-482043237	0	validation	0.0	0.0	0.4482758620689655	0.3921568627450981	0.125	0.25	0.16666666666666666	0.0	1.0	0.0	0.0	0.0	0.23076923076923073	0.1578947368421053	0.0	0.0	0.0	0.0	0.0	0.0	1.0	1.0	1.0	0.0	0.0	0.0	0.0	0.0	0.0	1.0	0.0	1.0	0.0	0.0	0.0	0.0
S1-855453577	S3-496905980	0	validation	0.0	0.0	0.4705882352941176	0.4666666666666666	0.2	0.5	0.25	0.0	1.0	0.0	0.0	0.0	0.27586206896551724	0.23809523809523814	0.0	0.0	0.0	0.0	0.0	0.0	1.0	1.0	1.0	0.0	0.0	0.0	0.0	0.0	0.0	1.0	0.0	1.0	0.0	0.0	0.0	0.0
S1-855453577	S3-52097650	0	validation	0.0	0.0	0.36	0.3555555555555555	0.0	0.0	0.0	0.0	1.0	0.0	0.0	0.0	0.45714285714285713	0.509090909090909	0.1	0.2	0.0	0.0	0.0	0.0	1.0	1.0	1.0	0.0	0.0	0.0	0.0	0.0	0.0	1.0	0.0	0.0	1.0	0.0	0.0	0.0
S1-855453577	S3-64996546	0	validation	0.0	0.0	0.34615384615384615	0.34782608695652173	0.0	0.0	0.0	0.0	1.0	0.0	0.0	0.0	0.45714285714285713	0.5	0.1111111111111111	0.2	0.0	0.0	0.0	0.0	1.0	1.0	1.0	0.0	0.0	0.0	0.0	0.0	0.0	1.0	0.0	0.0	1.0	0.0	0.0	0.0
S1-855453577	S3-796098874	0	validation	0.0	0.0	0.5454545454545454	0.4736842105263158	0.14285714285714285	0.25	0.2	0.0	1.0	0.0	0.0	0.0	0.4	0.34782608695652173	0.0	0.0	0.0	0.0	0.0	0.0	1.0	1.0	1.0	0.0	0.0	0.0	0.0	0.0	0.0	1.0	0.0	1.0	0.0	0.0	0.0	0.0
S1-855453577	S3-839988798	0	validation	0.0	0.0	0.5531914893617021	0.5365853658536586	0.14285714285714285	0.25	0.2	0.0	1.0	0.0	0.0	0.0	0.2033898305084746	0.13636363636363635	0.0	0.0	0.0	0.0	0.0	0.0	1.0	1.0	1.0	0.0	0.0	0.0	0.0	0.0	0.0	1.0	0.0	1.0	0.0	0.0	0.0	0.0
S1-855453577	S3-908069797	0	validation	0.0	0.0	0.5777777777777777	0.5641025641025641	0.14285714285714285	0.25	0.25	0.0	1.0	0.0	0.0	0.0	0.30952380952380953	0.2941176470588235	0.0	0.0	0.0	0.0	0.0	0.0	0.0	1.0	0.0	0.0	0.0	0.0	0.0	0.0	0.0	1.0	0.0	1.0	0.0	0.0	0.0	0.0
S1-855453577	S3-941427549	0	validation	0.0	0.0	0.2702702702702703	0.1875	0.0	0.0	0.0	0.0	1.0	0.0	0.0	0.0	0.30508474576271183	0.2272727272727273	0.1	0.2	0.0	0.0	0.0	0.0	1.0	1.0	1.0	0.0	0.0	0.0	0.0	0.0	0.0	1.0	0.0	0.0	1.0	0.0	0.0	0.0
S1-855453577	S3-946002843	0	validation	0.0	0.0	0.4651162790697675	0.3783783783783784	0.14285714285714285	0.25	0.2	0.0	1.0	0.0	0.0	0.0	0.0	0.0	0.0	0.0	0.0	0.0	0.0	0.0	0.0	1.0	1.0	0.0	0.0	0.0	1.0	0.0	0.0	1.0	0.0	1.0	0.0	0.0	0.0	0.0
S1-872596267	S2-162470878	1	train	1.0	1.0	0.8518518518518519	1.0	1.0	1.0	1.0	1.0	1.0	0.0	0.0	0.0	0.7428571428571429	0.7678571428571428	0.6923076923076923	0.9	0.0	0.5	0.0	0.0	1.0	1.0	1.0	0.0	0.0	0.0	0.0	0.0	0.0	3.0	1.0	1.0	1.0	0.0	0.0	0.0
S1-872596267	S2-549053919	1	train	0.0	0.0	0.7931034482758621	0.9302325581395349	0.8	1.0	0.6666666666666666	1.0	1.0	0.0	0.0	0.0	0.7428571428571429	0.7678571428571428	0.6923076923076923	0.9	0.0	0.5	0.0	0.0	1.0	1.0	1.0	0.0	0.0	0.0	0.0	0.0	0.0	2.0	0.0	1.0	1.0	0.0	0.0	0.0
S1-872596267	S3-661227567	1	train	0.0	0.0	0.76	0.9189189189189189	0.75	1.0	1.0	0.5	1.0	0.0	0.0	0.0	0.7142857142857143	0.7610619469026548	0.8181818181818182	0.9	0.0	1.0	1.0	0.0	1.0	1.0	1.0	0.0	0.0	0.0	0.0	0.0	0.0	2.0	0.0	1.0	1.0	0.0	0.0	0.0
S1-872596267	S2-200816143	0	train	0.0	0.0	0.08695652173913049	0.0	0.0	0.0	0.0	0.0	0.0	0.0	0.0	0.0	0.3661971830985915	0.37168141592920356	0.2222222222222222	0.4	0.0	0.0	0.0	0.0	1.0	1.0	1.0	0.0	0.0	0.0	0.0	0.0	0.0	1.0	0.0	0.0	1.0	0.0	0.0	0.0
S1-872596267	S2-230588541	0	train	0.0	0.0	0.3793103448275862	0.36363636363636365	0.14285714285714285	0.25	0.0	0.5	1.0	0.0	0.0	0.0	0.3818181818181819	0.367816091954023	0.0625	0.14285714285714285	0.0	0.0	0.0	0.0	1.0	1.0	1.0	0.0	0.0	0.0	0.0	0.0	0.0	1.0	0.0	0.0	1.0	0.0	0.0	0.0
S1-872596267	S2-41450743	0	train	0.0	0.0	0.07594936708860756	0.0	0.0	0.0	0.0	0.0	0.0	0.0	0.0	0.0	0.3278688524590164	0.34	0.14285714285714285	0.3333333333333333	0.0	0.0	0.0	0.0	1.0	1.0	1.0	0.0	0.0	0.0	0.0	0.0	0.0	1.0	0.0	0.0	1.0	0.0	0.0	0.0
S1-872596267	S2-414948080	0	train	0.0	0.0	0.5283018867924528	0.5641025641025641	0.3333333333333333	0.5	0.0	1.0	1.0	0.0	0.0	0.0	0.32298136645962733	0.2945736434108527	0.08695652173913043	0.2	0.0	0.0	0.0	0.0	1.0	1.0	1.0	0.0	0.0	0.0	0.0	0.0	0.0	1.0	0.0	0.0	1.0	0.0	0.0	0.0
S1-872596267	S2-504498788	0	train	0.0	0.0	0.3508771929824561	0.37209302325581395	0.14285714285714285	0.25	0.0	0.5	1.0	0.0	0.0	0.0	0.33333333333333337	0.33587786259541985	0.08695652173913043	0.2	0.0	0.0	0.0	0.0	1.0	1.0	1.0	0.0	0.0	0.0	0.0	0.0	0.0	1.0	0.0	0.0	1.0	0.0	0.0	0.0
S1-872596267	S2-60412916	0	train	0.0	0.0	0.3278688524590164	0.2978723404255319	0.0	0.0	0.0	0.0	1.0	0.0	0.0	0.0	0.3129251700680272	0.31932773109243695	0.25	0.4	0.0	0.0	0.0	0.0	1.0	1.0	1.0	0.0	0.0	0.0	0.0	0.0	0.0	1.0	0.0	0.0	1.0	0.0	0.0	0.0
S1-872596267	S2-742613776	0	train	0.0	0.0	0.41509433962264153	0.41025641025641024	0.3333333333333333	0.5	0.0	1.0	1.0	0.0	0.0	0.0	0.31707317073170727	0.3157894736842105	0.13636363636363635	0.3	0.0	0.0	0.0	0.0	1.0	1.0	1.0	0.0	0.0	0.0	0.0	0.0	0.0	1.0	0.0	0.0	1.0	0.0	0.0	0.0
S1-872596267	S2-876521966	0	train	0.0	0.0	0.36363636363636365	0.35	0.0	0.0	0.0	0.0	1.0	0.0	0.0	0.0	0.3380281690140845	0.33333333333333337	0.29411764705882354	0.5	0.0	0.0	0.0	0.0	1.0	1.0	1.0	0.0	0.0	0.0	0.0	0.0	0.0	1.0	0.0	0.0	1.0	0.0	0.0	0.0
S1-872596267	S2-886736064	0	train	0.0	0.0	0.4444444444444444	0.45833333333333337	0.2857142857142857	0.5	0.0	1.0	1.0	0.0	0.0	0.0	0.2790697674418605	0.21568627450980393	0.10526315789473684	0.2	0.0	0.0	0.0	0.0	0.0	1.0	1.0	0.0	0.0	0.0	0.0	0.0	0.0	1.0	0.0	0.0	1.0	0.0	0.0	0.0
S1-872596267	S3-241867971	0	train	0.0	0.0	0.04761904761904767	0.0	0.0	0.0	0.0	0.0	0.0	0.0	0.0	0.0	0.37410071942446044	0.3423423423423423	0.16666666666666666	0.3	0.0	0.0	0.0	0.0	1.0	1.0	1.0	0.0	0.0	0.0	0.0	0.0	0.0	1.0	0.0	0.0	1.0	0.0	0.0	0.0
S1-872596267	S3-251717952	0	train	0.0	0.0	0.2790697674418605	0.25806451612903225	0.0	0.0	0.0	0.0	1.0	0.0	0.0	0.0	0.3132530120481928	0.31343283582089554	0.08333333333333333	0.2	0.0	0.0	0.0	0.0	1.0	1.0	1.0	0.0	0.0	0.0	0.0	0.0	0.0	1.0	0.0	0.0	1.0	0.0	0.0	0.0
S1-872596267	S3-292327440	0	train	0.0	0.0	0.303030303030303	0.34615384615384615	0.0	0.0	0.0	0.0	1.0	0.0	0.0	0.0	0.33986928104575165	0.3114754098360656	0.09090909090909091	0.2	0.0	0.0	0.0	0.0	1.0	1.0	1.0	0.0	0.0	0.0	0.0	0.0	0.0	1.0	0.0	0.0	1.0	0.0	0.0	0.0
S1-872596267	S3-295880346	0	train	0.0	0.0	0.2272727272727273	0.25	0.0	0.0	0.0	0.0	1.0	0.0	0.0	0.0	0.2857142857142857	0.2465753424657534	0.08	0.2	0.0	0.0	0.0	0.0	1.0	1.0	1.0	0.0	0.0	0.0	0.0	0.0	0.0	1.0	0.0	0.0	1.0	0.0	0.0	0.0
S1-872596267	S3-326739139	0	train	0.0	0.0	0.44067796610169496	0.4545454545454546	0.2857142857142857	0.5	0.0	1.0	1.0	0.0	0.0	0.0	0.2666666666666667	0.25263157894736843	0.058823529411764705	0.125	0.0	0.0	0.0	0.0	1.0	1.0	1.0	0.0	0.0	0.0	0.0	0.0	0.0	1.0	0.0	0.0	1.0	0.0	0.0	0.0
S1-872596267	S3-449655629	0	train	0.0	0.0	0.3111111111111111	0.25	0.0	0.0	0.0	0.0	1.0	0.0	0.0	0.0	0.3355704697986577	0.33333333333333337	0.21052631578947367	0.4	0.0	0.0	0.0	0.0	1.0	1.0	1.0	0.0	0.0	0.0	0.0	0.0	0.0	1.0	0.0	0.0	1.0	0.0	0.0	0.0
S1-872596267	S3-460115184	0	train	0.0	0.0	0.08450704225352113	0.0	0.0	0.0	0.0	0.0	0.0	0.0	0.0	0.0	0.25	0.2195121951219512	0.14285714285714285	0.3333333333333333	0.0	0.0	0.0	0.0	1.0	1.0	1.0	0.0	0.0	0.0	0.0	0.0	0.0	1.0	0.0	0.0	1.0	0.0	0.0	0.0
S1-872596267	S3-463050493	0	train	0.0	0.0	0.3448275862068966	0.34782608695652173	0.0	0.0	0.0	0.0	1.0	0.0	0.0	0.0	0.3661971830985915	0.3603603603603604	0.08695652173913043	0.2	0.0	0.0	0.0	0.0	1.0	1.0	1.0	0.0	0.0	0.0	0.0	0.0	0.0	1.0	0.0	0.0	1.0	0.0	0.0	0.0
S1-872596267	S3-47038297	0	train	0.0	0.0	0.43137254901960786	0.4444444444444444	0.125	0.25	0.16666666666666666	0.0	1.0	0.0	0.0	0.0	0.28846153846153844	0.28915662650602414	0.0	0.0	0.0	0.0	0.0	0.0	1.0	1.0	0.0	0.0	0.0	0.0	0.0	0.0	0.0	1.0	0.0	1.0	0.0	0.0	0.0	0.0
S1-872596267	S3-546562096	0	train	0.0	0.0	0.32727272727272727	0.3414634146341463	0.14285714285714285	0.25	0.0	0.5	1.0	0.0	0.0	0.0	0.36809815950920244	0.3125	0.08	0.2	0.0	0.0	0.0	0.0	1.0	1.0	1.0	0.0	0.0	0.0	0.0	0.0	0.0	1.0	0.0	0.0	1.0	0.0	0.0	0.0
S1-872596267	S3-633214344	0	train	0.0	0.0	0.5490196078431373	0.5945945945945945	0.3333333333333333	0.5	0.0	1.0	1.0	0.0	0.0	0.0	0.36571428571428577	0.3661971830985915	0.08333333333333333	0.2	0.0	0.0	0.0	0.0	1.0	1.0	1.0	0.0	0.0	0.0	0.0	0.0	0.0	1.0	0.0	0.0	1.0	0.0	0.0	0.0
S1-872596267	S3-668946118	0	train	0.0	0.0	0.3733333333333333	0.30000000000000004	0.0	0.0	0.0	0.0	1.0	0.0	0.0	0.0	0.3473053892215569	0.30534351145038163	0.07142857142857142	0.2	0.0	0.0	0.0	0.0	1.0	1.0	1.0	0.0	0.0	0.0	0.0	0.0	0.0	1.0	0.0	0.0	1.0	0.0	0.0	0.0
S1-872596267	S3-669902553	0	train	0.0	0.0	0.30188679245283023	0.30000000000000004	0.0	0.0	0.0	0.0	1.0	0.0	0.0	0.0	0.3407407407407408	0.3669724770642202	0.17647058823529413	0.3	0.0	0.0	0.0	0.0	1.0	1.0	1.0	0.0	0.0	0.0	0.0	0.0	0.0	1.0	0.0	0.0	1.0	0.0	0.0	0.0
S1-872596267	S3-717428215	0	train	0.0	0.0	0.4814814814814815	0.5	0.3333333333333333	0.5	0.0	1.0	1.0	0.0	0.0	0.0	0.32394366197183105	0.2831858407079646	0.2777777777777778	0.5	0.0	0.0	0.0	0.0	1.0	1.0	1.0	0.0	0.0	0.0	0.0	0.0	0.0	1.0	0.0	0.0	1.0	0.0	0.0	0.0
S1-872596267	S3-74520601	0	train	0.0	0.0	0.5172413793103448	0.5454545454545454	0.3333333333333333	0.5	0.0	1.0	1.0	0.0	0.0	0.0	0.32394366197183105	0.33043478260869563	0.05	0.1	0.0	0.0	0.0	0.0	1.0	1.0	1.0	0.0	0.0	0.0	0.0	0.0	0.0	1.0	0.0	0.0	1.0	0.0	0.0	0.0
S1-872596267	S3-77387021	0	train	0.0	0.0	0.3728813559322034	0.31818181818181823	0.2857142857142857	0.5	0.0	1.0	1.0	0.0	0.0	0.0	0.28800000000000003	0.303030303030303	0.1111111111111111	0.2	0.0	0.0	0.0	0.0	1.0	1.0	1.0	0.0	0.0	0.0	0.0	0.0	0.0	1.0	0.0	0.0	1.0	0.0	0.0	0.0
S1-872596267	S3-795744086	0	train	0.0	0.0	0.33333333333333337	0.2222222222222222	0.0	0.0	0.0	0.0	1.0	0.0	0.0	0.0	0.26415094339622647	0.24096385542168675	0.13333333333333333	0.2857142857142857	0.0	0.0	0.0	0.0	1.0	1.0	1.0	0.0	0.0	0.0	0.0	0.0	0.0	1.0	0.0	0.0	1.0	0.0	0.0	0.0
S1-872596267	S3-868819130	0	train	0.0	0.0	0.4	0.4615384615384615	0.2	0.5	0.0	1.0	1.0	0.0	0.0	0.0	0.38235294117647056	0.32432432432432434	0.125	0.25	0.0	0.0	0.0	0.0	1.0	1.0	1.0	0.0	0.0	0.0	0.0	0.0	0.0	1.0	0.0	0.0	1.0	0.0	0.0	0.0
S1-872596267	S3-91843714	0	train	0.0	0.0	0.26315789473684215	0.2962962962962963	0.0	0.0	0.0	0.0	1.0	0.0	0.0	0.0	0.3191489361702128	0.3205128205128205	0.08333333333333333	0.2	0.0	0.0	0.0	0.0	1.0	1.0	1.0	0.0	0.0	0.0	0.0	0.0	0.0	1.0	0.0	0.0	1.0	0.0	0.0	0.0
S1-872596267	S3-928414059	0	train	0.0	0.0	0.27450980392156865	0.26315789473684215	0.0	0.0	0.0	0.0	1.0	0.0	0.0	0.0	0.46616541353383456	0.44859813084112155	0.25	0.4	0.0	0.0	0.0	0.0	1.0	1.0	1.0	0.0	0.0	0.0	0.0	0.0	0.0	1.0	0.0	0.0	1.0	0.0	0.0	0.0
S1-872596267	S3-959056350	0	train	0.0	0.0	0.42307692307692313	0.41025641025641024	0.0	0.0	0.0	0.0	1.0	0.0	0.0	0.0	0.33939393939393936	0.3111111111111111	0.1	0.2	0.0	0.0	0.0	0.0	1.0	1.0	1.0	0.0	0.0	0.0	0.0	0.0	0.0	1.0	0.0	0.0	1.0	0.0	0.0	0.0
S1-882339737	S2-170856173	1	validation	0.0	1.0	0.75	0.7777777777777779	1.0	1.0	1.0	1.0	1.0	0.0	0.0	0.0	0.75	0.7920792079207921	0.6363636363636364	1.0	0.0	0.0	0.0	0.0	1.0	1.0	1.0	0.0	0.0	0.0	0.0	0.0	0.0	3.0	1.0	1.0	1.0	0.0	0.0	0.0
S1-882339737	S2-650740761	1	validation	0.0	1.0	0.75	0.7777777777777779	1.0	1.0	1.0	1.0	1.0	0.0	0.0	0.0	0.8194444444444444	0.8264462809917356	0.8333333333333334	0.9090909090909091	0.0	0.0	0.0	0.0	0.0	1.0	1.0	0.0	0.0	0.0	0.0	0.0	0.0	3.0	1.0	1.0	1.0	0.0	0.0	0.0
S1-882339737	S2-673121371	1	validation	0.0	0.0	0.8571428571428572	0.875	0.6666666666666666	1.0	1.0	0.0	1.0	0.0	0.0	0.0	0.8194444444444444	0.8264462809917356	0.8333333333333334	0.9090909090909091	0.0	0.0	0.0	0.0	0.0	1.0	1.0	0.0	0.0	0.0	0.0	0.0	0.0	2.0	0.0	1.0	1.0	0.0	0.0	0.0
S1-882339737	S3-989752277	1	validation	0.0	0.0	0.5142857142857142	0.5161290322580645	0.5	0.6666666666666666	0.3333333333333333	1.0	1.0	0.0	0.0	0.0	0.6486486486486487	0.673913043478261	0.5	0.8571428571428571	0.0	0.0	0.0	0.0	1.0	1.0	1.0	0.0	0.0	0.0	0.0	0.0	0.0	2.0	0.0	1.0	1.0	0.0	0.0	0.0
S1-882339737	S2-125075394	0	validation	0.0	0.0	0.4615384615384615	0.4705882352941176	0.16666666666666666	0.3333333333333333	0.3333333333333333	0.0	1.0	0.0	0.0	0.0	0.36641221374045807	0.36363636363636365	0.05263157894736842	0.1111111111111111	0.0	0.0	0.0	0.0	1.0	1.0	1.0	0.0	0.0	0.0	0.0	0.0	0.0	1.0	0.0	1.0	0.0	0.0	0.0	0.0
S1-882339737	S2-242756959	0	validation	0.0	0.0	0.37209302325581395	0.3157894736842105	0.0	0.0	0.0	0.0	1.0	0.0	0.0	0.0	0.41666666666666663	0.3898305084745763	0.041666666666666664	0.09090909090909091	0.0	0.0	0.0	0.0	1.0	1.0	1.0	0.0	0.0	0.0	0.0	0.0	0.0	1.0	0.0	0.0	1.0	0.0	0.0	0.0
S1-882339737	S2-248896706	0	validation	0.0	0.0	0.3555555555555555	0.3414634146341463	0.0	0.0	0.0	0.0	1.0	0.0	0.0	0.0	0.39520958083832336	0.37956204379562036	0.125	0.2727272727272727	0.0	0.0	0.0	0.0	1.0	1.0	1.0	0.0	0.0	0.0	0.0	0.0	0.0	1.0	0.0	0.0	1.0	0.0	0.0	0.0
S1-882339737	S2-362694056	0	validation	0.0	0.0	0.09756097560975607	0.0	0.0	0.0	0.0	0.0	0.0	0.0	0.0	0.0	0.4743589743589743	0.4806201550387597	0.13043478260869565	0.2727272727272727	0.0	0.0	0.0	0.0	1.0	1.0	1.0	0.0	0.0	0.0	0.0	0.0	0.0	1.0	0.0	0.0	1.0	0.0	0.0	0.0
S1-882339737	S2-381038910	0	validation	0.0	0.0	0.2790697674418605	0.3157894736842105	0.0	0.0	0.0	0.0	1.0	0.0	0.0	0.0	0.5	0.5354330708661417	0.21052631578947367	0.36363636363636365	0.0	0.0	0.0	0.0	1.0	1.0	1.0	0.0	0.0	0.0	0.0	0.0	0.0	1.0	0.0	0.0	1.0	0.0	0.0	0.0
S1-882339737	S2-588946453	0	validation	0.0	0.0	0.32558139534883723	0.26315789473684215	0.0	0.0	0.0	0.0	1.0	0.0	0.0	0.0	0.45390070921985815	0.41379310344827597	0.14285714285714285	0.2727272727272727	0.0	0.0	0.0	0.0	1.0	1.0	1.0	0.0	0.0	0.0	0.0	0.0	0.0	1.0	0.0	0.0	1.0	0.0	0.0	0.0
S1-882339737	S2-672067004	0	validation	0.0	0.0	0.368421052631579	0.3529411764705882	0.0	0.0	0.0	0.0	1.0	0.0	0.0	0.0	0.4683544303797469	0.4545454545454546	0.13636363636363635	0.2727272727272727	0.0	0.0	0.0	0.0	1.0	1.0	1.0	0.0	0.0	0.0	0.0	0.0	0.0	1.0	0.0	0.0	1.0	0.0	0.0	0.0
S1-882339737	S2-694467109	0	validation	0.0	0.0	0.368421052631579	0.4117647058823529	0.0	0.0	0.0	0.0	1.0	0.0	0.0	0.0	0.4177215189873418	0.4031007751937985	0.125	0.2727272727272727	0.0	0.0	0.0	0.0	0.0	1.0	1.0	0.0	0.0	0.0	0.0	0.0	0.0	1.0	0.0	0.0	1.0	0.0	0.0	0.0
S1-882339737	S2-71654213	0	validation	0.0	0.0	0.32558139534883723	0.32432432432432434	0.0	0.0	0.0	0.0	1.0	0.0	0.0	0.0	0.3278688524590164	0.26	0.05263157894736842	0.1111111111111111	0.0	0.0	0.0	0.0	1.0	1.0	1.0	0.0	0.0	0.0	0.0	0.0	0.0	1.0	0.0	0.0	1.0	0.0	0.0	0.0
S1-882339737	S2-795283309	0	validation	0.0	0.0	0.3829787234042554	0.32558139534883723	0.0	0.0	0.0	0.0	1.0	0.0	0.0	0.0	0.3703703703703704	0.3603603603603604	0.045454545454545456	0.09090909090909091	0.0	0.0	0.0	0.0	1.0	1.0	1.0	0.0	0.0	0.0	0.0	0.0	0.0	1.0	0.0	0.0	1.0	0.0	0.0	0.0
S1-882339737	S2-824759349	0	validation	0.0	0.0	0.3902439024390244	0.32432432432432434	0.0	0.0	0.0	0.0	1.0	0.0	0.0	0.0	0.3866666666666667	0.39344262295081966	0.04	0.09090909090909091	0.0	0.0	0.0	0.0	1.0	1.0	1.0	0.0	0.0	0.0	0.0	0.0	0.0	1.0	0.0	0.0	1.0	0.0	0.0	0.0
S1-882339737	S2-84625552	0	validation	0.0	0.0	0.26315789473684215	0.2857142857142857	0.0	0.0	0.0	0.0	1.0	0.0	0.0	0.0	0.4121212121212121	0.4328358208955224	0.12	0.2727272727272727	0.0	0.0	0.0	0.0	1.0	1.0	1.0	0.0	0.0	0.0	0.0	0.0	0.0	1.0	0.0	0.0	1.0	0.0	0.0	0.0
S1-882339737	S2-966475388	0	validation	0.0	0.0	0.07272727272727275	0.0	0.0	0.0	0.0	0.0	0.0	0.0	0.0	0.0	0.410958904109589	0.4132231404958677	0.043478260869565216	0.09090909090909091	0.0	0.0	0.0	0.0	1.0	1.0	1.0	0.0	0.0	0.0	0.0	0.0	0.0	1.0	0.0	0.0	1.0	0.0	0.0	0.0
S1-882339737	S3-187773769	0	validation	0.0	0.0	0.3783783783783784	0.4117647058823529	0.0	0.0	0.0	0.0	1.0	0.0	0.0	0.0	0.3497267759562842	0.3355704697986577	0.07142857142857142	0.18181818181818182	0.0	0.0	0.0	0.0	1.0	1.0	1.0	0.0	0.0	0.0	0.0	0.0	0.0	1.0	0.0	0.0	1.0	0.0	0.0	0.0
S1-882339737	S3-368195042	0	validation	0.0	0.0	0.2153846153846154	0.21818181818181814	0.0	0.0	0.0	0.0	1.0	0.0	0.0	0.0	0.4	0.3653846153846154	0.05263157894736842	0.1111111111111111	0.0	0.0	0.0	0.0	1.0	1.0	1.0	0.0	0.0	0.0	0.0	0.0	0.0	1.0	0.0	0.0	1.0	0.0	0.0	0.0
S1-882339737	S3-376942594	0	validation	0.0	0.0	0.34042553191489366	0.3414634146341463	0.0	0.0	0.0	0.0	1.0	0.0	0.0	0.0	0.4225352112676056	0.41379310344827597	0.13636363636363635	0.2727272727272727	0.0	0.0	0.0	0.0	1.0	1.0	1.0	0.0	0.0	0.0	0.0	0.0	0.0	1.0	0.0	0.0	1.0	0.0	0.0	0.0
S1-882339737	S3-421981792	0	validation	0.0	0.0	0.3589743589743589	0.4	0.0	0.0	0.0	0.0	1.0	0.0	0.0	0.0	0.4	0.37623762376237624	0.15	0.2727272727272727	0.0	0.0	0.0	0.0	1.0	1.0	1.0	0.0	0.0	0.0	0.0	0.0	0.0	1.0	0.0	0.0	1.0	0.0	0.0	0.0
S1-882339737	S3-429789900	0	validation	0.0	0.0	0.3055555555555556	0.27692307692307694	0.0	0.0	0.0	0.0	1.0	0.0	0.0	0.0	0.35526315789473684	0.3650793650793651	0.043478260869565216	0.09090909090909091	0.0	0.0	0.0	0.0	1.0	1.0	1.0	0.0	0.0	0.0	0.0	0.0	0.0	1.0	0.0	0.0	1.0	0.0	0.0	0.0
S1-882339737	S3-460469225	0	validation	0.0	0.0	0.23076923076923073	0.21276595744680848	0.0	0.0	0.0	0.0	1.0	0.0	0.0	0.0	0.4285714285714286	0.4130434782608695	0.1875	0.375	0.0	0.0	0.0	0.0	1.0	1.0	1.0	0.0	0.0	0.0	0.0	0.0	0.0	1.0	0.0	0.0	1.0	0.0	0.0	0.0
S1-882339737	S3-493790225	0	validation	0.0	0.0	0.09090909090909094	0.0	0.0	0.0	0.0	0.0	0.0	0.0	0.0	0.0	0.36809815950920244	0.34328358208955223	0.125	0.2727272727272727	0.0	0.0	0.0	0.0	1.0	1.0	1.0	0.0	0.0	0.0	0.0	0.0	0.0	1.0	0.0	0.0	1.0	0.0	0.0	0.0
S1-882339737	S3-551686083	0	validation	0.0	0.0	0.2272727272727273	0.2564102564102564	0.0	0.0	0.0	0.0	1.0	0.0	0.0	0.0	0.4025974025974026	0.390625	0.043478260869565216	0.09090909090909091	0.0	0.0	0.0	0.0	1.0	1.0	1.0	0.0	0.0	0.0	0.0	0.0	0.0	1.0	0.0	0.0	1.0	0.0	0.0	0.0
S1-882339737	S3-557783377	0	validation	0.0	0.0	0.3157894736842105	0.24242424242424243	0.0	0.0	0.0	0.0	1.0	0.0	0.0	0.0	0.41509433962264153	0.3908045977011494	0.2	0.42857142857142855	0.0	0.0	0.0	0.0	1.0	1.0	1.0	0.0	0.0	0.0	0.0	0.0	0.0	1.0	0.0	0.0	1.0	0.0	0.0	0.0
S1-882339737	S3-630108649	0	validation	0.0	0.0	0.24615384615384617	0.21052631578947367	0.0	0.0	0.0	0.0	1.0	0.0	0.0	0.0	0.39682539682539686	0.419047619047619	0.05263157894736842	0.1111111111111111	0.0	0.0	0.0	0.0	1.0	1.0	1.0	0.0	0.0	0.0	0.0	0.0	0.0	1.0	0.0	0.0	1.0	0.0	0.0	0.0
S1-882339737	S3-669911909	0	validation	0.0	0.0	0.2727272727272727	0.2564102564102564	0.0	0.0	0.0	0.0	1.0	0.0	0.0	0.0	0.4	0.3870967741935484	0.043478260869565216	0.09090909090909091	0.0	0.0	0.0	0.0	1.0	1.0	1.0	0.0	0.0	0.0	0.0	0.0	0.0	1.0	0.0	0.0	1.0	0.0	0.0	0.0
S1-882339737	S3-799222103	0	validation	0.0	0.0	0.24242424242424243	0.19999999999999996	0.0	0.0	0.0	0.0	1.0	0.0	0.0	0.0	0.4225352112676056	0.423728813559322	0.15	0.2727272727272727	0.0	0.0	0.0	0.0	0.0	1.0	1.0	0.0	0.0	0.0	0.0	0.0	0.0	1.0	0.0	0.0	1.0	0.0	0.0	0.0
S1-882339737	S3-804117644	0	validation	0.0	0.0	0.06779661016949157	0.0	0.0	0.0	0.0	0.0	0.0	0.0	0.0	0.0	0.43200000000000005	0.4271844660194175	0.16666666666666666	0.3	0.0	0.0	0.0	0.0	1.0	1.0	1.0	0.0	0.0	0.0	0.0	0.0	0.0	1.0	0.0	0.0	1.0	0.0	0.0	0.0
S1-882339737	S3-818090850	0	validation	0.0	0.0	0.2857142857142857	0.2564102564102564	0.0	0.0	0.0	0.0	1.0	0.0	0.0	0.0	0.4324324324324324	0.4369747899159664	0.12	0.2727272727272727	0.0	0.0	0.0	0.0	1.0	1.0	1.0	0.0	0.0	0.0	0.0	0.0	0.0	1.0	0.0	0.0	1.0	0.0	0.0	0.0
S1-882339737	S3-843387938	0	validation	0.0	0.0	0.326530612244898	0.2790697674418605	0.0	0.0	0.0	0.0	1.0	0.0	0.0	0.0	0.4087591240875912	0.375	0.15789473684210525	0.2727272727272727	0.0	0.0	0.0	0.0	1.0	1.0	1.0	0.0	0.0	0.0	0.0	0.0	0.0	1.0	0.0	0.0	1.0	0.0	0.0	0.0
S1-882339737	S3-874649930	0	validation	0.0	0.0	0.326530612244898	0.2790697674418605	0.0	0.0	0.0	0.0	1.0	0.0	0.0	0.0	0.4112149532710281	0.3908045977011494	0.1875	0.375	0.0	0.0	0.0	0.0	1.0	1.0	1.0	0.0	0.0	0.0	0.0	0.0	0.0	1.0	0.0	0.0	1.0	0.0	0.0	0.0
S1-882339737	S3-99812027	0	validation	0.0	0.0	0.30000000000000004	0.2692307692307693	0.0	0.0	0.0	0.0	1.0	0.0	0.0	0.0	0.39130434782608686	0.3931623931623932	0.05263157894736842	0.1111111111111111	0.0	0.0	0.0	0.0	1.0	1.0	1.0	0.0	0.0	0.0	0.0	0.0	0.0	1.0	0.0	0.0	1.0	0.0	0.0	0.0
S1-890968716	S2-624566819	1	train	1.0	1.0	0.9714285714285714	1.0	1.0	1.0	1.0	1.0	1.0	0.0	1.0	1.0	0.9375	1.0	1.0	1.0	0.0	1.0	1.0	1.0	1.0	1.0	1.0	0.0	0.0	0.0	0.0	0.0	0.0	3.0	1.0	1.0	1.0	0.0	0.0	0.0
S1-890968716	S2-667586155	1	train	0.0	0.0	0.8387096774193549	0.8888888888888888	0.6666666666666666	1.0	1.0	0.0	1.0	0.0	0.0	0.0	0.0	0.0	0.0	0.0	0.0	0.0	0.0	0.0	0.0	1.0	1.0	0.0	0.0	0.0	1.0	0.0	0.0	1.0	0.0	1.0	0.0	0.0	0.0	0.0
S1-890968716	S2-930423296	1	train	0.0	0.0	0.8387096774193549	0.8888888888888888	0.6666666666666666	1.0	1.0	0.0	1.0	0.0	1.0	1.0	0.9375	1.0	1.0	1.0	0.0	1.0	1.0	1.0	1.0	1.0	1.0	0.0	0.0	0.0	0.0	0.0	0.0	2.0	0.0	1.0	1.0	0.0	0.0	0.0
S1-890968716	S2-1654672	0	train	0.0	0.0	0.5128205128205128	0.48484848484848486	0.16666666666666666	0.3333333333333333	0.0	1.0	1.0	0.0	0.0	0.0	0.4324324324324324	0.4067796610169492	0.18181818181818182	0.3333333333333333	0.0	0.0	0.0	0.0	1.0	1.0	1.0	0.0	0.0	0.0	0.0	0.0	0.0	1.0	0.0	0.0	1.0	0.0	0.0	0.0
S1-890968716	S2-182232597	0	train	0.0	0.0	0.36	0.32558139534883723	0.14285714285714285	0.3333333333333333	0.2	0.0	1.0	0.0	0.0	0.0	0.30000000000000004	0.21276595744680848	0.0	0.0	0.0	0.0	0.0	0.0	1.0	1.0	1.0	0.0	0.0	0.0	0.0	0.0	0.0	1.0	0.0	1.0	0.0	0.0	0.0	0.0
S1-890968716	S2-201660666	0	train	0.0	0.0	0.3137254901960784	0.2790697674418605	0.0	0.0	0.0	0.0	1.0	0.0	0.0	0.0	0.36363636363636365	0.37142857142857144	0.14285714285714285	0.3333333333333333	0.0	0.0	0.0	0.0	1.0	1.0	1.0	0.0	0.0	0.0	0.0	0.0	0.0	1.0	0.0	0.0	1.0	0.0	0.0	0.0
S1-890968716	S2-225086361	0	train	0.0	0.0	0.6451612903225806	0.6153846153846154	0.5	0.6666666666666666	0.3333333333333333	1.0	1.0	0.0	0.0	0.0	0.26865671641791045	0.18867924528301885	0.0	0.0	0.0	0.0	0.0	0.0	1.0	1.0	1.0	0.0	0.0	0.0	0.0	0.0	0.0	1.0	0.0	1.0	0.0	0.0	0.0	0.0
S1-890968716	S2-253554167	0	train	0.0	0.0	0.368421052631579	0.36363636363636365	0.0	0.0	0.0	0.0	1.0	0.0	0.0	0.0	0.42622950819672134	0.41666666666666663	0.1	0.2	0.0	1.0	1.0	1.0	1.0	1.0	1.0	0.0	0.0	0.0	0.0	0.0	0.0	1.0	0.0	0.0	1.0	0.0	0.0	0.0
S1-890968716	S2-304566194	0	train	0.0	0.0	0.2857142857142857	0.2545454545454545	0.0	0.0	0.0	0.0	1.0	0.0	0.0	0.0	0.44067796610169496	0.4	0.2	0.3333333333333333	0.0	1.0	1.0	1.0	1.0	1.0	1.0	0.0	0.0	0.0	0.0	0.0	0.0	1.0	0.0	0.0	1.0	0.0	0.0	0.0
S1-890968716	S2-322182001	0	train	0.0	0.0	0.36363636363636365	0.3157894736842105	0.0	0.0	0.0	0.0	1.0	0.0	0.0	0.0	0.25806451612903225	0.24242424242424243	0.09523809523809523	0.3333333333333333	0.0	0.3333333333333333	1.0	0.0	1.0	1.0	0.0	0.0	0.0	0.0	0.0	0.0	0.0	1.0	0.0	0.0	1.0	0.0	0.0	0.0
S1-890968716	S2-328349682	0	train	0.0	0.0	0.4285714285714286	0.4444444444444444	0.16666666666666666	0.3333333333333333	0.2	0.0	1.0	0.0	0.0	0.0	0.3492063492063492	0.31999999999999995	0.0	0.0	0.0	0.0	0.0	0.0	1.0	1.0	1.0	0.0	0.0	0.0	0.0	0.0	0.0	1.0	0.0	1.0	0.0	0.0	0.0	0.0
S1-890968716	S2-479874310	0	train	0.0	0.0	0.36363636363636365	0.42105263157894735	0.3333333333333333	1.0	0.5	0.0	1.0	0.0	0.0	0.0	0.2696629213483146	0.25	0.07142857142857142	0.16666666666666666	0.0	0.0	0.0	0.0	1.0	1.0	0.0	0.0	0.0	0.0	0.0	0.0	0.0	1.0	0.0	1.0	0.0	0.0	0.0	0.0
S1-890968716	S2-62959234	0	train	0.0	0.0	0.41379310344827597	0.4	0.25	0.5	0.3333333333333333	0.0	1.0	0.0	0.0	0.0	0.29032258064516125	0.24489795918367352	0.0	0.0	0.0	0.0	0.0	0.0	1.0	1.0	1.0	0.0	0.0	0.0	0.0	0.0	0.0	1.0	0.0	1.0	0.0	0.0	0.0	0.0
S1-890968716	S2-649088929	0	train	0.0	0.0	0.5128205128205128	0.5454545454545454	0.4	0.6666666666666666	0.25	1.0	1.0	0.0	0.0	0.0	0.2666666666666667	0.25	0.0	0.0	0.0	0.0	0.0	0.0	1.0	1.0	1.0	0.0	0.0	0.0	0.0	0.0	0.0	1.0	0.0	1.0	0.0	0.0	0.0	0.0
S1-890968716	S2-772868855	0	train	0.0	0.0	0.36363636363636365	0.3157894736842105	0.0	0.0	0.0	0.0	1.0	0.0	0.0	0.0	0.36363636363636365	0.37735849056603776	0.1	0.2	0.0	1.0	1.0	0.0	1.0	1.0	1.0	0.0	0.0	0.0	0.0	0.0	0.0	1.0	0.0	0.0	1.0	0.0	0.0	0.0
S1-890968716	S2-786285214	0	train	0.0	0.0	0.4615384615384615	0.4242424242424242	0.16666666666666666	0.3333333333333333	0.25	0.0	1.0	0.0	0.0	0.0	0.3793103448275862	0.3111111111111111	0.1	0.2	0.0	0.0	0.0	0.0	1.0	1.0	1.0	0.0	0.0	0.0	0.0	0.0	0.0	1.0	0.0	1.0	0.0	0.0	0.0	0.0
S1-890968716	S2-802246551	0	train	0.0	0.0	0.24	0.19047619047619047	0.0	0.0	0.0	0.0	1.0	0.0	0.0	0.0	0.5454545454545454	0.5	0.2	0.3333333333333333	0.0	0.0	0.0	0.0	1.0	1.0	1.0	0.0	0.0	0.0	0.0	0.0	0.0	1.0	0.0	0.0	1.0	0.0	0.0	0.0
S1-890968716	S2-859369391	0	train	0.0	0.0	0.41379310344827597	0.41666666666666663	0.2	0.3333333333333333	0.3333333333333333	0.0	1.0	0.0	0.0	0.0	0.36065573770491793	0.34042553191489366	0.09090909090909091	0.16666666666666666	0.0	0.0	0.0	0.0	1.0	1.0	1.0	0.0	0.0	0.0	0.0	0.0	0.0	1.0	0.0	1.0	0.0	0.0	0.0	0.0
S1-890968716	S2-943319008	0	train	0.0	0.0	0.303030303030303	0.27586206896551724	0.0	0.0	0.0	0.0	1.0	0.0	0.0	0.0	0.7076923076923076	0.7058823529411764	0.2	0.3333333333333333	0.0	0.0	0.0	0.0	1.0	1.0	1.0	0.0	0.0	0.0	0.0	0.0	0.0	1.0	0.0	0.0	1.0	0.0	0.0	0.0
S1-890968716	S2-975264550	0	train	0.0	0.0	0.48484848484848486	0.4285714285714286	0.2	0.3333333333333333	0.3333333333333333	0.0	1.0	0.0	0.0	0.0	0.4	0.34042553191489366	0.0	0.0	0.0	0.0	0.0	0.0	1.0	1.0	1.0	0.0	0.0	0.0	0.0	0.0	0.0	1.0	0.0	1.0	0.0	0.0	0.0	0.0
S1-890968716	S3-212333772	0	train	0.0	0.0	0.23529411764705888	0.2666666666666667	0.0	0.0	0.0	0.0	1.0	0.0	0.0	0.0	0.4415584415584416	0.4444444444444444	0.09090909090909091	0.16666666666666666	0.0	0.0	0.0	0.0	1.0	1.0	1.0	0.0	0.0	0.0	0.0	0.0	0.0	1.0	0.0	0.0	1.0	0.0	0.0	0.0
S1-890968716	S3-233431929	0	train	0.0	0.0	0.4444444444444444	0.3870967741935484	0.2	0.3333333333333333	0.25	0.0	1.0	0.0	0.0	0.0	0.33898305084745756	0.26086956521739135	0.0	0.0	0.0	0.0	0.0	0.0	1.0	1.0	1.0	0.0	0.0	0.0	0.0	0.0	0.0	1.0	0.0	1.0	0.0	0.0	0.0	0.0
S1-890968716	S3-325548707	0	train	0.0	0.0	0.25531914893617025	0.23809523809523814	0.0	0.0	0.0	0.0	1.0	0.0	0.0	0.0	0.48484848484848486	0.5	0.2	0.3333333333333333	0.0	0.0	0.0	0.0	1.0	1.0	1.0	0.0	0.0	0.0	0.0	0.0	0.0	1.0	0.0	0.0	1.0	0.0	0.0	0.0
S1-890968716	S3-436001762	0	train	0.0	0.0	0.34782608695652173	0.3414634146341463	0.0	0.0	0.0	0.0	1.0	0.0	0.0	0.0	0.5084745762711864	0.5531914893617021	0.25	0.5	0.0	0.0	0.0	0.0	1.0	1.0	1.0	0.0	0.0	0.0	0.0	0.0	0.0	1.0	0.0	0.0	1.0	0.0	0.0	0.0
S1-890968716	S3-593950217	0	train	0.0	0.0	0.2857142857142857	0.26086956521739135	0.0	0.0	0.0	0.0	1.0	0.0	0.0	0.0	0.5	0.47272727272727283	0.2222222222222222	0.4	0.0	0.0	0.0	0.0	1.0	1.0	1.0	0.0	0.0	0.0	0.0	0.0	0.0	1.0	0.0	0.0	1.0	0.0	0.0	0.0
S1-890968716	S3-621810937	0	train	0.0	0.0	0.43999999999999995	0.4285714285714286	0.2857142857142857	0.6666666666666666	0.16666666666666666	1.0	1.0	0.0	0.0	0.0	0.303030303030303	0.2962962962962963	0.0	0.0	0.0	0.0	0.0	0.0	1.0	1.0	1.0	0.0	0.0	0.0	0.0	0.0	0.0	1.0	0.0	1.0	0.0	0.0	0.0	0.0
S1-890968716	S3-629178667	0	train	0.0	0.0	0.5333333333333333	0.56	0.5	0.6666666666666666	0.3333333333333333	1.0	1.0	0.0	0.0	0.0	0.2857142857142857	0.2807017543859649	0.0	0.0	0.0	0.0	0.0	0.0	1.0	1.0	1.0	0.0	0.0	0.0	0.0	0.0	0.0	1.0	0.0	1.0	0.0	0.0	0.0	0.0
S1-890968716	S3-744279916	0	train	0.0	0.0	0.4444444444444444	0.4516129032258065	0.5	0.6666666666666666	0.3333333333333333	1.0	1.0	0.0	0.0	0.0	0.4	0.2978723404255319	0.0	0.0	0.0	0.0	0.0	0.0	1.0	1.0	1.0	0.0	0.0	0.0	0.0	0.0	0.0	1.0	0.0	1.0	0.0	0.0	0.0	0.0
S1-890968716	S3-763173910	0	train	0.0	0.0	0.32432432432432434	0.25806451612903225	0.0	0.0	0.0	0.0	1.0	0.0	0.0	0.0	0.3098591549295775	0.339622641509434	0.06666666666666667	0.16666666666666666	0.0	0.5	1.0	0.0	1.0	1.0	0.0	0.0	0.0	0.0	0.0	0.0	0.0	1.0	0.0	0.0	1.0	0.0	0.0	0.0
S1-890968716	S3-779679120	0	train	0.0	0.0	0.32432432432432434	0.3125	0.2	0.3333333333333333	0.3333333333333333	0.0	1.0	0.0	0.0	0.0	0.3125	0.27450980392156865	0.0	0.0	0.0	0.0	0.0	0.0	1.0	1.0	1.0	0.0	0.0	0.0	0.0	0.0	0.0	1.0	0.0	1.0	0.0	0.0	0.0	0.0
S1-890968716	S3-874492552	0	train	0.0	0.0	0.32258064516129037	0.3076923076923077	0.0	0.0	0.0	0.0	1.0	0.0	0.0	0.0	0.5070422535211268	0.5	0.18181818181818182	0.3333333333333333	0.0	0.0	0.0	0.0	1.0	1.0	1.0	0.0	0.0	0.0	0.0	0.0	0.0	1.0	0.0	0.0	1.0	0.0	0.0	0.0
S1-890968716	S3-904725510	0	train	0.0	0.0	0.375	0.3703703703703704	0.2	0.3333333333333333	0.25	0.0	1.0	0.0	0.0	0.0	0.32835820895522383	0.2962962962962963	0.0	0.0	0.0	0.0	0.0	0.0	1.0	1.0	1.0	0.0	0.0	0.0	0.0	0.0	0.0	1.0	0.0	1.0	0.0	0.0	0.0	0.0
S1-890968716	S3-980560847	0	train	0.0	0.0	0.2702702702702703	0.25	0.2	0.3333333333333333	0.0	1.0	1.0	0.0	0.0	0.0	0.5066666666666666	0.4918032786885246	0.2	0.3333333333333333	0.0	0.0	0.0	0.0	1.0	1.0	1.0	0.0	0.0	0.0	0.0	0.0	0.0	1.0	0.0	0.0	1.0	0.0	0.0	0.0
S1-903245175	S2-243380581	1	validation	0.0	0.0	0.7894736842105263	0.8666666666666667	0.5	0.6666666666666666	0.3333333333333333	1.0	1.0	0.0	1.0	1.0	0.9655172413793103	1.0	1.0	1.0	0.0	1.0	1.0	1.0	1.0	1.0	1.0	0.0	0.0	0.0	0.0	0.0	0.0	2.0	0.0	1.0	1.0	0.0	0.0	0.0
S1-903245175	S3-380847346	1	validation	0.0	0.0	0.25	0.23076923076923073	0.0	0.0	0.0	0.0	1.0	0.0	0.0	0.0	0.8571428571428572	0.8837209302325582	0.7	0.875	0.0	1.0	1.0	1.0	1.0	1.0	1.0	0.0	0.0	0.0	0.0	0.0	0.0	1.0	0.0	0.0	1.0	0.0	0.0	0.0
S1-903245175	S3-666135574	1	validation	0.0	0.0	0.2857142857142857	0.2727272727272727	0.0	0.0	0.0	0.0	1.0	0.0	1.0	1.0	0.9655172413793103	1.0	1.0	1.0	0.0	1.0	1.0	1.0	1.0	1.0	1.0	0.0	0.0	0.0	0.0	0.0	0.0	1.0	0.0	0.0	1.0	0.0	0.0	0.0
S1-903245175	S2-119276963	0	validation	0.0	0.0	0.2777777777777778	0.2857142857142857	0.0	0.0	0.0	0.0	1.0	0.0	0.0	0.0	0.608	0.6153846153846154	0.26666666666666666	0.4444444444444444	0.0	0.0	0.0	0.0	1.0	1.0	1.0	0.0	0.0	0.0	0.0	0.0	0.0	1.0	0.0	0.0	1.0	0.0	0.0	0.0
S1-903245175	S2-273923289	0	validation	0.0	0.0	0.26315789473684215	0.32258064516129037	0.0	0.0	0.0	0.0	1.0	0.0	0.0	0.0	0.4098360655737705	0.37623762376237624	0.05555555555555555	0.1111111111111111	0.0	0.5	1.0	0.0	1.0	1.0	1.0	0.0	0.0	0.0	0.0	0.0	0.0	1.0	0.0	0.0	1.0	0.0	0.0	0.0
S1-903245175	S2-41101695	0	validation	0.0	0.0	0.06060606060606055	0.0	0.0	0.0	0.0	0.0	0.0	0.0	0.0	0.0	0.48366013071895414	0.5	0.17391304347826086	0.4444444444444444	0.0	0.0	0.0	0.0	1.0	1.0	1.0	0.0	0.0	0.0	0.0	0.0	0.0	1.0	0.0	0.0	1.0	0.0	0.0	0.0
S1-903245175	S2-413591674	0	validation	0.0	0.0	0.2222222222222222	0.1428571428571429	0.0	0.0	0.0	0.0	1.0	0.0	0.0	0.0	0.4	0.3703703703703704	0.043478260869565216	0.1111111111111111	0.0	0.0	0.0	0.0	0.0	1.0	1.0	0.0	0.0	0.0	0.0	0.0	0.0	1.0	0.0	0.0	1.0	0.0	0.0	0.0
S1-903245175	S2-468996675	0	validation	0.0	0.0	0.40909090909090906	0.4	0.16666666666666666	0.3333333333333333	0.0	0.5	1.0	0.0	0.0	0.0	0.5483870967741935	0.5490196078431373	0.17647058823529413	0.3333333333333333	0.0	0.0	0.0	0.0	1.0	1.0	1.0	0.0	0.0	0.0	0.0	0.0	0.0	1.0	0.0	0.0	1.0	0.0	0.0	0.0
S1-903245175	S2-479807583	0	validation	0.0	0.0	0.08510638297872342	0.0	0.0	0.0	0.0	0.0	0.0	0.0	0.0	0.0	0.6964285714285714	0.7032967032967032	0.26666666666666666	0.4444444444444444	0.0	0.0	0.0	0.0	1.0	1.0	1.0	0.0	0.0	0.0	0.0	0.0	0.0	1.0	0.0	0.0	1.0	0.0	0.0	0.0
S1-903245175	S2-491532219	0	validation	0.0	0.0	0.20512820512820518	0.19354838709677424	0.0	0.0	0.0	0.0	1.0	0.0	0.0	0.0	0.34090909090909094	0.3098591549295775	0.07142857142857142	0.16666666666666666	0.0	1.0	1.0	1.0	1.0	1.0	0.0	0.0	0.0	0.0	0.0	0.0	0.0	1.0	0.0	0.0	1.0	0.0	0.0	0.0
S1-903245175	S2-585124416	0	validation	0.0	0.0	0.30434782608695654	0.33333333333333337	0.14285714285714285	0.3333333333333333	0.0	0.5	1.0	0.0	0.0	0.0	0.46478873239436624	0.4695652173913043	0.13636363636363635	0.3333333333333333	0.0	0.0	0.0	0.0	1.0	1.0	1.0	0.0	0.0	0.0	0.0	0.0	0.0	1.0	0.0	0.0	1.0	0.0	0.0	0.0
S1-903245175	S2-606728508	0	validation	0.0	0.0	0.35	0.3870967741935484	0.16666666666666666	0.3333333333333333	0.0	0.5	1.0	0.0	0.0	0.0	0.5333333333333333	0.5178571428571428	0.16666666666666666	0.3333333333333333	0.0	0.0	0.0	0.0	1.0	1.0	1.0	0.0	0.0	0.0	0.0	0.0	0.0	1.0	0.0	0.0	1.0	0.0	0.0	0.0
S1-903245175	S2-614411577	0	validation	0.0	0.0	0.3414634146341463	0.3125	0.16666666666666666	0.3333333333333333	0.0	0.5	1.0	0.0	0.0	0.0	0.31007751937984496	0.28846153846153844	0.045454545454545456	0.1111111111111111	0.0	0.0	0.0	0.0	0.0	1.0	1.0	0.0	0.0	0.0	0.0	0.0	0.0	1.0	0.0	0.0	1.0	0.0	0.0	0.0
S1-903245175	S2-634108966	0	validation	0.0	0.0	0.09999999999999998	0.0	0.0	0.0	0.0	0.0	0.0	0.0	0.0	0.0	0.65	0.6666666666666667	0.2857142857142857	0.4444444444444444	0.0	0.0	0.0	0.0	1.0	1.0	1.0	0.0	0.0	0.0	0.0	0.0	0.0	1.0	0.0	0.0	1.0	0.0	0.0	0.0
S1-903245175	S2-636311050	0	validation	0.0	0.0	0.07547169811320753	0.0	0.0	0.0	0.0	0.0	0.0	0.0	0.0	0.0	0.56	0.5769230769230769	0.26666666666666666	0.4444444444444444	0.0	0.0	0.0	0.0	1.0	1.0	1.0	0.0	0.0	0.0	0.0	0.0	0.0	1.0	0.0	0.0	1.0	0.0	0.0	0.0
S1-903245175	S2-88163389	0	validation	0.0	0.0	0.07407407407407407	0.0	0.0	0.0	0.0	0.0	0.0	0.0	0.0	0.0	0.375	0.3589743589743589	0.043478260869565216	0.1111111111111111	0.0	0.0	0.0	0.0	1.0	1.0	1.0	0.0	0.0	0.0	0.0	0.0	0.0	1.0	0.0	0.0	1.0	0.0	0.0	0.0
S1-903245175	S2-936672523	0	validation	0.0	0.0	0.339622641509434	0.32558139534883723	0.16666666666666666	0.3333333333333333	0.0	1.0	1.0	0.0	0.0	0.0	0.4354838709677418	0.42307692307692313	0.0625	0.125	0.0	0.0	0.0	0.0	0.0	1.0	1.0	0.0	0.0	0.0	0.0	0.0	0.0	1.0	0.0	0.0	1.0	0.0	0.0	0.0
S1-903245175	S2-972725641	0	validation	0.0	0.0	0.326530612244898	0.25	0.0	0.0	0.0	0.0	1.0	0.0	0.0	0.0	0.2247191011235955	0.2191780821917808	0.07692307692307693	0.2	0.0	1.0	1.0	0.0	1.0	1.0	0.0	0.0	0.0	0.0	0.0	0.0	0.0	1.0	0.0	0.0	1.0	0.0	0.0	0.0
S1-903245175	S3-13492775	0	validation	0.0	0.0	0.36363636363636365	0.36363636363636365	0.125	0.3333333333333333	0.0	0.5	1.0	0.0	0.0	0.0	0.31506849315068497	0.31666666666666665	0.15789473684210525	0.3333333333333333	0.0	0.0	0.0	0.0	1.0	1.0	1.0	0.0	0.0	0.0	0.0	0.0	0.0	1.0	0.0	0.0	1.0	0.0	0.0	0.0
S1-903245175	S3-137908909	0	validation	0.0	0.0	0.2857142857142857	0.2142857142857143	0.0	0.0	0.0	0.0	1.0	0.0	0.0	0.0	0.49090909090909096	0.4666666666666666	0.125	0.2222222222222222	0.0	0.0	0.0	0.0	1.0	1.0	1.0	0.0	0.0	0.0	0.0	0.0	0.0	1.0	0.0	0.0	1.0	0.0	0.0	0.0
S1-903245175	S3-148345359	0	validation	0.0	0.0	0.20512820512820518	0.19354838709677424	0.0	0.0	0.0	0.0	1.0	0.0	0.0	0.0	0.4576271186440678	0.4375	0.05263157894736842	0.1111111111111111	0.0	0.0	0.0	0.0	1.0	1.0	1.0	0.0	0.0	0.0	0.0	0.0	0.0	1.0	0.0	0.0	1.0	0.0	0.0	0.0
S1-903245175	S3-214874954	0	validation	0.0	0.0	0.24390243902439024	0.22857142857142854	0.0	0.0	0.0	0.0	1.0	0.0	0.0	0.0	0.4464285714285714	0.39560439560439564	0.05555555555555555	0.1111111111111111	0.0	0.0	0.0	0.0	1.0	1.0	1.0	0.0	0.0	0.0	0.0	0.0	0.0	1.0	0.0	0.0	1.0	0.0	0.0	0.0
S1-903245175	S3-290933881	0	validation	0.0	0.0	0.18181818181818177	0.17142857142857137	0.0	0.0	0.0	0.0	1.0	0.0	0.0	0.0	0.4	0.4074074074074075	0.05263157894736842	0.1111111111111111	0.0	0.0	0.0	0.0	0.0	1.0	1.0	0.0	0.0	0.0	0.0	0.0	0.0	1.0	0.0	0.0	1.0	0.0	0.0	0.0
S1-903245175	S3-373522948	0	validation	0.0	0.0	0.2222222222222222	0.19999999999999996	0.1111111111111111	0.3333333333333333	0.0	0.5	1.0	0.0	0.0	0.0	0.4715447154471545	0.46938775510204084	0.1111111111111111	0.2222222222222222	0.0	0.0	0.0	0.0	1.0	1.0	1.0	0.0	0.0	0.0	0.0	0.0	0.0	1.0	0.0	0.0	1.0	0.0	0.0	0.0
S1-903245175	S3-413774807	0	validation	0.0	0.0	0.3529411764705882	0.3414634146341463	0.0	0.0	0.0	0.0	1.0	0.0	0.0	0.0	0.4403669724770643	0.4615384615384615	0.06666666666666667	0.14285714285714285	0.0	1.0	1.0	1.0	1.0	1.0	0.0	0.0	0.0	0.0	0.0	0.0	0.0	1.0	0.0	0.0	1.0	0.0	0.0	0.0
S1-903245175	S3-470469867	0	validation	0.0	0.0	0.2545454545454545	0.2666666666666667	0.0	0.0	0.0	0.0	1.0	0.0	0.0	0.0	0.3106796116504854	0.3023255813953488	0.07142857142857142	0.16666666666666666	0.0	0.5	0.0	0.0	1.0	1.0	0.0	0.0	0.0	0.0	0.0	0.0	0.0	1.0	0.0	0.0	1.0	0.0	0.0	0.0
S1-903245175	S3-490539173	0	validation	0.0	0.0	0.1923076923076923	0.19047619047619047	0.0	0.0	0.0	0.0	1.0	0.0	0.0	0.0	0.46399999999999997	0.4807692307692307	0.05555555555555555	0.1111111111111111	0.0	0.0	0.0	0.0	1.0	1.0	1.0	0.0	0.0	0.0	0.0	0.0	0.0	1.0	0.0	0.0	1.0	0.0	0.0	0.0
S1-903245175	S3-537197979	0	validation	0.0	0.0	0.30434782608695654	0.2702702702702703	0.0	0.0	0.0	0.0	1.0	0.0	0.0	0.0	0.4363636363636364	0.40449438202247184	0.05555555555555555	0.1111111111111111	0.0	0.0	0.0	0.0	1.0	1.0	1.0	0.0	0.0	0.0	0.0	0.0	0.0	1.0	0.0	0.0	1.0	0.0	0.0	0.0
S1-903245175	S3-603842064	0	validation	0.0	0.0	0.06349206349206349	0.0	0.0	0.0	0.0	0.0	0.0	0.0	0.0	0.0	0.3246753246753247	0.29032258064516125	0.038461538461538464	0.1111111111111111	0.0	0.0	0.0	0.0	0.0	1.0	1.0	0.0	0.0	0.0	0.0	0.0	0.0	1.0	0.0	0.0	1.0	0.0	0.0	0.0
S1-903245175	S3-631646899	0	validation	0.0	0.0	0.4	0.38888888888888884	0.16666666666666666	0.3333333333333333	0.0	0.5	1.0	0.0	0.0	0.0	0.4158415841584159	0.3902439024390244	0.0625	0.125	0.0	0.0	0.0	0.0	1.0	1.0	1.0	0.0	0.0	0.0	0.0	0.0	0.0	1.0	0.0	0.0	1.0	0.0	0.0	0.0
S1-903245175	S3-633929487	0	validation	0.0	0.0	0.33333333333333337	0.2962962962962963	0.16666666666666666	0.3333333333333333	0.0	1.0	1.0	0.0	0.0	0.0	0.39603960396039606	0.36585365853658536	0.0625	0.125	0.0	0.0	0.0	0.0	1.0	1.0	1.0	0.0	0.0	0.0	0.0	0.0	0.0	1.0	0.0	0.0	1.0	0.0	0.0	0.0
S1-903245175	S3-876386018	0	validation	0.0	0.0	0.09999999999999998	0.0	0.0	0.0	0.0	0.0	0.0	0.0	0.0	0.0	0.6538461538461539	0.6428571428571428	0.2	0.3333333333333333	0.0	0.0	0.0	0.0	1.0	1.0	1.0	0.0	0.0	0.0	0.0	0.0	0.0	1.0	0.0	0.0	1.0	0.0	0.0	0.0
S1-903245175	S3-904378263	0	validation	0.0	0.0	0.1428571428571429	0.05882352941176472	0.0	0.0	0.0	0.0	1.0	0.0	0.0	0.0	0.4158415841584159	0.35	0.058823529411764705	0.1111111111111111	0.0	0.0	0.0	0.0	1.0	1.0	1.0	0.0	0.0	0.0	0.0	0.0	0.0	1.0	0.0	0.0	1.0	0.0	0.0	0.0
S1-90760214	S2-684115704	1	train	0.0	0.0	0.7586206896551724	0.8	0.5	0.6666666666666666	0.6666666666666666	0.0	1.0	0.0	0.0	0.0	0.8551724137931034	0.9032258064516128	0.7777777777777778	0.875	0.0	0.0	0.0	0.0	1.0	1.0	1.0	0.0	0.0	0.0	0.0	0.0	0.0	2.0	0.0	1.0	1.0	0.0	0.0	0.0
S1-90760214	S3-794822490	1	train	1.0	1.0	1.0	1.0	1.0	1.0	1.0	1.0	1.0	0.0	0.0	0.0	0.76	0.7906976744186046	0.6	0.75	0.0	0.0	0.0	0.0	1.0	1.0	1.0	0.0	0.0	0.0	0.0	0.0	0.0	3.0	1.0	1.0	1.0	0.0	0.0	0.0
S1-90760214	S2-117248671	0	train	0.0	0.0	0.32432432432432434	0.3125	0.0	0.0	0.0	0.0	1.0	0.0	0.0	0.0	0.5238095238095238	0.5714285714285714	0.15	0.375	0.0	0.0	0.0	0.0	1.0	1.0	1.0	0.0	0.0	0.0	0.0	0.0	0.0	1.0	0.0	0.0	1.0	0.0	0.0	0.0
S1-90760214	S2-158306189	0	train	0.0	0.0	0.4390243902439024	0.3783783783783784	0.0	0.0	0.0	0.0	1.0	0.0	0.0	0.0	0.475	0.4740740740740741	0.1111111111111111	0.25	0.0	0.0	0.0	0.0	1.0	1.0	1.0	0.0	0.0	0.0	0.0	0.0	0.0	1.0	0.0	0.0	1.0	0.0	0.0	0.0
S1-90760214	S2-223627630	0	train	0.0	0.0	0.3589743589743589	0.3529411764705882	0.0	0.0	0.0	0.0	1.0	0.0	0.0	0.0	0.4776119402985075	0.4864864864864865	0.125	0.25	0.0	0.0	0.0	0.0	1.0	1.0	1.0	0.0	0.0	0.0	0.0	0.0	0.0	1.0	0.0	0.0	1.0	0.0	0.0	0.0
S1-90760214	S2-282002713	0	train	0.0	0.0	0.21052631578947367	0.23529411764705888	0.0	0.0	0.0	0.0	1.0	0.0	0.0	0.0	0.48611111111111116	0.5333333333333333	0.11764705882352941	0.25	0.0	0.0	0.0	0.0	1.0	1.0	1.0	0.0	0.0	0.0	0.0	0.0	0.0	1.0	0.0	0.0	1.0	0.0	0.0	0.0
S1-90760214	S2-379298081	0	train	0.0	0.0	0.24	0.09523809523809523	0.0	0.0	0.0	0.0	1.0	0.0	0.0	0.0	0.4530386740331491	0.4473684210526315	0.14285714285714285	0.375	0.0	0.0	0.0	0.0	1.0	1.0	1.0	0.0	0.0	0.0	0.0	0.0	0.0	1.0	0.0	0.0	1.0	0.0	0.0	0.0
S1-90760214	S2-51805457	0	train	0.0	0.0	0.2068965517241379	0.23076923076923073	0.0	0.0	0.0	0.0	1.0	0.0	0.0	0.0	0.7007299270072993	0.7521367521367521	0.36363636363636365	0.5714285714285714	0.0	0.0	0.0	0.0	1.0	1.0	1.0	0.0	0.0	0.0	0.0	0.0	0.0	1.0	0.0	0.0	1.0	0.0	0.0	0.0
S1-90760214	S2-647749862	0	train	0.0	0.0	0.2777777777777778	0.25	0.0	0.0	0.0	0.0	1.0	0.0	0.0	0.0	0.6153846153846154	0.6422018348623852	0.23076923076923078	0.375	0.0	0.0	0.0	0.0	1.0	1.0	1.0	0.0	0.0	0.0	0.0	0.0	0.0	1.0	0.0	0.0	1.0	0.0	0.0	0.0
S1-90760214	S2-755857235	0	train	0.0	0.0	0.2162162162162162	0.19354838709677424	0.0	0.0	0.0	0.0	1.0	0.0	0.0	0.0	0.45070422535211263	0.4426229508196722	0.15384615384615385	0.2857142857142857	0.0	0.0	0.0	0.0	1.0	1.0	1.0	0.0	0.0	0.0	0.0	0.0	0.0	1.0	0.0	0.0	1.0	0.0	0.0	0.0
S1-90760214	S2-794115418	0	train	0.0	0.0	0.4242424242424242	0.3448275862068966	0.0	0.0	0.0	0.0	1.0	0.0	0.0	0.0	0.4761904761904761	0.4822695035460993	0.15789473684210525	0.375	0.0	0.0	0.0	0.0	1.0	1.0	1.0	0.0	0.0	0.0	0.0	0.0	0.0	1.0	0.0	0.0	1.0	0.0	0.0	0.0
S1-90760214	S2-853121734	0	train	0.0	0.0	0.4444444444444444	0.41666666666666663	0.0	0.0	0.0	0.0	1.0	0.0	0.0	0.0	0.5931034482758621	0.6065573770491803	0.2857142857142857	0.5	0.0	0.0	0.0	0.0	1.0	1.0	1.0	0.0	0.0	0.0	0.0	0.0	0.0	1.0	0.0	0.0	1.0	0.0	0.0	0.0
S1-90760214	S2-888727329	0	train	0.0	0.0	0.6206896551724138	0.64	0.5	0.6666666666666666	0.3333333333333333	1.0	1.0	0.0	0.0	0.0	0.3597122302158273	0.3793103448275862	0.0	0.0	0.0	0.0	0.0	0.0	1.0	1.0	1.0	0.0	0.0	0.0	0.0	0.0	0.0	1.0	0.0	1.0	0.0	0.0	0.0	0.0
S1-90760214	S2-913512125	0	train	0.0	0.0	0.3111111111111111	0.25	0.0	0.0	0.0	0.0	1.0	0.0	0.0	0.0	0.3626373626373627	0.40268456375838924	0.13043478260869565	0.375	0.0	0.0	0.0	0.0	1.0	1.0	1.0	0.0	0.0	0.0	0.0	0.0	0.0	1.0	0.0	0.0	1.0	0.0	0.0	0.0
S1-90760214	S2-913718499	0	train	0.0	0.0	0.2857142857142857	0.2666666666666667	0.0	0.0	0.0	0.0	1.0	0.0	0.0	0.0	0.419753086419753	0.417910447761194	0.09523809523809523	0.25	0.0	0.0	0.0	0.0	1.0	1.0	1.0	0.0	0.0	0.0	0.0	0.0	0.0	1.0	0.0	0.0	1.0	0.0	0.0	0.0
S1-90760214	S2-925873281	0	train	0.0	0.0	0.3076923076923077	0.3111111111111111	0.0	0.0	0.0	0.0	1.0	0.0	0.0	0.0	0.5373134328358209	0.5663716814159292	0.23076923076923078	0.375	0.0	0.0	0.0	0.0	1.0	1.0	1.0	0.0	0.0	0.0	0.0	0.0	0.0	1.0	0.0	0.0	1.0	0.0	0.0	0.0
S1-90760214	S2-937043386	0	train	0.0	0.0	0.32432432432432434	0.3125	0.0	0.0	0.0	0.0	1.0	0.0	0.0	0.0	0.485207100591716	0.49295774647887325	0.15789473684210525	0.375	0.0	0.0	0.0	0.0	1.0	1.0	1.0	0.0	0.0	0.0	0.0	0.0	0.0	1.0	0.0	0.0	1.0	0.0	0.0	0.0
S1-90760214	S3-148121984	0	train	0.0	0.0	0.3157894736842105	0.303030303030303	0.0	0.0	0.0	0.0	1.0	0.0	0.0	0.0	0.5042016806722689	0.48484848484848486	0.15384615384615385	0.2857142857142857	0.0	0.0	0.0	0.0	1.0	1.0	1.0	0.0	0.0	0.0	0.0	0.0	0.0	1.0	0.0	0.0	1.0	0.0	0.0	0.0
S1-90760214	S3-187993552	0	train	0.0	0.0	0.3783783783783784	0.375	0.0	0.0	0.0	0.0	1.0	0.0	0.0	0.0	0.4635761589403974	0.4715447154471545	0.09523809523809523	0.25	0.0	0.0	0.0	0.0	1.0	1.0	1.0	0.0	0.0	0.0	0.0	0.0	0.0	1.0	0.0	0.0	1.0	0.0	0.0	0.0
S1-90760214	S3-255776659	0	train	0.0	0.0	0.11764705882352944	0.1333333333333333	0.0	0.0	0.0	0.0	1.0	0.0	0.0	0.0	0.48958333333333337	0.5061728395061729	0.14285714285714285	0.375	0.0	0.0	0.0	0.0	1.0	1.0	1.0	0.0	0.0	0.0	0.0	0.0	0.0	1.0	0.0	0.0	1.0	0.0	0.0	0.0
S1-90760214	S3-265575344	0	train	0.0	0.0	0.27450980392156865	0.2666666666666667	0.0	0.0	0.0	0.0	1.0	0.0	0.0	0.0	0.44594594594594594	0.47540983606557374	0.16666666666666666	0.375	0.0	0.0	0.0	0.0	1.0	1.0	1.0	0.0	0.0	0.0	0.0	0.0	0.0	1.0	0.0	0.0	1.0	0.0	0.0	0.0
S1-90760214	S3-3109843	0	train	0.0	0.0	0.24	0.26086956521739135	0.0	0.0	0.0	0.0	1.0	0.0	0.0	0.0	0.3855421686746988	0.4087591240875912	0.15	0.375	0.0	0.0	0.0	0.0	1.0	1.0	1.0	0.0	0.0	0.0	0.0	0.0	0.0	1.0	0.0	0.0	1.0	0.0	0.0	0.0
S1-90760214	S3-399284493	0	train	0.0	0.0	0.08695652173913049	0.09523809523809523	0.0	0.0	0.0	0.0	1.0	0.0	0.0	0.0	0.5369127516778524	0.5203252032520325	0.1111111111111111	0.25	0.0	0.0	0.0	0.0	1.0	1.0	1.0	0.0	0.0	0.0	0.0	0.0	0.0	1.0	0.0	0.0	1.0	0.0	0.0	0.0
S1-90760214	S3-459190494	0	train	0.0	0.0	0.25	0.22857142857142854	0.0	0.0	0.0	0.0	1.0	0.0	0.0	0.0	0.4285714285714286	0.4307692307692308	0.11764705882352941	0.25	0.0	0.0	0.0	0.0	1.0	1.0	1.0	0.0	0.0	0.0	0.0	0.0	0.0	1.0	0.0	0.0	1.0	0.0	0.0	0.0
S1-90760214	S3-499989098	0	train	0.0	0.0	0.3414634146341463	0.32432432432432434	0.0	0.0	0.0	0.0	1.0	0.0	0.0	0.0	0.47457627118644063	0.5	0.18181818181818182	0.4	0.0	0.0	0.0	0.0	1.0	1.0	1.0	0.0	0.0	0.0	0.0	0.0	0.0	1.0	0.0	0.0	1.0	0.0	0.0	0.0
S1-90760214	S3-593801992	0	train	0.0	0.0	0.32558139534883723	0.3157894736842105	0.0	0.0	0.0	0.0	1.0	0.0	0.0	0.0	0.41379310344827597	0.3917525773195877	0.16666666666666666	0.3333333333333333	0.0	0.0	0.0	0.0	1.0	1.0	1.0	0.0	0.0	0.0	0.0	0.0	0.0	1.0	0.0	0.0	1.0	0.0	0.0	0.0
S1-90760214	S3-778955232	0	train	0.0	0.0	0.2857142857142857	0.2666666666666667	0.0	0.0	0.0	0.0	1.0	0.0	0.0	0.0	0.47142857142857136	0.4482758620689655	0.11764705882352941	0.25	0.0	0.0	0.0	0.0	1.0	1.0	1.0	0.0	0.0	0.0	0.0	0.0	0.0	1.0	0.0	0.0	1.0	0.0	0.0	0.0
S1-90760214	S3-836145775	0	train	0.0	0.0	0.3125	0.2962962962962963	0.0	0.0	0.0	0.0	1.0	0.0	0.0	0.0	0.49557522123893805	0.4731182795698925	0.15384615384615385	0.2857142857142857	0.0	0.0	0.0	0.0	1.0	1.0	1.0	0.0	0.0	0.0	0.0	0.0	0.0	1.0	0.0	0.0	1.0	0.0	0.0	0.0
S1-90760214	S3-86422778	0	train	0.0	0.0	0.6428571428571428	0.64	0.25	0.5	0.3333333333333333	0.0	1.0	0.0	0.0	0.0	0.2244897959183674	0.19753086419753085	0.0	0.0	0.0	0.0	0.0	0.0	1.0	1.0	1.0	0.0	0.0	0.0	0.0	0.0	0.0	1.0	0.0	1.0	0.0	0.0	0.0	0.0
S1-90760214	S3-871417934	0	train	0.0	0.0	0.2857142857142857	0.2702702702702703	0.0	0.0	0.0	0.0	1.0	0.0	0.0	0.0	0.4563758389261745	0.46399999999999997	0.11764705882352941	0.25	0.0	0.0	0.0	0.0	1.0	1.0	1.0	0.0	0.0	0.0	0.0	0.0	0.0	1.0	0.0	0.0	1.0	0.0	0.0	0.0
S1-90760214	S3-911632855	0	train	0.0	0.0	0.3529411764705882	0.3448275862068966	0.0	0.0	0.0	0.0	1.0	0.0	0.0	0.0	0.4361702127659575	0.4415584415584416	0.11538461538461539	0.375	0.0	0.0	0.0	0.0	1.0	1.0	1.0	0.0	0.0	0.0	0.0	0.0	0.0	1.0	0.0	0.0	1.0	0.0	0.0	0.0
S1-90760214	S3-98042451	0	train	0.0	0.0	0.4444444444444444	0.4516129032258065	0.16666666666666666	0.3333333333333333	0.3333333333333333	0.0	1.0	0.0	0.0	0.0	0.3790849673202614	0.36220472440944884	0.0	0.0	0.0	0.0	0.0	0.0	1.0	1.0	1.0	0.0	0.0	0.0	0.0	0.0	0.0	1.0	0.0	1.0	0.0	0.0	0.0	0.0
S1-916716203	S2-140003541	1	train	0.0	0.0	0.9534883720930233	0.961038961038961	0.8333333333333334	1.0	0.8333333333333334	0.0	1.0	0.0	0.0	0.0	0.7560975609756098	0.8064516129032258	0.5555555555555556	0.7142857142857143	0.0	0.5	1.0	1.0	1.0	1.0	1.0	0.0	0.0	0.0	0.0	0.0	0.0	1.0	0.0	0.0	1.0	0.0	0.0	0.0
S1-916716203	S2-264913098	1	train	0.0	0.0	0.9534883720930233	0.961038961038961	0.8333333333333334	1.0	1.0	0.0	1.0	0.0	0.0	0.0	0.7945205479452055	0.9090909090909091	0.7142857142857143	1.0	0.0	1.0	1.0	1.0	1.0	1.0	1.0	0.0	0.0	0.0	0.0	0.0	0.0	1.0	0.0	0.0	1.0	0.0	0.0	0.0
S1-916716203	S2-75113123	1	train	0.0	0.0	0.9111111111111111	0.9135802469135803	0.8333333333333334	1.0	0.8333333333333334	0.0	1.0	0.0	0.0	0.0	0.7945205479452055	0.9090909090909091	0.7142857142857143	1.0	0.0	1.0	1.0	1.0	1.0	1.0	1.0	0.0	0.0	0.0	0.0	0.0	0.0	1.0	0.0	0.0	1.0	0.0	0.0	0.0
S1-916716203	S3-233598513	1	train	0.0	0.0	0.34615384615384615	0.34042553191489366	0.0	0.0	0.0	0.0	1.0	0.0	0.0	0.0	0.673913043478261	0.7323943661971832	0.5	0.7142857142857143	0.0	0.5	1.0	1.0	1.0	1.0	1.0	0.0	0.0	0.0	0.0	0.0	0.0	1.0	0.0	0.0	1.0	0.0	0.0	0.0
S1-916716203	S3-819318118	1	train	0.0	0.0	0.9066666666666666	0.9117647058823529	0.8	1.0	0.8	0.0	1.0	0.0	0.0	0.0	0.6185567010309279	0.6666666666666667	0.6	0.8571428571428571	0.0	0.5	1.0	0.0	1.0	1.0	1.0	0.0	0.0	0.0	0.0	0.0	0.0	1.0	0.0	0.0	1.0	0.0	0.0	0.0
S1-916716203	S2-178561591	0	train	0.0	0.0	0.410958904109589	0.4	0.0	0.0	0.0	0.0	1.0	0.0	0.0	0.0	0.38888888888888884	0.3846153846153846	0.07692307692307693	0.14285714285714285	0.0	0.3333333333333333	1.0	1.0	1.0	1.0	1.0	0.0	0.0	0.0	0.0	0.0	0.0	1.0	0.0	0.0	1.0	0.0	0.0	0.0
S1-916716203	S2-194921791	0	train	0.0	0.0	0.3768115942028986	0.3492063492063492	0.0	0.0	0.0	0.0	1.0	0.0	0.0	0.0	0.4383561643835616	0.4363636363636364	0.09090909090909091	0.2	0.0	1.0	1.0	1.0	1.0	1.0	1.0	0.0	0.0	0.0	0.0	0.0	0.0	1.0	0.0	0.0	1.0	0.0	0.0	0.0
S1-916716203	S2-317217719	0	train	0.0	0.0	0.3287671232876712	0.3384615384615385	0.0	0.0	0.0	0.0	1.0	0.0	0.0	0.0	0.4	0.43999999999999995	0.07692307692307693	0.14285714285714285	0.0	0.3333333333333333	1.0	1.0	1.0	1.0	1.0	0.0	0.0	0.0	0.0	0.0	0.0	1.0	0.0	0.0	1.0	0.0	0.0	0.0
S1-916716203	S2-32910357	0	train	0.0	0.0	0.2962962962962963	0.25	0.0	0.0	0.0	0.0	1.0	0.0	0.0	0.0	0.2777777777777778	0.2592592592592593	0.09090909090909091	0.2	0.0	0.0	0.0	0.0	1.0	1.0	1.0	0.0	0.0	0.0	0.0	0.0	0.0	1.0	0.0	0.0	1.0	0.0	0.0	0.0
S1-916716203	S2-414047462	0	train	0.0	0.0	0.38888888888888884	0.34375	0.0	0.0	0.0	0.0	1.0	0.0	0.0	0.0	0.32835820895522383	0.2857142857142857	0.09090909090909091	0.2	0.0	0.0	0.0	0.0	1.0	1.0	1.0	0.0	0.0	0.0	0.0	0.0	0.0	1.0	0.0	0.0	1.0	0.0	0.0	0.0
S1-916716203	S2-429939419	0	train	0.0	0.0	0.35820895522388063	0.36065573770491793	0.0	0.0	0.0	0.0	1.0	0.0	0.0	0.0	0.4819277108433735	0.4444444444444444	0.07692307692307693	0.14285714285714285	0.0	1.0	1.0	1.0	1.0	1.0	1.0	0.0	0.0	0.0	0.0	0.0	0.0	1.0	0.0	0.0	1.0	0.0	0.0	0.0
S1-916716203	S2-568914989	0	train	0.0	0.0	0.29333333333333333	0.2647058823529411	0.0	0.0	0.0	0.0	1.0	0.0	0.0	0.0	0.5	0.52	0.09090909090909091	0.2	0.0	0.0	0.0	0.0	1.0	1.0	1.0	0.0	0.0	0.0	0.0	0.0	0.0	1.0	0.0	0.0	1.0	0.0	0.0	0.0
S1-916716203	S2-636494308	0	train	0.0	0.0	0.38095238095238093	0.3733333333333333	0.0	0.0	0.0	0.0	1.0	0.0	0.0	0.0	0.2857142857142857	0.3076923076923077	0.09090909090909091	0.2	0.0	0.5	1.0	0.0	1.0	1.0	1.0	0.0	0.0	0.0	0.0	0.0	0.0	1.0	0.0	0.0	1.0	0.0	0.0	0.0
S1-916716203	S2-661134887	0	train	0.0	0.0	0.2592592592592593	0.24489795918367352	0.0	0.0	0.0	0.0	1.0	0.0	0.0	0.0	0.417910447761194	0.4489795918367348	0.09090909090909091	0.2	0.0	1.0	1.0	1.0	1.0	1.0	1.0	0.0	0.0	0.0	0.0	0.0	0.0	1.0	0.0	0.0	1.0	0.0	0.0	0.0
S1-916716203	S2-722967651	0	train	0.0	0.0	0.23529411764705888	0.21739130434782605	0.0	0.0	0.0	0.0	1.0	0.0	0.0	0.0	0.43478260869565216	0.4705882352941176	0.09090909090909091	0.2	0.0	0.5	1.0	1.0	1.0	1.0	1.0	0.0	0.0	0.0	0.0	0.0	0.0	1.0	0.0	0.0	1.0	0.0	0.0	0.0
S1-916716203	S2-822136536	0	train	0.0	0.0	0.2857142857142857	0.3076923076923077	0.0	0.0	0.0	0.0	1.0	0.0	0.0	0.0	0.2857142857142857	0.30434782608695654	0.1	0.25	0.0	0.0	0.0	0.0	1.0	1.0	1.0	0.0	0.0	0.0	0.0	0.0	0.0	1.0	0.0	0.0	1.0	0.0	0.0	0.0
S1-916716203	S2-841951735	0	train	0.0	0.0	0.33898305084745756	0.33333333333333337	0.0	0.0	0.0	0.0	1.0	0.0	0.0	0.0	0.36363636363636365	0.41666666666666663	0.09090909090909091	0.2	0.0	0.0	0.0	0.0	1.0	1.0	1.0	0.0	0.0	0.0	0.0	0.0	0.0	1.0	0.0	0.0	1.0	0.0	0.0	0.0
S1-916716203	S2-885226596	0	train	0.0	0.0	0.4	0.38095238095238093	0.125	0.25	0.125	0.0	1.0	0.0	0.0	0.0	0.3287671232876712	0.339622641509434	0.07692307692307693	0.14285714285714285	0.0	0.0	0.0	0.0	1.0	1.0	1.0	0.0	0.0	0.0	0.0	0.0	0.0	1.0	0.0	0.0	1.0	0.0	0.0	0.0
S1-916716203	S2-99032394	0	train	0.0	0.0	0.2807017543859649	0.2692307692307693	0.0	0.0	0.0	0.0	1.0	0.0	0.0	0.0	0.31746031746031744	0.34782608695652173	0.1	0.25	0.0	0.0	0.0	0.0	1.0	1.0	1.0	0.0	0.0	0.0	0.0	0.0	0.0	1.0	0.0	0.0	1.0	0.0	0.0	0.0
S1-916716203	S3-116563531	0	train	0.0	0.0	0.3943661971830986	0.375	0.0	0.0	0.0	0.0	1.0	0.0	0.0	0.0	0.40506329113924056	0.43333333333333335	0.08333333333333333	0.16666666666666666	0.0	0.3333333333333333	1.0	1.0	1.0	1.0	1.0	0.0	0.0	0.0	0.0	0.0	0.0	1.0	0.0	0.0	1.0	0.0	0.0	0.0
S1-916716203	S3-282931763	0	train	0.0	0.0	0.3448275862068966	0.3076923076923077	0.0	0.0	0.0	0.0	1.0	0.0	0.0	0.0	0.4473684210526315	0.4482758620689655	0.09090909090909091	0.2	0.0	0.0	0.0	0.0	1.0	1.0	1.0	0.0	0.0	0.0	0.0	0.0	0.0	1.0	0.0	0.0	1.0	0.0	0.0	0.0
S1-916716203	S3-421083430	0	train	0.0	0.0	0.19999999999999996	0.1777777777777778	0.0	0.0	0.0	0.0	1.0	0.0	0.0	0.0	0.4946236559139785	0.5	0.15384615384615385	0.2857142857142857	0.0	0.0	0.0	0.0	1.0	1.0	1.0	0.0	0.0	0.0	0.0	0.0	0.0	1.0	0.0	0.0	1.0	0.0	0.0	0.0
S1-916716203	S3-60601049	0	train	0.0	0.0	0.34285714285714286	0.32258064516129037	0.0	0.0	0.0	0.0	1.0	0.0	0.0	0.0	0.39560439560439564	0.3768115942028986	0.06666666666666667	0.14285714285714285	0.0	0.5	1.0	1.0	1.0	1.0	1.0	0.0	0.0	0.0	0.0	0.0	0.0	1.0	0.0	0.0	1.0	0.0	0.0	0.0
S1-916716203	S3-667425858	0	train	0.0	0.0	0.34782608695652173	0.32258064516129037	0.0	0.0	0.0	0.0	1.0	0.0	0.0	0.0	0.4415584415584416	0.3793103448275862	0.09090909090909091	0.2	0.0	0.0	0.0	0.0	1.0	1.0	1.0	0.0	0.0	0.0	0.0	0.0	0.0	1.0	0.0	0.0	1.0	0.0	0.0	0.0
S1-916716203	S3-704637172	0	train	0.0	0.0	0.3384615384615385	0.31034482758620685	0.0	0.0	0.0	0.0	1.0	0.0	0.0	0.0	0.32558139534883723	0.303030303030303	0.07692307692307693	0.14285714285714285	0.0	0.5	0.0	0.0	1.0	1.0	1.0	0.0	0.0	0.0	0.0	0.0	0.0	1.0	0.0	0.0	1.0	0.0	0.0	0.0
S1-916716203	S3-718711546	0	train	0.0	0.0	0.2622950819672131	0.21818181818181814	0.0	0.0	0.0	0.0	1.0	0.0	0.0	0.0	0.3783783783783784	0.37735849056603776	0.07142857142857142	0.14285714285714285	0.0	0.0	0.0	0.0	1.0	1.0	1.0	0.0	0.0	0.0	0.0	0.0	0.0	1.0	0.0	0.0	1.0	0.0	0.0	0.0
S1-916716203	S3-719837583	0	train	0.0	0.0	0.3116883116883117	0.34285714285714286	0.0	0.0	0.0	0.0	1.0	0.0	0.0	0.0	0.4222222222222223	0.4225352112676056	0.08333333333333333	0.16666666666666666	0.0	0.0	0.0	0.0	1.0	1.0	1.0	0.0	0.0	0.0	0.0	0.0	0.0	1.0	0.0	0.0	1.0	0.0	0.0	0.0
S1-916716203	S3-735963879	0	train	0.0	0.0	0.3448275862068966	0.339622641509434	0.0	0.0	0.0	0.0	1.0	0.0	0.0	0.0	0.4225352112676056	0.45283018867924535	0.09090909090909091	0.2	0.0	0.0	0.0	0.0	1.0	1.0	1.0	0.0	0.0	0.0	0.0	0.0	0.0	1.0	0.0	0.0	1.0	0.0	0.0	0.0
S1-916716203	S3-762053407	0	train	0.0	0.0	0.4383561643835616	0.4242424242424242	0.0	0.0	0.0	0.0	1.0	0.0	0.0	0.0	0.45569620253164556	0.4590163934426229	0.09090909090909091	0.2	0.0	0.0	0.0	0.0	1.0	1.0	1.0	0.0	0.0	0.0	0.0	0.0	0.0	1.0	0.0	0.0	1.0	0.0	0.0	0.0
S1-916716203	S3-786099648	0	train	0.0	0.0	0.3125	0.2909090909090909	0.0	0.0	0.0	0.0	1.0	0.0	0.0	0.0	0.3939393939393939	0.4489795918367348	0.1	0.25	0.0	1.0	1.0	1.0	1.0	1.0	1.0	0.0	0.0	0.0	0.0	0.0	0.0	1.0	0.0	0.0	1.0	0.0	0.0	0.0
S1-916716203	S3-830391230	0	train	0.0	0.0	0.19999999999999996	0.1777777777777778	0.0	0.0	0.0	0.0	1.0	0.0	0.0	0.0	0.4864864864864865	0.47272727272727283	0.08333333333333333	0.16666666666666666	0.0	1.0	1.0	1.0	1.0	1.0	1.0	0.0	0.0	0.0	0.0	0.0	0.0	1.0	0.0	0.0	1.0	0.0	0.0	0.0
S1-916716203	S3-838606316	0	train	0.0	0.0	0.1923076923076923	0.21276595744680848	0.0	0.0	0.0	0.0	1.0	0.0	0.0	0.0	0.5747126436781609	0.5373134328358209	0.16666666666666666	0.2857142857142857	0.0	0.0	0.0	0.0	1.0	1.0	1.0	0.0	0.0	0.0	0.0	0.0	0.0	1.0	0.0	0.0	1.0	0.0	0.0	0.0
S1-916716203	S3-940232006	0	train	0.0	0.0	0.36363636363636365	0.3666666666666667	0.0	0.0	0.0	0.0	1.0	0.0	0.0	0.0	0.48	0.4642857142857143	0.08333333333333333	0.16666666666666666	0.0	0.0	0.0	0.0	1.0	1.0	1.0	0.0	0.0	0.0	0.0	0.0	0.0	1.0	0.0	0.0	1.0	0.0	0.0	0.0
S1-916716203	S3-970289841	0	train	0.0	0.0	0.2857142857142857	0.2807017543859649	0.0	0.0	0.0	0.0	1.0	0.0	0.0	0.0	0.3076923076923077	0.29166666666666663	0.1	0.25	0.0	0.0	0.0	0.0	1.0	1.0	1.0	0.0	0.0	0.0	0.0	0.0	0.0	1.0	0.0	0.0	1.0	0.0	0.0	0.0
S1-916716203	S3-997448436	0	train	0.0	0.0	0.26415094339622647	0.25	0.0	0.0	0.0	0.0	1.0	0.0	0.0	0.0	0.475	0.4590163934426229	0.08333333333333333	0.16666666666666666	0.0	0.0	0.0	0.0	1.0	1.0	1.0	0.0	0.0	0.0	0.0	0.0	0.0	1.0	0.0	0.0	1.0	0.0	0.0	0.0
S1-925522126	S2-137713708	1	validation	0.0	0.0	0.5106382978723405	0.6060606060606061	0.6	0.75	0.3333333333333333	1.0	1.0	0.0	0.0	0.0	0.8727272727272728	0.9411764705882352	0.9444444444444444	1.0	0.0	1.0	1.0	0.0	1.0	1.0	1.0	0.0	0.0	0.0	0.0	0.0	0.0	2.0	0.0	1.0	1.0	0.0	0.0	0.0
S1-925522126	S2-529818795	1	validation	0.0	0.0	0.7272727272727273	0.9032258064516128	0.75	1.0	1.0	0.5	1.0	0.0	0.0	0.0	0.8727272727272728	0.9411764705882352	0.9444444444444444	1.0	0.0	1.0	1.0	0.0	1.0	1.0	1.0	0.0	0.0	0.0	0.0	0.0	0.0	2.0	0.0	1.0	1.0	0.0	0.0	0.0
S1-925522126	S3-182865391	1	validation	0.0	0.0	0.8627450980392157	0.8648648648648648	0.6	0.75	0.6666666666666666	0.5	1.0	0.0	0.0	0.0	0.8571428571428572	0.9152542372881356	0.85	0.9444444444444444	0.0	0.8	0.0	0.0	1.0	1.0	1.0	0.0	0.0	0.0	0.0	0.0	0.0	2.0	0.0	1.0	1.0	0.0	0.0	0.0
S1-925522126	S3-846937859	1	validation	0.0	0.0	0.25	0.27586206896551724	0.0	0.0	0.0	0.0	1.0	0.0	0.0	0.0	0.6666666666666667	0.711864406779661	0.85	0.9444444444444444	0.0	0.8	0.0	0.0	1.0	1.0	1.0	0.0	0.0	0.0	0.0	0.0	0.0	1.0	0.0	0.0	1.0	0.0	0.0	0.0
S1-925522126	S2-13391200	0	validation	0.0	0.0	0.3548387096774194	0.42553191489361697	0.125	0.25	0.0	0.5	1.0	0.0	0.0	0.0	0.47706422018348627	0.49122807017543857	0.17857142857142858	0.3333333333333333	0.0	0.0	0.0	0.0	1.0	1.0	1.0	0.0	0.0	0.0	0.0	0.0	0.0	1.0	0.0	0.0	1.0	0.0	0.0	0.0
S1-925522126	S2-310938925	0	validation	0.0	0.0	0.46808510638297873	0.48484848484848486	0.3333333333333333	0.5	0.0	1.0	1.0	0.0	0.0	0.0	0.3891402714932126	0.36994219653179194	0.0967741935483871	0.1875	0.0	0.0	0.0	0.0	1.0	1.0	1.0	0.0	0.0	0.0	0.0	0.0	0.0	1.0	0.0	0.0	1.0	0.0	0.0	0.0
S1-925522126	S2-354436781	0	validation	0.0	0.0	0.45833333333333337	0.5142857142857142	0.16666666666666666	0.3333333333333333	0.0	0.5	1.0	0.0	0.0	0.0	0.40975609756097564	0.389937106918239	0.14285714285714285	0.2857142857142857	0.0	0.0	0.0	0.0	0.0	1.0	1.0	0.0	0.0	0.0	0.0	0.0	0.0	1.0	0.0	0.0	1.0	0.0	0.0	0.0
S1-925522126	S2-427860186	0	validation	0.0	0.0	0.3529411764705882	0.2702702702702703	0.0	0.0	0.0	0.0	1.0	0.0	0.0	0.0	0.5166666666666666	0.5297297297297296	0.17142857142857143	0.3333333333333333	0.0	0.0	0.0	0.0	1.0	1.0	1.0	0.0	0.0	0.0	0.0	0.0	0.0	1.0	0.0	0.0	1.0	0.0	0.0	0.0
S1-925522126	S2-448215137	0	validation	0.0	0.0	0.4651162790697675	0.48275862068965514	0.3333333333333333	0.5	0.0	1.0	1.0	0.0	0.0	0.0	0.3937823834196891	0.3835616438356164	0.06666666666666667	0.14285714285714285	0.0	0.0	0.0	0.0	1.0	1.0	1.0	0.0	0.0	0.0	0.0	0.0	0.0	1.0	0.0	0.0	1.0	0.0	0.0	0.0
S1-925522126	S2-477638644	0	validation	0.0	0.0	0.4375	0.4897959183673469	0.2857142857142857	0.5	0.0	1.0	1.0	0.0	0.0	0.0	0.5	0.5189873417721519	0.18518518518518517	0.35714285714285715	0.0	0.0	0.0	0.0	1.0	1.0	1.0	0.0	0.0	0.0	0.0	0.0	0.0	1.0	0.0	0.0	1.0	0.0	0.0	0.0
S1-925522126	S2-498089319	0	validation	0.0	0.0	0.10169491525423723	0.0	0.0	0.0	0.0	0.0	0.0	0.0	0.0	0.0	0.45744680851063835	0.4657534246575342	0.12	0.3	0.0	0.0	0.0	0.0	1.0	1.0	1.0	0.0	0.0	0.0	0.0	0.0	0.0	1.0	0.0	0.0	1.0	0.0	0.0	0.0
S1-925522126	S2-571145410	0	validation	0.0	0.0	0.48	0.5555555555555556	0.3333333333333333	0.5	0.0	1.0	1.0	0.0	0.0	0.0	0.3921568627450981	0.37810945273631846	0.14285714285714285	0.2777777777777778	0.0	0.0	0.0	0.0	1.0	1.0	1.0	0.0	0.0	0.0	0.0	0.0	0.0	1.0	0.0	0.0	1.0	0.0	0.0	0.0
S1-925522126	S2-61042717	0	validation	0.0	0.0	0.41666666666666663	0.4	0.0	0.0	0.0	0.0	1.0	0.0	0.0	0.0	0.43850267379679136	0.45833333333333337	0.16	0.36363636363636365	0.0	0.0	0.0	0.0	1.0	1.0	1.0	0.0	0.0	0.0	0.0	0.0	0.0	1.0	0.0	0.0	1.0	0.0	0.0	0.0
S1-925522126	S2-675059976	0	validation	0.0	0.0	0.4705882352941176	0.5405405405405406	0.3333333333333333	0.5	0.0	1.0	1.0	0.0	0.0	0.0	0.49327354260089684	0.47126436781609193	0.09375	0.17647058823529413	0.0	0.0	0.0	0.0	1.0	1.0	1.0	0.0	0.0	0.0	0.0	0.0	0.0	1.0	0.0	0.0	1.0	0.0	0.0	0.0
S1-925522126	S2-733624136	0	validation	0.0	0.0	0.40816326530612246	0.5	0.16666666666666666	0.3333333333333333	0.0	0.5	1.0	0.0	0.0	0.0	0.4563106796116505	0.44720496894409933	0.10714285714285714	0.23076923076923078	0.0	0.0	0.0	0.0	1.0	1.0	1.0	0.0	0.0	0.0	0.0	0.0	0.0	1.0	0.0	0.0	1.0	0.0	0.0	0.0
S1-925522126	S2-835596612	0	validation	0.0	0.0	0.48275862068965514	0.4545454545454546	0.14285714285714285	0.25	0.0	0.5	1.0	0.0	0.0	0.0	0.4716981132075472	0.49696969696969695	0.14285714285714285	0.2857142857142857	0.0	0.0	0.0	0.0	1.0	1.0	1.0	0.0	0.0	0.0	0.0	0.0	0.0	1.0	0.0	0.0	1.0	0.0	0.0	0.0
S1-925522126	S2-850486487	0	validation	0.0	0.0	0.5098039215686274	0.5945945945945945	0.3333333333333333	0.5	0.0	1.0	1.0	0.0	0.0	0.0	0.38888888888888884	0.3928571428571429	0.0967741935483871	0.1875	0.0	0.0	0.0	0.0	0.0	1.0	1.0	0.0	0.0	0.0	0.0	0.0	0.0	1.0	0.0	0.0	1.0	0.0	0.0	0.0
S1-925522126	S2-856416072	0	validation	0.0	0.0	0.5161290322580645	0.5957446808510638	0.2857142857142857	0.5	0.0	1.0	1.0	0.0	0.0	0.0	0.4656084656084656	0.43661971830985913	0.10344827586206896	0.21428571428571427	0.0	0.2	0.0	0.0	1.0	1.0	1.0	0.0	0.0	0.0	0.0	0.0	0.0	1.0	0.0	0.0	1.0	0.0	0.0	0.0
S1-925522126	S2-877155847	0	validation	0.0	0.0	0.4074074074074075	0.4615384615384615	0.2857142857142857	0.5	0.0	1.0	0.0	0.0	0.0	0.0	0.4978165938864629	0.49723756906077343	0.13333333333333333	0.25	0.0	0.0	0.0	0.0	1.0	1.0	1.0	0.0	0.0	0.0	0.0	0.0	0.0	1.0	0.0	0.0	1.0	0.0	0.0	0.0
S1-925522126	S2-940662131	0	validation	0.0	0.0	0.4814814814814815	0.55	0.3333333333333333	0.5	0.0	1.0	1.0	0.0	0.0	0.0	0.4880382775119617	0.4968944099378882	0.0967741935483871	0.1875	0.0	0.0	0.0	0.0	1.0	1.0	1.0	0.0	0.0	0.0	0.0	0.0	0.0	1.0	0.0	0.0	1.0	0.0	0.0	0.0
S1-925522126	S3-152554101	0	validation	0.0	0.0	0.45283018867924535	0.5128205128205128	0.3333333333333333	0.5	0.0	1.0	1.0	0.0	0.0	0.0	0.3886255924170616	0.3926380368098159	0.13333333333333333	0.25	0.0	0.0	0.0	0.0	1.0	1.0	1.0	0.0	0.0	0.0	0.0	0.0	0.0	1.0	0.0	0.0	1.0	0.0	0.0	0.0
S1-925522126	S3-195176407	0	validation	0.0	0.0	0.2857142857142857	0.2777777777777778	0.0	0.0	0.0	0.0	1.0	0.0	0.0	0.0	0.48	0.5189873417721519	0.12	0.3	0.0	0.0	0.0	0.0	1.0	1.0	1.0	0.0	0.0	0.0	0.0	0.0	0.0	1.0	0.0	0.0	1.0	0.0	0.0	0.0
S1-925522126	S3-315696016	0	validation	0.0	0.0	0.44067796610169496	0.4545454545454546	0.125	0.25	0.0	0.5	1.0	0.0	0.0	0.0	0.44221105527638194	0.42666666666666664	0.17857142857142858	0.3333333333333333	0.0	0.0	0.0	0.0	1.0	1.0	1.0	0.0	0.0	0.0	0.0	0.0	0.0	1.0	0.0	0.0	1.0	0.0	0.0	0.0
S1-925522126	S3-324680426	0	validation	0.0	0.0	0.2162162162162162	0.31999999999999995	0.0	0.0	0.0	0.0	1.0	0.0	0.0	0.0	0.43523316062176165	0.4324324324324324	0.10714285714285714	0.23076923076923078	0.0	0.0	0.0	0.0	1.0	1.0	1.0	0.0	0.0	0.0	0.0	0.0	0.0	1.0	0.0	0.0	1.0	0.0	0.0	0.0
S1-925522126	S3-420867639	0	validation	0.0	0.0	0.09523809523809523	0.0	0.0	0.0	0.0	0.0	0.0	0.0	0.0	0.0	0.49795918367346936	0.5026178010471204	0.11428571428571428	0.2222222222222222	0.0	0.0	0.0	0.0	1.0	1.0	1.0	0.0	0.0	0.0	0.0	0.0	0.0	1.0	0.0	0.0	1.0	0.0	0.0	0.0
S1-925522126	S3-432246393	0	validation	0.0	0.0	0.47457627118644063	0.5454545454545454	0.2857142857142857	0.5	0.0	1.0	1.0	0.0	0.0	0.0	0.43220338983050843	0.39344262295081966	0.08823529411764706	0.16666666666666666	0.0	0.0	0.0	0.0	0.0	1.0	1.0	0.0	0.0	0.0	0.0	0.0	0.0	1.0	0.0	0.0	1.0	0.0	0.0	0.0
S1-925522126	S3-51239254	0	validation	0.0	0.0	0.09677419354838712	0.0	0.0	0.0	0.0	0.0	0.0	0.0	0.0	0.0	0.4585365853658536	0.45569620253164556	0.10344827586206896	0.21428571428571427	0.0	0.0	0.0	0.0	1.0	1.0	1.0	0.0	0.0	0.0	0.0	0.0	0.0	1.0	0.0	0.0	1.0	0.0	0.0	0.0
S1-925522126	S3-646911471	0	validation	0.0	0.0	0.09677419354838712	0.0	0.0	0.0	0.0	0.0	0.0	0.0	0.0	0.0	0.4830508474576271	0.508108108108108	0.09090909090909091	0.16666666666666666	0.0	0.0	0.0	0.0	1.0	1.0	1.0	0.0	0.0	0.0	0.0	0.0	0.0	1.0	0.0	0.0	1.0	0.0	0.0	0.0
S1-925522126	S3-701746061	0	validation	0.0	0.0	0.5161290322580645	0.5652173913043479	0.25	0.5	0.0	1.0	1.0	0.0	0.0	0.0	0.38427947598253276	0.375	0.05714285714285714	0.1111111111111111	0.0	0.0	0.0	0.0	1.0	1.0	1.0	0.0	0.0	0.0	0.0	0.0	0.0	1.0	0.0	0.0	1.0	0.0	0.0	0.0
S1-925522126	S3-750848953	0	validation	0.0	0.0	0.3111111111111111	0.1875	0.0	0.0	0.0	0.0	1.0	0.0	0.0	0.0	0.4042553191489362	0.37142857142857144	0.14285714285714285	0.2857142857142857	0.0	0.16666666666666666	0.0	0.0	1.0	1.0	1.0	0.0	0.0	0.0	0.0	0.0	0.0	1.0	0.0	0.0	1.0	0.0	0.0	0.0
S1-925522126	S3-815202479	0	validation	0.0	0.0	0.32558139534883723	0.32258064516129037	0.0	0.0	0.0	0.0	1.0	0.0	0.0	0.0	0.46	0.46451612903225803	0.11538461538461539	0.2727272727272727	0.0	0.0	0.0	0.0	1.0	1.0	1.0	0.0	0.0	0.0	0.0	0.0	0.0	1.0	0.0	0.0	1.0	0.0	0.0	0.0
S1-925522126	S3-919313618	0	validation	0.0	0.0	0.6122448979591837	0.5142857142857142	0.14285714285714285	0.25	0.0	0.5	1.0	0.0	0.0	0.0	0.42148760330578516	0.4083769633507853	0.08823529411764706	0.16666666666666666	0.0	0.0	0.0	0.0	0.0	1.0	1.0	0.0	0.0	0.0	0.0	0.0	0.0	1.0	0.0	0.0	1.0	0.0	0.0	0.0
S1-925522126	S3-938786917	0	validation	0.0	0.0	0.4814814814814815	0.5128205128205128	0.2857142857142857	0.5	0.0	1.0	1.0	0.0	0.0	0.0	0.4622222222222222	0.4482758620689655	0.12121212121212122	0.2222222222222222	0.0	0.0	0.0	0.0	1.0	1.0	1.0	0.0	0.0	0.0	0.0	0.0	0.0	1.0	0.0	0.0	1.0	0.0	0.0	0.0
S1-925522126	S3-944402781	0	validation	0.0	0.0	0.33333333333333337	0.3448275862068966	0.16666666666666666	0.3333333333333333	0.0	0.5	1.0	0.0	0.0	0.0	0.4018691588785048	0.3928571428571429	0.06896551724137931	0.15384615384615385	0.0	0.0	0.0	0.0	0.0	1.0	1.0	0.0	0.0	0.0	0.0	0.0	0.0	1.0	0.0	0.0	1.0	0.0	0.0	0.0
S1-928536039	S2-169967364	1	validation	0.0	0.0	0.6909090909090909	0.7804878048780488	0.6	0.75	0.6666666666666666	0.5	1.0	0.0	0.0	0.0	0.753968253968254	0.7857142857142857	0.8695652173913043	0.9523809523809523	0.0	0.6	0.0	0.0	1.0	1.0	1.0	0.0	0.0	0.0	0.0	0.0	0.0	2.0	0.0	1.0	1.0	0.0	0.0	0.0
S1-928536039	S2-542058889	1	validation	0.0	0.0	0.5116279069767442	0.32258064516129037	0.0	0.0	0.0	0.0	1.0	0.0	0.0	0.0	0.7301587301587302	0.7551020408163265	0.7916666666666666	0.9047619047619048	0.0	0.6	0.0	0.0	1.0	1.0	1.0	0.0	0.0	0.0	0.0	0.0	0.0	1.0	0.0	0.0	1.0	0.0	0.0	0.0
S1-928536039	S2-151859765	0	validation	0.0	0.0	0.29268292682926833	0.2666666666666667	0.0	0.0	0.0	0.0	1.0	0.0	0.0	0.0	0.5065502183406114	0.5363128491620112	0.2857142857142857	0.5714285714285714	0.0	0.0	0.0	0.0	1.0	1.0	1.0	0.0	0.0	0.0	0.0	0.0	0.0	1.0	0.0	0.0	1.0	0.0	0.0	0.0
S1-928536039	S2-174062910	0	validation	0.0	0.0	0.08823529411764708	0.0	0.0	0.0	0.0	0.0	0.0	0.0	0.0	0.0	0.4621848739495798	0.4731182795698925	0.18181818181818182	0.35294117647058826	0.0	0.16666666666666666	0.0	0.0	1.0	1.0	1.0	0.0	0.0	0.0	0.0	0.0	0.0	1.0	0.0	0.0	1.0	0.0	0.0	0.0
S1-928536039	S2-187057857	0	validation	0.0	0.0	0.2978723404255319	0.23529411764705888	0.0	0.0	0.0	0.0	1.0	0.0	0.0	0.0	0.3728813559322034	0.3804347826086957	0.18181818181818182	0.35294117647058826	0.0	0.16666666666666666	0.0	0.0	0.0	1.0	1.0	0.0	0.0	0.0	0.0	0.0	0.0	1.0	0.0	0.0	1.0	0.0	0.0	0.0
S1-928536039	S2-216805785	0	validation	0.0	0.0	0.36363636363636365	0.33333333333333337	0.0	0.0	0.0	0.0	1.0	0.0	0.0	0.0	0.5225225225225225	0.5549132947976878	0.3333333333333333	0.6428571428571429	0.0	0.0	0.0	0.0	1.0	1.0	1.0	0.0	0.0	0.0	0.0	0.0	0.0	1.0	0.0	0.0	1.0	0.0	0.0	0.0
S1-928536039	S2-291743562	0	validation	0.0	0.0	0.2727272727272727	0.1875	0.0	0.0	0.0	0.0	1.0	0.0	0.0	0.0	0.3793103448275862	0.35955056179775285	0.21875	0.4117647058823529	0.0	0.16666666666666666	0.0	0.0	0.0	1.0	1.0	0.0	0.0	0.0	0.0	0.0	0.0	1.0	0.0	0.0	1.0	0.0	0.0	0.0
S1-928536039	S2-306035291	0	validation	0.0	0.0	0.3188405797101449	0.2592592592592593	0.0	0.0	0.0	0.0	1.0	0.0	0.0	0.0	0.5313653136531366	0.5238095238095238	0.2571428571428571	0.4090909090909091	0.0	0.0	0.0	0.0	1.0	1.0	1.0	0.0	0.0	0.0	0.0	0.0	0.0	1.0	0.0	0.0	1.0	0.0	0.0	0.0
S1-928536039	S2-328316691	0	validation	0.0	0.0	0.38095238095238093	0.36734693877551017	0.14285714285714285	0.25	0.0	0.5	1.0	0.0	0.0	0.0	0.5022421524663677	0.5058823529411764	0.25806451612903225	0.47058823529411764	0.0	0.0	0.0	0.0	1.0	1.0	1.0	0.0	0.0	0.0	0.0	0.0	0.0	1.0	0.0	0.0	1.0	0.0	0.0	0.0
S1-928536039	S2-328387127	0	validation	0.0	0.0	0.42105263157894735	0.38095238095238093	0.14285714285714285	0.25	0.0	0.5	1.0	0.0	0.0	0.0	0.4663677130044843	0.4767441860465116	0.1875	0.375	0.0	0.0	0.0	0.0	1.0	1.0	1.0	0.0	0.0	0.0	0.0	0.0	0.0	1.0	0.0	0.0	1.0	0.0	0.0	0.0
S1-928536039	S2-379073705	0	validation	0.0	0.0	0.4444444444444444	0.5	0.3333333333333333	0.5	0.0	1.0	1.0	0.0	0.0	0.0	0.4621513944223108	0.4455958549222798	0.2222222222222222	0.36363636363636365	0.0	0.0	0.0	0.0	0.0	1.0	1.0	0.0	0.0	0.0	0.0	0.0	0.0	1.0	0.0	0.0	1.0	0.0	0.0	0.0
S1-928536039	S2-549726346	0	validation	0.0	0.0	0.09999999999999998	0.0	0.0	0.0	0.0	0.0	0.0	0.0	0.0	0.0	0.4122807017543859	0.40909090909090906	0.25806451612903225	0.47058823529411764	0.0	0.14285714285714285	0.0	0.0	1.0	1.0	1.0	0.0	0.0	0.0	0.0	0.0	0.0	1.0	0.0	0.0	1.0	0.0	0.0	0.0
S1-928536039	S2-574272810	0	validation	0.0	0.0	0.42105263157894735	0.32558139534883723	0.14285714285714285	0.25	0.0	0.5	1.0	0.0	0.0	0.0	0.3451776649746193	0.34666666666666673	0.21428571428571427	0.5	0.0	0.0	0.0	0.0	1.0	1.0	1.0	0.0	0.0	0.0	0.0	0.0	0.0	1.0	0.0	0.0	1.0	0.0	0.0	0.0
S1-928536039	S2-717762563	0	validation	0.0	0.0	0.24390243902439024	0.2068965517241379	0.0	0.0	0.0	0.0	1.0	0.0	0.0	0.0	0.3571428571428571	0.3793103448275862	0.2	0.42857142857142855	0.0	0.16666666666666666	0.0	0.0	1.0	1.0	1.0	0.0	0.0	0.0	0.0	0.0	0.0	1.0	0.0	0.0	1.0	0.0	0.0	0.0
S1-928536039	S2-72371158	0	validation	0.0	0.0	0.29166666666666663	0.2857142857142857	0.0	0.0	0.0	0.0	1.0	0.0	0.0	0.0	0.2774566473988439	0.28787878787878785	0.037037037037037035	0.16666666666666666	0.0	0.25	0.0	0.0	1.0	1.0	1.0	0.0	0.0	0.0	0.0	0.0	0.0	1.0	0.0	0.0	1.0	0.0	0.0	0.0
S1-928536039	S2-779961610	0	validation	0.0	0.0	0.08823529411764708	0.0	0.0	0.0	0.0	0.0	0.0	0.0	0.0	0.0	0.40800000000000003	0.3917525773195877	0.1388888888888889	0.2631578947368421	0.0	0.0	0.0	0.0	1.0	1.0	1.0	0.0	0.0	0.0	0.0	0.0	0.0	1.0	0.0	0.0	1.0	0.0	0.0	0.0
S1-928536039	S2-876694721	0	validation	0.0	0.0	0.3728813559322034	0.3111111111111111	0.14285714285714285	0.25	0.0	0.5	1.0	0.0	0.0	0.0	0.371900826446281	0.36363636363636365	0.07692307692307693	0.15	0.0	0.0	0.0	0.0	1.0	1.0	1.0	0.0	0.0	0.0	0.0	0.0	0.0	1.0	0.0	0.0	1.0	0.0	0.0	0.0
S1-928536039	S2-893901987	0	validation	0.0	0.0	0.08571428571428574	0.0	0.0	0.0	0.0	0.0	0.0	0.0	0.0	0.0	0.32608695652173914	0.3356643356643356	0.037037037037037035	0.16666666666666666	0.0	0.0	0.0	0.0	1.0	1.0	1.0	0.0	0.0	0.0	0.0	0.0	0.0	1.0	0.0	0.0	1.0	0.0	0.0	0.0
S1-928536039	S2-954686176	0	validation	0.0	0.0	0.4615384615384615	0.5263157894736843	0.3333333333333333	0.5	0.0	1.0	1.0	0.0	0.0	0.0	0.3577981651376147	0.35502958579881666	0.125	0.2857142857142857	0.0	0.0	0.0	0.0	1.0	1.0	1.0	0.0	0.0	0.0	0.0	0.0	0.0	1.0	0.0	0.0	1.0	0.0	0.0	0.0
S1-928536039	S3-175981900	0	validation	0.0	0.0	0.43999999999999995	0.5	0.3333333333333333	0.5	0.0	1.0	1.0	0.0	0.0	0.0	0.34224598930481287	0.34042553191489366	0.13793103448275862	0.36363636363636365	0.0	0.0	0.0	0.0	1.0	1.0	1.0	0.0	0.0	0.0	0.0	0.0	0.0	1.0	0.0	0.0	1.0	0.0	0.0	0.0
S1-928536039	S3-18968911	0	validation	0.0	0.0	0.42553191489361697	0.4705882352941176	0.16666666666666666	0.3333333333333333	0.0	0.5	1.0	0.0	0.0	0.0	0.45714285714285713	0.4397905759162304	0.14285714285714285	0.2777777777777778	0.0	0.0	0.0	0.0	0.0	1.0	1.0	0.0	0.0	0.0	0.0	0.0	0.0	1.0	0.0	0.0	1.0	0.0	0.0	0.0
S1-928536039	S3-238315424	0	validation	0.0	0.0	0.3846153846153846	0.3076923076923077	0.0	0.0	0.0	0.0	1.0	0.0	0.0	0.0	0.5476190476190477	0.538860103626943	0.16216216216216217	0.2857142857142857	0.0	0.0	0.0	0.0	1.0	1.0	1.0	0.0	0.0	0.0	0.0	0.0	0.0	1.0	0.0	0.0	1.0	0.0	0.0	0.0
S1-928536039	S3-392378073	0	validation	0.0	0.0	0.36734693877551017	0.38888888888888884	0.16666666666666666	0.3333333333333333	0.0	0.5	1.0	0.0	0.0	0.0	0.3937823834196891	0.4	0.21428571428571427	0.5	0.0	0.0	0.0	0.0	1.0	1.0	1.0	0.0	0.0	0.0	0.0	0.0	0.0	1.0	0.0	0.0	1.0	0.0	0.0	0.0
S1-928536039	S3-447695330	0	validation	0.0	0.0	0.36	0.32432432432432434	0.0	0.0	0.0	0.0	1.0	0.0	0.0	0.0	0.3510204081632653	0.33160621761658027	0.05405405405405406	0.11764705882352941	0.0	0.0	0.0	0.0	1.0	1.0	1.0	0.0	0.0	0.0	0.0	0.0	0.0	1.0	0.0	0.0	1.0	0.0	0.0	0.0
S1-928536039	S3-506725400	0	validation	0.0	0.0	0.2790697674418605	0.3125	0.0	0.0	0.0	0.0	1.0	0.0	0.0	0.0	0.38541666666666663	0.410958904109589	0.17857142857142858	0.45454545454545453	0.0	0.0	0.0	0.0	1.0	1.0	1.0	0.0	0.0	0.0	0.0	0.0	0.0	1.0	0.0	0.0	1.0	0.0	0.0	0.0
S1-928536039	S3-533769679	0	validation	0.0	0.0	0.4761904761904761	0.5416666666666667	0.2857142857142857	0.5	0.0	1.0	1.0	0.0	0.0	0.0	0.35652173913043483	0.3555555555555555	0.15625	0.3333333333333333	0.0	0.2	0.0	0.0	1.0	1.0	1.0	0.0	0.0	0.0	0.0	0.0	0.0	1.0	0.0	0.0	1.0	0.0	0.0	0.0
S1-928536039	S3-576645087	0	validation	0.0	0.0	0.10344827586206895	0.0	0.0	0.0	0.0	0.0	0.0	0.0	0.0	0.0	0.31000000000000005	0.3157894736842105	0.09375	0.23076923076923078	0.0	0.16666666666666666	0.0	0.0	1.0	1.0	1.0	0.0	0.0	0.0	0.0	0.0	0.0	1.0	0.0	0.0	1.0	0.0	0.0	0.0
S1-928536039	S3-587008582	0	validation	0.0	0.0	0.49056603773584906	0.5128205128205128	0.3333333333333333	0.5	0.0	1.0	1.0	0.0	0.0	0.0	0.47509578544061304	0.48756218905472637	0.3142857142857143	0.5	0.0	0.0	0.0	0.0	1.0	1.0	1.0	0.0	0.0	0.0	0.0	0.0	0.0	1.0	0.0	0.0	1.0	0.0	0.0	0.0
S1-928536039	S3-604854206	0	validation	0.0	0.0	0.2978723404255319	0.3529411764705882	0.16666666666666666	0.3333333333333333	0.0	0.5	1.0	0.0	0.0	0.0	0.5679012345679013	0.5925925925925926	0.21875	0.4117647058823529	0.0	0.0	0.0	0.0	1.0	1.0	1.0	0.0	0.0	0.0	0.0	0.0	0.0	1.0	0.0	0.0	1.0	0.0	0.0	0.0
S1-928536039	S3-608340612	0	validation	0.0	0.0	0.48888888888888893	0.6060606060606061	0.2	0.5	0.3333333333333333	0.0	1.0	0.0	0.0	0.0	0.29441624365482233	0.2702702702702703	0.09090909090909091	0.21428571428571427	0.0	0.16666666666666666	1.0	0.0	1.0	1.0	1.0	0.0	0.0	0.0	0.0	0.0	0.0	1.0	0.0	1.0	0.0	0.0	0.0	0.0
S1-928536039	S3-668592849	0	validation	0.0	0.0	0.45614035087719296	0.41860465116279066	0.14285714285714285	0.25	0.0	0.5	1.0	0.0	0.0	0.0	0.4721030042918455	0.4545454545454546	0.23529411764705882	0.4	0.0	0.0	0.0	0.0	1.0	1.0	1.0	0.0	0.0	0.0	0.0	0.0	0.0	1.0	0.0	0.0	1.0	0.0	0.0	0.0
S1-928536039	S3-735631667	0	validation	0.0	0.0	0.3157894736842105	0.2790697674418605	0.0	0.0	0.0	0.0	1.0	0.0	0.0	0.0	0.4260869565217391	0.4180790960451978	0.21875	0.4117647058823529	0.0	0.0	0.0	0.0	1.0	1.0	1.0	0.0	0.0	0.0	0.0	0.0	0.0	1.0	0.0	0.0	1.0	0.0	0.0	0.0
S1-932066471	S2-24130336	1	train	0.0	0.0	0.6938775510204082	0.6976744186046511	0.6	0.75	0.5	1.0	1.0	0.0	1.0	1.0	0.9295774647887324	1.0	1.0	1.0	0.0	1.0	1.0	1.0	1.0	1.0	1.0	0.0	0.0	0.0	0.0	0.0	0.0	3.0	0.0	1.0	1.0	1.0	0.0	0.0
S1-932066471	S3-277324353	1	train	1.0	1.0	1.0	1.0	1.0	1.0	1.0	1.0	1.0	0.0	0.0	0.0	0.7951807228915662	0.8405797101449275	0.5714285714285714	0.8	0.0	1.0	1.0	1.0	1.0	1.0	1.0	0.0	0.0	0.0	0.0	0.0	0.0	4.0	1.0	1.0	1.0	1.0	0.0	0.0
S1-932066471	S3-569439548	1	train	1.0	1.0	1.0	1.0	1.0	1.0	1.0	1.0	1.0	0.0	0.0	0.0	0.7951807228915662	0.8405797101449275	0.5714285714285714	0.8	0.0	1.0	1.0	1.0	1.0	1.0	1.0	0.0	0.0	0.0	0.0	0.0	0.0	4.0	1.0	1.0	1.0	1.0	0.0	0.0
S1-932066471	S2-171260233	0	train	0.0	0.0	0.6190476190476191	0.5945945945945945	0.4	0.6666666666666666	0.25	1.0	1.0	0.0	0.0	0.0	0.48	0.5084745762711864	0.08333333333333333	0.2	0.0	0.0	0.0	0.0	1.0	1.0	1.0	0.0	0.0	0.0	0.0	0.0	0.0	1.0	0.0	1.0	0.0	0.0	0.0	0.0
S1-932066471	S2-238369076	0	train	0.0	0.0	0.4897959183673469	0.4761904761904761	0.2857142857142857	0.5	0.16666666666666666	1.0	1.0	0.0	0.0	0.0	0.3835616438356164	0.3448275862068966	0.09090909090909091	0.2	0.0	0.0	0.0	0.0	1.0	1.0	1.0	0.0	0.0	0.0	0.0	0.0	0.0	1.0	0.0	1.0	0.0	0.0	0.0	0.0
S1-932066471	S2-371690489	0	train	0.0	0.0	0.41025641025641024	0.4	0.2	0.5	0.25	0.0	1.0	0.0	0.0	0.0	0.2857142857142857	0.26865671641791045	0.0	0.0	0.0	0.0	0.0	0.0	1.0	1.0	0.0	0.0	0.0	0.0	0.0	0.0	0.0	1.0	0.0	1.0	0.0	0.0	0.0	0.0
S1-932066471	S2-451352549	0	train	0.0	0.0	0.375	0.3783783783783784	0.1111111111111111	0.25	0.125	0.0	1.0	0.0	0.0	0.0	0.3529411764705882	0.2909090909090909	0.0	0.0	0.0	0.0	0.0	0.0	1.0	1.0	1.0	0.0	0.0	0.0	0.0	0.0	0.0	1.0	0.0	1.0	0.0	0.0	0.0	0.0
S1-932066471	S2-494592366	0	train	0.0	0.0	0.4838709677419355	0.47272727272727283	0.125	0.25	0.16666666666666666	0.0	1.0	0.0	0.0	0.0	0.345679012345679	0.35820895522388063	0.1	0.2	0.0	0.0	0.0	0.0	1.0	1.0	1.0	0.0	0.0	0.0	0.0	0.0	0.0	1.0	0.0	1.0	0.0	0.0	0.0	0.0
S1-932066471	S2-679034086	0	train	0.0	0.0	0.4390243902439024	0.4444444444444444	0.16666666666666666	0.3333333333333333	0.25	0.0	1.0	0.0	0.0	0.0	0.3373493975903614	0.303030303030303	0.07692307692307693	0.2	0.0	0.0	0.0	0.0	1.0	1.0	1.0	0.0	0.0	0.0	0.0	0.0	0.0	1.0	0.0	1.0	0.0	0.0	0.0	0.0
S1-932066471	S2-725151862	0	train	0.0	0.0	0.4	0.40909090909090906	0.14285714285714285	0.25	0.2	0.0	1.0	0.0	0.0	0.0	0.4516129032258065	0.40816326530612246	0.0	0.0	0.0	0.0	0.0	0.0	1.0	1.0	1.0	0.0	0.0	0.0	0.0	0.0	0.0	1.0	0.0	1.0	0.0	0.0	0.0	0.0
S1-932066471	S2-729717595	0	train	0.0	0.0	0.4	0.4	0.16666666666666666	0.3333333333333333	0.2	0.0	1.0	0.0	0.0	0.0	0.28915662650602414	0.2727272727272727	0.0	0.0	0.0	0.0	0.0	0.0	1.0	1.0	0.0	0.0	0.0	0.0	0.0	0.0	0.0	1.0	0.0	1.0	0.0	0.0	0.0	0.0
S1-932066471	S2-851564828	0	train	0.0	0.0	0.4761904761904761	0.38888888888888884	0.14285714285714285	0.25	0.2	0.0	1.0	0.0	0.0	0.0	0.25196850393700787	0.23636363636363633	0.0	0.0	0.0	0.0	0.0	0.0	1.0	1.0	0.0	0.0	0.0	0.0	0.0	0.0	0.0	1.0	0.0	1.0	0.0	0.0	0.0	0.0
S1-932066471	S3-177825021	0	train	0.0	0.0	0.4516129032258065	0.4444444444444444	0.2	0.5	0.3333333333333333	0.0	1.0	0.0	0.0	0.0	0.33009708737864074	0.3132530120481928	0.0	0.0	0.0	0.0	0.0	0.0	0.0	1.0	0.0	0.0	0.0	0.0	0.0	0.0	0.0	1.0	0.0	1.0	0.0	0.0	0.0	0.0
S1-932066471	S3-180130147	0	train	0.0	0.0	0.3157894736842105	0.2941176470588235	0.0	0.0	0.0	0.0	1.0	0.0	0.0	0.0	0.3098591549295775	0.3448275862068966	0.1111111111111111	0.2	0.0	1.0	1.0	0.0	1.0	1.0	1.0	0.0	0.0	0.0	0.0	0.0	0.0	2.0	0.0	0.0	1.0	1.0	0.0	0.0
S1-932066471	S3-202171035	0	train	0.0	0.0	0.56	0.5	0.3333333333333333	0.5	0.2	1.0	1.0	0.0	0.0	0.0	0.2647058823529411	0.2545454545454545	0.0	0.0	0.0	0.0	0.0	0.0	1.0	1.0	1.0	0.0	0.0	0.0	0.0	0.0	0.0	1.0	0.0	1.0	0.0	0.0	0.0	0.0
S1-932066471	S3-209382053	0	train	0.0	0.0	0.3589743589743589	0.34285714285714286	0.0	0.0	0.0	0.0	1.0	0.0	0.0	0.0	0.5365853658536586	0.5757575757575757	0.08333333333333333	0.2	0.0	0.0	0.0	0.0	1.0	1.0	1.0	0.0	0.0	0.0	0.0	0.0	0.0	1.0	0.0	0.0	1.0	0.0	0.0	0.0
S1-932066471	S3-257772091	0	train	0.0	0.0	0.5641025641025641	0.5294117647058824	0.4	0.6666666666666666	0.25	1.0	1.0	0.0	0.0	0.0	0.3835616438356164	0.33333333333333337	0.0	0.0	0.0	0.0	0.0	0.0	1.0	1.0	1.0	0.0	0.0	0.0	0.0	0.0	0.0	1.0	0.0	1.0	0.0	0.0	0.0	0.0
S1-932066471	S3-280480675	0	train	0.0	0.0	0.4074074074074075	0.3829787234042554	0.125	0.25	0.14285714285714285	0.0	1.0	0.0	0.0	0.0	0.3661971830985915	0.41379310344827597	0.0	0.0	0.0	0.0	0.0	0.0	1.0	1.0	1.0	0.0	0.0	0.0	0.0	0.0	0.0	1.0	0.0	1.0	0.0	0.0	0.0	0.0
S1-932066471	S3-300815575	0	train	0.0	0.0	0.38596491228070173	0.375	0.1	0.25	0.1111111111111111	0.0	1.0	0.0	0.0	0.0	0.2777777777777778	0.24137931034482762	0.1	0.2	0.0	0.0	0.0	0.0	1.0	1.0	1.0	0.0	0.0	0.0	0.0	0.0	0.0	1.0	0.0	1.0	0.0	0.0	0.0	0.0
S1-932066471	S3-316005548	0	train	0.0	0.0	0.3846153846153846	0.3555555555555555	0.14285714285714285	0.25	0.16666666666666666	0.0	1.0	0.0	0.0	0.0	0.23129251700680276	0.23333333333333328	0.0	0.0	0.0	0.0	0.0	0.0	0.0	1.0	0.0	0.0	0.0	0.0	0.0	0.0	0.0	1.0	0.0	1.0	0.0	0.0	0.0	0.0
S1-932066471	S3-32644873	0	train	0.0	0.0	0.5714285714285714	0.5405405405405406	0.4	0.6666666666666666	0.25	1.0	1.0	0.0	0.0	0.0	0.40506329113924056	0.34375	0.09090909090909091	0.2	0.0	0.0	0.0	0.0	1.0	1.0	1.0	0.0	0.0	0.0	0.0	0.0	0.0	1.0	0.0	1.0	0.0	0.0	0.0	0.0
S1-932066471	S3-395141039	0	train	0.0	0.0	0.40816326530612246	0.4390243902439024	0.125	0.25	0.14285714285714285	0.0	1.0	0.0	0.0	0.0	0.31818181818181823	0.3055555555555556	0.0	0.0	0.0	0.0	0.0	0.0	1.0	1.0	1.0	0.0	0.0	0.0	0.0	0.0	0.0	1.0	0.0	1.0	0.0	0.0	0.0	0.0
S1-932066471	S3-395428663	0	train	0.0	0.0	0.44999999999999996	0.4	0.4	0.6666666666666666	0.25	1.0	1.0	0.0	0.0	0.0	0.40540540540540543	0.3666666666666667	0.0	0.0	0.0	0.0	0.0	0.0	1.0	1.0	1.0	0.0	0.0	0.0	0.0	0.0	0.0	1.0	0.0	1.0	0.0	0.0	0.0	0.0
S1-932066471	S3-417122469	0	train	0.0	0.0	0.4	0.41025641025641024	0.14285714285714285	0.25	0.25	0.0	1.0	0.0	0.0	0.0	0.3116883116883117	0.2857142857142857	0.0	0.0	0.0	0.0	0.0	0.0	1.0	1.0	0.0	0.0	0.0	0.0	0.0	0.0	0.0	1.0	0.0	1.0	0.0	0.0	0.0	0.0
S1-932066471	S3-513282392	0	train	0.0	0.0	0.368421052631579	0.3529411764705882	0.2	0.5	0.25	0.0	1.0	0.0	0.0	0.0	0.2947368421052632	0.3013698630136986	0.0	0.0	0.0	0.0	0.0	0.0	1.0	1.0	0.0	0.0	0.0	0.0	0.0	0.0	0.0	1.0	0.0	1.0	0.0	0.0	0.0	0.0
S1-932066471	S3-602128765	0	train	0.0	0.0	0.6153846153846154	0.6086956521739131	0.3333333333333333	0.5	0.2	1.0	1.0	0.0	0.0	0.0	0.31707317073170727	0.29850746268656714	0.0	0.0	0.0	0.0	0.0	0.0	1.0	1.0	1.0	0.0	0.0	0.0	0.0	0.0	0.0	1.0	0.0	1.0	0.0	0.0	0.0	0.0
S1-932066471	S3-606785059	0	train	0.0	0.0	0.34615384615384615	0.34782608695652173	0.14285714285714285	0.25	0.16666666666666666	0.0	1.0	0.0	0.0	0.0	0.28099173553719003	0.2857142857142857	0.0	0.0	0.0	0.0	0.0	0.0	1.0	1.0	0.0	0.0	0.0	0.0	0.0	0.0	0.0	1.0	0.0	1.0	0.0	0.0	0.0	0.0
S1-932066471	S3-614525594	0	train	0.0	0.0	0.4666666666666666	0.5185185185185186	0.25	1.0	0.3333333333333333	0.0	1.0	0.0	0.0	0.0	0.3768115942028986	0.32727272727272727	0.0	0.0	0.0	0.0	0.0	0.0	1.0	1.0	1.0	0.0	0.0	0.0	0.0	0.0	0.0	1.0	0.0	1.0	0.0	0.0	0.0	0.0
S1-932066471	S3-748394890	0	train	0.0	0.0	0.5384615384615384	0.48888888888888893	0.125	0.25	0.2	0.0	1.0	0.0	0.0	0.0	0.32835820895522383	0.2692307692307693	0.0	0.0	0.0	0.0	0.0	0.0	1.0	1.0	0.0	0.0	0.0	0.0	0.0	0.0	0.0	1.0	0.0	1.0	0.0	0.0	0.0	0.0
S1-932066471	S3-840613189	0	train	0.0	0.0	0.41666666666666663	0.38095238095238093	0.14285714285714285	0.25	0.25	0.0	1.0	0.0	0.0	0.0	0.3142857142857143	0.3214285714285714	0.0	0.0	0.0	0.0	0.0	0.0	1.0	1.0	0.0	0.0	0.0	0.0	0.0	0.0	0.0	1.0	0.0	1.0	0.0	0.0	0.0	0.0
S1-932066471	S3-915557539	0	train	0.0	0.0	0.40909090909090906	0.41025641025641024	0.16666666666666666	0.3333333333333333	0.2	0.0	1.0	0.0	0.0	0.0	0.3188405797101449	0.25	0.0	0.0	0.0	0.0	0.0	0.0	1.0	1.0	1.0	0.0	0.0	0.0	0.0	0.0	0.0	1.0	0.0	1.0	0.0	0.0	0.0	0.0
S1-932066471	S3-944280760	0	train	0.0	0.0	0.4	0.368421052631579	0.125	0.25	0.2	0.0	1.0	0.0	0.0	0.0	0.2518518518518519	0.25225225225225223	0.0	0.0	0.0	0.0	0.0	0.0	1.0	1.0	0.0	0.0	0.0	0.0	0.0	0.0	0.0	1.0	0.0	1.0	0.0	0.0	0.0	0.0
S1-932066471	S3-98374904	0	train	0.0	0.0	0.65	0.6285714285714286	0.16666666666666666	0.3333333333333333	0.2	0.0	1.0	0.0	0.0	0.0	0.3846153846153846	0.36923076923076925	0.0	0.0	0.0	0.0	0.0	0.0	1.0	1.0	1.0	0.0	0.0	0.0	0.0	0.0	0.0	1.0	0.0	1.0	0.0	0.0	0.0	0.0
